snapshot_date,level,name,n_msp_total,n_ul,n_ip,workers_total,workers_ul_micro,workers_ul_small,workers_ul_medium,workers_ip_total
2016-08-01,RF,Российская Федерация,5523765,2594355,2929410,,,,,
2016-08-01,FO,Центральный федеральный округ,1636987,899171,737816,,,,,
2016-08-01,region,Белгородская область,59023,19955,39068,,,,,
2016-08-01,region,Брянская область,39986,12696,27290,,,,,
2016-08-01,region,Владимирская область,51648,18670,32978,,,,,
2016-08-01,region,Воронежская область,80650,35269,45381,,,,,
2016-08-01,region,Ивановская область,39757,19333,20424,,,,,
2016-08-01,region,Калужская область,38398,13896,24502,,,,,
2016-08-01,region,Костромская область,24263,9363,14900,,,,,
2016-08-01,region,Курская область,34699,11199,23500,,,,,
2016-08-01,region,Липецкая область,37394,13285,24109,,,,,
2016-08-01,region,Московская область,276102,120688,155414,,,,,
2016-08-01,region,Орловская область,25199,8673,16526,,,,,
2016-08-01,region,Рязанская область,39796,17730,22066,,,,,
2016-08-01,region,Смоленская область,35602,15933,19669,,,,,
2016-08-01,region,Тамбовская область,30509,10248,20261,,,,,
2016-08-01,region,Тверская область,44761,20178,24583,,,,,
2016-08-01,region,Тульская область,52476,20929,31547,,,,,
2016-08-01,region,Ярославская область,51879,26988,24891,,,,,
2016-08-01,region,г.Москва,674845,504138,170707,,,,,
2016-08-01,FO,Северо-Западный федеральный округ,629902,357442,272460,,,,,
2016-08-01,region,Республика Карелия,24813,12126,12687,,,,,
2016-08-01,region,Республика Коми,30072,11384,18688,,,,,
2016-08-01,region,Архангельская область,37828,13212,24616,,,,,
2016-08-01,region,Вологодская область,48765,23801,24964,,,,,
2016-08-01,region,Калининградская область,55361,31681,23680,,,,,
2016-08-01,region,Ленинградская область,49165,16502,32663,,,,,
2016-08-01,region,Мурманская область,25884,11423,14461,,,,,
2016-08-01,region,Новгородская область,20869,7752,13117,,,,,
2016-08-01,region,Псковская область,20662,8940,11722,,,,,
2016-08-01,region,г.Санкт-Петербург,316483,220621,95862,,,,,
2016-08-01,FO,Южный федеральный округ,569388,172704,396684,,,,,
2016-08-01,region,Республика Адыгея (Адыгея),16094,3655,12439,,,,,
2016-08-01,region,Республика Калмыкия,8667,1508,7159,,,,,
2016-08-01,region,Краснодарский край,267092,76905,190187,,,,,
2016-08-01,region,Астраханская область,32251,9817,22434,,,,,
2016-08-01,region,Волгоградская область,79473,29284,50189,,,,,
2016-08-01,region,Ростовская область,165811,51535,114276,,,,,
2016-08-01,FO,Северо-Кавказский федеральный округ,188631,43956,144675,,,,,
2016-08-01,region,Республика Дагестан,29730,4861,24869,,,,,
2016-08-01,region,Республика Ингушетия,2955,1273,1682,,,,,
2016-08-01,region,Кабардино-Балкарская Республика,19339,4458,14881,,,,,
2016-08-01,region,Карачаево-Черкесская Республика,10770,2301,8469,,,,,
2016-08-01,region,Республика Северная Осетия - Алания,14756,3504,11252,,,,,
2016-08-01,region,Чеченская Республика,13213,2480,10733,,,,,
2016-08-01,region,Ставропольский край,97868,25079,72789,,,,,
2016-08-01,FO,Приволжский федеральный округ,1016076,458048,558028,,,,,
2016-08-01,region,Республика Башкортостан,117613,48405,69208,,,,,
2016-08-01,region,Республика Марий Эл,20789,9351,11438,,,,,
2016-08-01,region,Республика Мордовия,20860,6699,14161,,,,,
2016-08-01,region,Республика Татарстан (Татарстан),148133,73340,74793,,,,,
2016-08-01,region,Удмуртская Республика,54608,25173,29435,,,,,
2016-08-01,region,Чувашская Республика - Чувашия,43920,15414,28506,,,,,
2016-08-01,region,Кировская область,51114,22484,28630,,,,,
2016-08-01,region,Нижегородская область,126362,63019,63343,,,,,
2016-08-01,region,Оренбургская область,57347,20399,36948,,,,,
2016-08-01,region,Пензенская область,45547,15179,30368,,,,,
2016-08-01,region,Пермский край,101816,49294,52522,,,,,
2016-08-01,region,Самарская область,116791,64760,52031,,,,,
2016-08-01,region,Саратовская область,70246,27046,43200,,,,,
2016-08-01,region,Ульяновская область,40930,17485,23445,,,,,
2016-08-01,FO,Уральский федеральный округ,482238,233439,248799,,,,,
2016-08-01,region,Курганская область,21709,7629,14080,,,,,
2016-08-01,region,Свердловская область,188661,100293,88368,,,,,
2016-08-01,region,Тюменская область,59481,31218,28263,,,,,
2016-08-01,region,Челябинская область,135333,66865,68468,,,,,
2016-08-01,region,Ханты-Мансийский автономный округ - Югра,59047,22116,36931,,,,,
2016-08-01,region,Ямало-Ненецкий автономный округ,18007,5318,12689,,,,,
2016-08-01,FO,Сибирский федеральный округ,653465,299308,354157,,,,,
2016-08-01,region,Республика Бурятия,26856,9986,16870,,,,,
2016-08-01,region,Республика Алтай,6239,360,5879,,,,,
2016-08-01,region,Республика Тыва,6564,965,5599,,,,,
2016-08-01,region,Республика Хакасия,18120,5501,12619,,,,,
2016-08-01,region,Алтайский край,75237,31867,43370,,,,,
2016-08-01,region,Красноярский край,102150,47753,54397,,,,,
2016-08-01,region,Иркутская область,82908,37321,45587,,,,,
2016-08-01,region,Кемеровская область,70586,30675,39911,,,,,
2016-08-01,region,Новосибирская область,131522,77388,54134,,,,,
2016-08-01,region,Омская область,65657,28952,36705,,,,,
2016-08-01,region,Томская область,41668,20717,20951,,,,,
2016-08-01,region,Забайкальский край,25958,7823,18135,,,,,
2016-08-01,FO,Дальневосточный федеральный округ,245699,104242,141457,,,,,
2016-08-01,region,Республика Саха (Якутия),38072,10414,27658,,,,,
2016-08-01,region,Приморский край,84268,41208,43060,,,,,
2016-08-01,region,Хабаровский край,50413,26478,23935,,,,,
2016-08-01,region,Амурская область,26346,9533,16813,,,,,
2016-08-01,region,Камчатский край,14847,5613,9234,,,,,
2016-08-01,region,Магаданская область,4041,819,3222,,,,,
2016-08-01,region,Сахалинская область,22193,8526,13667,,,,,
2016-08-01,region,Еврейская автономная область,4218,1289,2929,,,,,
2016-08-01,region,Чукотский автономный округ,1301,362,939,,,,,
2016-08-01,FO,Крымский федеральный округ,101379,26045,75334,,,,,
2016-08-01,region,Республика Крым,79401,19290,60111,,,,,
2016-08-01,region,г.Севастополь,21978,6755,15223,,,,,
2017-01-10,RF,Российская Федерация,5865780,2816794,3048986,15855749.0,4945176.0,6575528.0,1918904.0,2416141.0
2017-01-10,FO,Центральный федеральный округ,1771841,985980,785861,4950214.0,1675949.0,2091772.0,636773.0,545720.0
2017-01-10,region,Белгородская область,62056,21838,40218,147045.0,36442.0,58386.0,23380.0,28837.0
2017-01-10,region,Брянская область,41061,13228,27833,107322.0,29286.0,48933.0,12435.0,16668.0
2017-01-10,region,Владимирская область,53607,19827,33780,160150.0,43156.0,67657.0,17634.0,31703.0
2017-01-10,region,Воронежская область,85480,38142,47338,247490.0,62771.0,109346.0,31657.0,43716.0
2017-01-10,region,Ивановская область,42391,21107,21284,131795.0,34472.0,59742.0,9196.0,28385.0
2017-01-10,region,Калужская область,40618,14842,25776,117268.0,30168.0,54933.0,13556.0,18611.0
2017-01-10,region,Костромская область,25181,9960,15221,87989.0,20166.0,35375.0,6291.0,26157.0
2017-01-10,region,Курская область,36291,12204,24087,98334.0,23041.0,40123.0,10195.0,24975.0
2017-01-10,region,Липецкая область,39314,14283,25031,100187.0,26977.0,44095.0,12924.0,16191.0
2017-01-10,region,Московская область,297342,130262,167080,796065.0,264057.0,329979.0,110957.0,91072.0
2017-01-10,region,Орловская область,26065,9155,16910,77425.0,18882.0,31180.0,10951.0,16412.0
2017-01-10,region,Рязанская область,41846,19075,22771,135500.0,35015.0,60802.0,13875.0,25808.0
2017-01-10,region,Смоленская область,37627,17041,20586,112106.0,28425.0,47785.0,14126.0,21770.0
2017-01-10,region,Тамбовская область,31490,10943,20547,83601.0,20801.0,34622.0,10657.0,17521.0
2017-01-10,region,Тверская область,46857,21437,25420,150309.0,42600.0,65993.0,15267.0,26449.0
2017-01-10,region,Тульская область,54548,22118,32430,143264.0,41353.0,60481.0,17173.0,24257.0
2017-01-10,region,Ярославская область,55108,29310,25798,158012.0,47172.0,67505.0,18067.0,25268.0
2017-01-10,region,г.Москва,754959,561208,193751,2096352.0,871165.0,874835.0,288432.0,61920.0
2017-01-10,FO,Северо-Западный федеральный округ,673351,385584,287767,1906491.0,680290.0,814941.0,206145.0,205115.0
2017-01-10,region,Республика Карелия,26256,13285,12971,65662.0,22239.0,30731.0,4601.0,8091.0
2017-01-10,region,Республика Коми,31017,12042,18975,92639.0,23786.0,37395.0,11602.0,19856.0
2017-01-10,region,Архангельская область,39608,14383,25225,118024.0,26685.0,49459.0,11336.0,30544.0
2017-01-10,region,Вологодская область,52598,26888,25710,138970.0,34499.0,61682.0,16351.0,26438.0
2017-01-10,region,Калининградская область,57845,33067,24778,147511.0,57648.0,60570.0,7446.0,21847.0
2017-01-10,region,Ленинградская область,52280,17494,34786,143452.0,39433.0,59052.0,20157.0,24810.0
2017-01-10,region,Мурманская область,27350,12281,15069,64337.0,21798.0,27973.0,5518.0,9048.0
2017-01-10,region,Новгородская область,21599,8148,13451,61223.0,15916.0,28271.0,6652.0,10384.0
2017-01-10,region,Псковская область,21900,9674,12226,67680.0,20407.0,30835.0,7360.0,9078.0
2017-01-10,region,г.Санкт-Петербург,342898,238322,104576,1006993.0,417879.0,428973.0,115122.0,45019.0
2017-01-10,FO,Южный федеральный округ,692589,213886,478703,1499494.0,435594.0,550744.0,163292.0,349864.0
2017-01-10,region,Республика Адыгея (Адыгея),16488,3803,12685,33128.0,8803.0,12960.0,4522.0,6843.0
2017-01-10,region,Республика Калмыкия,9444,2073,7371,14096.0,3667.0,5226.0,1557.0,3646.0
2017-01-10,region,Краснодарский край,273962,82558,191404,560848.0,162165.0,205238.0,63980.0,129465.0
2017-01-10,region,Астраханская область,33103,10367,22736,83985.0,21708.0,31461.0,6403.0,24413.0
2017-01-10,region,Волгоградская область,81908,30601,51307,210559.0,61958.0,85084.0,24320.0,39197.0
2017-01-10,region,Ростовская область,172310,54918,117392,419798.0,121085.0,157522.0,44017.0,97174.0
2017-01-10,region,Республика Крым,82204,21924,60280,138687.0,42150.0,40562.0,16049.0,39926.0
2017-01-10,region,г.Севастополь,23170,7642,15528,38393.0,14058.0,12691.0,2444.0,9200.0
2017-01-10,FO,Северо-Кавказский федеральный округ,198867,47326,151541,340582.0,94422.0,129744.0,42511.0,73905.0
2017-01-10,region,Республика Дагестан,33448,5791,27657,31531.0,9809.0,16005.0,3061.0,2656.0
2017-01-10,region,Республика Ингушетия,3163,1429,1734,3631.0,1822.0,1388.0,270.0,151.0
2017-01-10,region,Кабардино-Балкарская Республика,20273,4897,15376,30869.0,9609.0,12076.0,5076.0,4108.0
2017-01-10,region,Карачаево-Черкесская Республика,11163,2427,8736,14923.0,4921.0,4808.0,1822.0,3372.0
2017-01-10,region,Республика Северная Осетия - Алания,15323,3768,11555,24727.0,8152.0,10886.0,2722.0,2967.0
2017-01-10,region,Чеченская Республика,14997,2736,12261,10183.0,3266.0,4337.0,1212.0,1368.0
2017-01-10,region,Ставропольский край,100500,26278,74222,224718.0,56843.0,80244.0,28348.0,59283.0
2017-01-10,FO,Приволжский федеральный округ,1068590,494041,574549,3205164.0,882890.0,1372114.0,401996.0,548164.0
2017-01-10,region,Республика Башкортостан,124103,52172,71931,349202.0,91643.0,147344.0,49579.0,60636.0
2017-01-10,region,Республика Марий Эл,21816,10090,11726,70595.0,18892.0,32474.0,6898.0,12331.0
2017-01-10,region,Республика Мордовия,21377,7152,14225,75784.0,14793.0,33759.0,10189.0,17043.0
2017-01-10,region,Республика Татарстан (Татарстан),155908,78528,77380,448115.0,130532.0,192702.0,60163.0,64718.0
2017-01-10,region,Удмуртская Республика,57143,26810,30333,181306.0,42312.0,81297.0,29762.0,27935.0
2017-01-10,region,Чувашская Республика - Чувашия,45746,16548,29198,125139.0,33308.0,56654.0,15281.0,19896.0
2017-01-10,region,Кировская область,53512,24565,28947,167035.0,41105.0,70201.0,19791.0,35938.0
2017-01-10,region,Нижегородская область,132795,67784,65011,413097.0,116029.0,182354.0,50353.0,64361.0
2017-01-10,region,Оренбургская область,59678,21874,37804,170586.0,41650.0,74554.0,23874.0,30508.0
2017-01-10,region,Пензенская область,46798,16171,30627,134618.0,32237.0,51505.0,10733.0,40143.0
2017-01-10,region,Пермский край,108860,54237,54623,320630.0,85458.0,126551.0,40435.0,68186.0
2017-01-10,region,Самарская область,124199,69825,54374,386951.0,135339.0,172203.0,46472.0,32937.0
2017-01-10,region,Саратовская область,73688,29324,44364,236037.0,65017.0,95744.0,24509.0,50767.0
2017-01-10,region,Ульяновская область,42967,18961,24006,126069.0,34575.0,54772.0,13957.0,22765.0
2017-01-10,FO,Уральский федеральный округ,509842,250038,259804,1393970.0,423595.0,568827.0,178149.0,223399.0
2017-01-10,region,Курганская область,22896,8454,14442,69505.0,17086.0,28654.0,6153.0,17612.0
2017-01-10,region,Свердловская область,200508,107908,92600,545291.0,169575.0,219021.0,69912.0,86783.0
2017-01-10,region,Тюменская область,63231,33356,29875,183917.0,62025.0,75412.0,23198.0,23282.0
2017-01-10,region,Челябинская область,142240,71056,71184,383476.0,118025.0,160932.0,41453.0,63066.0
2017-01-10,region,Ханты-Мансийский автономный округ - Югра,61933,23499,38434,165058.0,44569.0,67194.0,30361.0,22934.0
2017-01-10,region,Ямало-Ненецкий автономный округ,19034,5765,13269,46723.0,12315.0,17614.0,7072.0,9722.0
2017-01-10,FO,Сибирский федеральный округ,689615,325702,363913,1898857.0,556665.0,784908.0,224990.0,332294.0
2017-01-10,region,Республика Бурятия,28073,10783,17290,62085.0,16466.0,19519.0,4233.0,21867.0
2017-01-10,region,Республика Алтай,8936,3067,5869,21758.0,4913.0,8274.0,4681.0,3890.0
2017-01-10,region,Республика Тыва,6788,1065,5723,8913.0,2160.0,2838.0,945.0,2970.0
2017-01-10,region,Республика Хакасия,18518,5816,12702,47555.0,10456.0,16745.0,3808.0,16546.0
2017-01-10,region,Алтайский край,78194,34817,43377,226390.0,61365.0,94078.0,28713.0,42234.0
2017-01-10,region,Красноярский край,107744,51570,56174,292700.0,86912.0,118138.0,36824.0,50826.0
2017-01-10,region,Иркутская область,87307,39835,47472,238408.0,68325.0,100348.0,28174.0,41561.0
2017-01-10,region,Кемеровская область,72781,32196,40585,228044.0,60552.0,101581.0,30488.0,35423.0
2017-01-10,region,Новосибирская область,141849,84672,57177,380178.0,135996.0,166383.0,42810.0,34989.0
2017-01-10,region,Омская область,68964,31078,37886,192488.0,54983.0,80335.0,18026.0,39144.0
2017-01-10,region,Томская область,43845,22498,21347,123755.0,37939.0,45996.0,19043.0,20777.0
2017-01-10,region,Забайкальский край,26616,8305,18311,76583.0,16598.0,30673.0,7245.0,22067.0
2017-01-10,FO,Дальневосточный федеральный округ,261085,114237,146848,660977.0,195771.0,262478.0,65048.0,137680.0
2017-01-10,region,Республика Саха (Якутия),40083,11575,28508,64159.0,18784.0,25640.0,5813.0,13922.0
2017-01-10,region,Приморский край,88739,44577,44162,225862.0,74941.0,85466.0,17220.0,48235.0
2017-01-10,region,Хабаровский край,53393,28759,24634,154604.0,46928.0,65644.0,17937.0,24095.0
2017-01-10,region,Амурская область,27104,10081,17023,76236.0,17363.0,30276.0,7357.0,21240.0
2017-01-10,region,Камчатский край,15662,6020,9642,35714.0,10172.0,13103.0,4240.0,8199.0
2017-01-10,region,Магаданская область,7345,2511,4834,19826.0,5085.0,8552.0,3155.0,3034.0
2017-01-10,region,Сахалинская область,23069,8958,14111,67543.0,18840.0,26653.0,8399.0,13651.0
2017-01-10,region,Еврейская автономная область,4318,1370,2948,13836.0,2739.0,6022.0,457.0,4618.0
2017-01-10,region,Чукотский автономный округ,1372,386,986,3197.0,919.0,1122.0,470.0,686.0
2017-08-10,RF,Российская Федерация,5542782,2605733,2937049,15654898.0,5313054.0,6168129.0,1888811.0,2284904.0
2017-08-10,FO,Центральный федеральный округ,1646398,887999,758399,4860945.0,1784463.0,1950031.0,613609.0,512842.0
2017-08-10,region,Белгородская область,60593,21764,38829,144698.0,41567.0,56032.0,20159.0,26940.0
2017-08-10,region,Брянская область,40261,12703,27558,104549.0,31609.0,46164.0,11349.0,15427.0
2017-08-10,region,Владимирская область,51386,19053,32333,160172.0,46537.0,65126.0,19624.0,28885.0
2017-08-10,region,Воронежская область,81856,35540,46316,249633.0,69965.0,104711.0,33673.0,41284.0
2017-08-10,region,Ивановская область,40652,20018,20634,130602.0,38624.0,56972.0,7906.0,27100.0
2017-08-10,region,Калужская область,39676,14312,25364,120343.0,32834.0,54190.0,15388.0,17931.0
2017-08-10,region,Костромская область,23986,9737,14249,91237.0,22784.0,36238.0,8110.0,24105.0
2017-08-10,region,Курская область,34326,11892,22434,94387.0,24305.0,37612.0,10014.0,22456.0
2017-08-10,region,Липецкая область,38473,13907,24566,101691.0,29820.0,41815.0,13839.0,16217.0
2017-08-10,region,Московская область,293798,125875,167923,823053.0,292001.0,323227.0,118133.0,89692.0
2017-08-10,region,Орловская область,25049,8933,16116,75787.0,19996.0,31027.0,10148.0,14616.0
2017-08-10,region,Рязанская область,40016,18263,21753,138639.0,38660.0,60136.0,16478.0,23365.0
2017-08-10,region,Смоленская область,36037,16538,19499,111625.0,31020.0,44800.0,15963.0,19842.0
2017-08-10,region,Тамбовская область,30609,10727,19882,85057.0,22635.0,34364.0,11659.0,16399.0
2017-08-10,region,Тверская область,45072,20433,24639,150625.0,46052.0,62194.0,16893.0,25486.0
2017-08-10,region,Тульская область,52597,21327,31270,145027.0,45817.0,58366.0,18711.0,22133.0
2017-08-10,region,Ярославская область,50675,27594,23081,160365.0,51849.0,65739.0,19757.0,23020.0
2017-08-10,region,г.Москва,661336,479383,181953,1973455.0,898388.0,771318.0,245805.0,57944.0
2017-08-10,FO,Северо-Западный федеральный округ,649247,366909,282338,1972426.0,756720.0,797923.0,218787.0,198996.0
2017-08-10,region,Республика Карелия,25070,12660,12410,64707.0,23635.0,28508.0,5004.0,7560.0
2017-08-10,region,Республика Коми,28843,11117,17726,82912.0,23043.0,32679.0,8589.0,18601.0
2017-08-10,region,Архангельская область,37614,13889,23725,110555.0,28123.0,44745.0,10990.0,26697.0
2017-08-10,region,Вологодская область,50548,25576,24972,135441.0,38540.0,56740.0,15738.0,24423.0
2017-08-10,region,Калининградская область,55988,32222,23766,148385.0,62301.0,55183.0,9061.0,21840.0
2017-08-10,region,Ленинградская область,51080,16989,34091,153266.0,43153.0,59804.0,26010.0,24299.0
2017-08-10,region,Мурманская область,25234,11444,13790,61474.0,22695.0,24953.0,5601.0,8225.0
2017-08-10,region,Новгородская область,20649,7842,12807,59996.0,16423.0,26429.0,7807.0,9337.0
2017-08-10,region,Псковская область,21382,9504,11878,66323.0,20770.0,30163.0,6763.0,8627.0
2017-08-10,region,г.Санкт-Петербург,331461,225281,106180,1085732.0,477242.0,437354.0,122509.0,48627.0
2017-08-10,region,Ненецкий автономный округ,1378,385,993,3635.0,795.0,1365.0,715.0,760.0
2017-08-10,FO,Южный федеральный округ,678118,204394,473724,1516102.0,472616.0,525641.0,164787.0,353058.0
2017-08-10,region,Республика Адыгея (Адыгея),15252,3715,11537,34379.0,9804.0,12703.0,5182.0,6690.0
2017-08-10,region,Республика Калмыкия,8693,1824,6869,13243.0,3612.0,4572.0,1574.0,3485.0
2017-08-10,region,Краснодарский край,269484,78567,190917,558306.0,171812.0,191429.0,68763.0,126302.0
2017-08-10,region,Астраханская область,30772,9772,21000,80729.0,21974.0,28481.0,7353.0,22921.0
2017-08-10,region,Волгоградская область,78058,28226,49832,205532.0,64549.0,78398.0,24067.0,38518.0
2017-08-10,region,Ростовская область,167461,52885,114576,420836.0,129597.0,151282.0,45305.0,94652.0
2017-08-10,region,Республика Крым,84774,21669,63105,157187.0,53274.0,45073.0,10421.0,48419.0
2017-08-10,region,г.Севастополь,23624,7736,15888,45890.0,17994.0,13703.0,2122.0,12071.0
2017-08-10,FO,Северо-Кавказский федеральный округ,183406,46151,137255,353479.0,101841.0,128999.0,53016.0,69623.0
2017-08-10,region,Республика Дагестан,28969,5810,23159,37944.0,11987.0,17912.0,4873.0,3172.0
2017-08-10,region,Республика Ингушетия,2602,1385,1217,3721.0,2033.0,1457.0,186.0,45.0
2017-08-10,region,Кабардино-Балкарская Республика,17984,4839,13145,29669.0,10074.0,11027.0,4620.0,3948.0
2017-08-10,region,Карачаево-Черкесская Республика,10375,2434,7941,17550.0,5536.0,5031.0,3705.0,3278.0
2017-08-10,region,Республика Северная Осетия - Алания,14484,3765,10719,26928.0,9168.0,11762.0,2788.0,3210.0
2017-08-10,region,Чеченская Республика,12225,2330,9895,9501.0,3685.0,3981.0,836.0,999.0
2017-08-10,region,Ставропольский край,96767,25588,71179,228166.0,59358.0,77829.0,36008.0,54971.0
2017-08-10,FO,Приволжский федеральный округ,1001054,450521,550533,3096265.0,934423.0,1265869.0,389537.0,506436.0
2017-08-10,region,Республика Башкортостан,117603,49854,67749,336033.0,99150.0,136085.0,43420.0,57378.0
2017-08-10,region,Республика Марий Эл,20896,9585,11311,69871.0,20096.0,30509.0,7800.0,11466.0
2017-08-10,region,Республика Мордовия,20301,6912,13389,75426.0,16174.0,32150.0,10983.0,16119.0
2017-08-10,region,Республика Татарстан (Татарстан),146557,72333,74224,445383.0,147993.0,182090.0,54577.0,60723.0
2017-08-10,region,Удмуртская Республика,54428,24735,29693,175839.0,46731.0,75295.0,27743.0,26070.0
2017-08-10,region,Чувашская Республика - Чувашия,44674,16046,28628,127584.0,35811.0,53257.0,18207.0,20309.0
2017-08-10,region,Кировская область,50297,22656,27641,157354.0,42488.0,63832.0,18782.0,32252.0
2017-08-10,region,Нижегородская область,125457,63924,61533,417112.0,128185.0,175439.0,55956.0,57532.0
2017-08-10,region,Оренбургская область,57107,20997,36110,167572.0,45824.0,68766.0,24042.0,28940.0
2017-08-10,region,Пензенская область,44791,15289,29502,131990.0,34386.0,49446.0,11381.0,36777.0
2017-08-10,region,Пермский край,97236,45425,51811,294434.0,87336.0,111858.0,34140.0,61100.0
2017-08-10,region,Самарская область,109263,56041,53222,337144.0,124057.0,141667.0,42317.0,29103.0
2017-08-10,region,Саратовская область,70851,28270,42581,237598.0,68090.0,92504.0,26852.0,50152.0
2017-08-10,region,Ульяновская область,41593,18454,23139,122925.0,38102.0,52971.0,13337.0,18515.0
2017-08-10,FO,Уральский федеральный округ,487351,236096,251255,1371111.0,455423.0,533817.0,169704.0,212167.0
2017-08-10,region,Курганская область,21959,8104,13855,66488.0,17558.0,26889.0,6444.0,15597.0
2017-08-10,region,Свердловская область,192127,101793,90334,540758.0,184827.0,203117.0,68509.0,84305.0
2017-08-10,region,Тюменская область,60788,31494,29294,184716.0,66594.0,72920.0,22523.0,22679.0
2017-08-10,region,Челябинская область,135889,67537,68352,370562.0,124514.0,149367.0,38864.0,57817.0
2017-08-10,region,Ханты-Мансийский автономный округ - Югра,58964,21932,37032,163467.0,48936.0,65105.0,26997.0,22429.0
2017-08-10,region,Ямало-Ненецкий автономный округ,17624,5236,12388,45120.0,12994.0,16419.0,6367.0,9340.0
2017-08-10,FO,Сибирский федеральный округ,650816,305731,345085,1824401.0,596566.0,714114.0,213718.0,300003.0
2017-08-10,region,Республика Бурятия,26352,10345,16007,58842.0,18337.0,19111.0,3890.0,17504.0
2017-08-10,region,Республика Алтай,8699,3020,5679,21053.0,5395.0,7916.0,4020.0,3722.0
2017-08-10,region,Республика Тыва,6560,1034,5526,8350.0,2213.0,1881.0,1014.0,3242.0
2017-08-10,region,Республика Хакасия,17416,5505,11911,45606.0,11180.0,15419.0,3798.0,15209.0
2017-08-10,region,Алтайский край,73960,32696,41264,212289.0,64196.0,83652.0,27841.0,36600.0
2017-08-10,region,Красноярский край,102715,49569,53146,284564.0,95212.0,108215.0,33076.0,48061.0
2017-08-10,region,Иркутская область,83910,38565,45345,234572.0,76342.0,94895.0,24094.0,39241.0
2017-08-10,region,Кемеровская область,69011,30419,38592,214286.0,65039.0,91556.0,23962.0,33729.0
2017-08-10,region,Новосибирская область,136797,80244,56553,402294.0,153163.0,163286.0,50321.0,35524.0
2017-08-10,region,Омская область,64446,29794,34652,192333.0,59448.0,74549.0,21795.0,36541.0
2017-08-10,region,Томская область,41865,21699,20166,119318.0,40706.0,42802.0,16257.0,19553.0
2017-08-10,region,Забайкальский край,19085,2841,16244,30894.0,5335.0,10832.0,3650.0,11077.0
2017-08-10,FO,Дальневосточный федеральный округ,246392,107932,138460,660169.0,211002.0,251735.0,65653.0,131779.0
2017-08-10,region,Республика Саха (Якутия),37760,10877,26883,63583.0,19186.0,24045.0,5949.0,14403.0
2017-08-10,region,Приморский край,83003,41537,41466,231430.0,80783.0,83890.0,19994.0,46763.0
2017-08-10,region,Хабаровский край,50478,27258,23220,151529.0,50897.0,61133.0,16444.0,23055.0
2017-08-10,region,Амурская область,25889,9926,15963,74611.0,19341.0,29520.0,6001.0,19749.0
2017-08-10,region,Камчатский край,14586,5619,8967,34135.0,10447.0,12838.0,3624.0,7226.0
2017-08-10,region,Магаданская область,6895,2367,4528,19500.0,5250.0,7800.0,3553.0,2897.0
2017-08-10,region,Сахалинская область,22427,8733,13694,69804.0,20835.0,26474.0,9404.0,13091.0
2017-08-10,region,Еврейская автономная область,4070,1256,2814,12680.0,3301.0,5038.0,422.0,3919.0
2017-08-10,region,Чукотский автономный округ,1284,359,925,2897.0,962.0,997.0,262.0,676.0
2018-01-10,RF,Российская Федерация,6039216,2817510,3221706,16106581.0,5453682.0,6316502.0,1943440.0,2392957.0
2018-01-10,FO,Центральный федеральный округ,1861590,1004145,857445,5127466.0,1890075.0,2047386.0,646281.0,543724.0
2018-01-10,region,Белгородская область,65417,23468,41949,146708.0,41567.0,56402.0,20518.0,28221.0
2018-01-10,region,Брянская область,42384,13109,29275,106122.0,31531.0,46706.0,11657.0,16228.0
2018-01-10,region,Владимирская область,54314,19598,34716,161192.0,46491.0,65230.0,19454.0,30017.0
2018-01-10,region,Воронежская область,88247,37685,50562,252434.0,69740.0,104881.0,34594.0,43219.0
2018-01-10,region,Ивановская область,43801,20914,22887,131080.0,38583.0,56420.0,8051.0,28026.0
2018-01-10,region,Калужская область,43073,14832,28241,121067.0,32988.0,54449.0,15091.0,18539.0
2018-01-10,region,Костромская область,25171,9989,15182,92487.0,22659.0,36683.0,7817.0,25328.0
2018-01-10,region,Курская область,36945,12476,24469,96224.0,24296.0,37908.0,9941.0,24079.0
2018-01-10,region,Липецкая область,41036,14537,26499,101638.0,29685.0,41791.0,14028.0,16134.0
2018-01-10,region,Московская область,319378,131301,188077,830950.0,292514.0,326098.0,119987.0,92351.0
2018-01-10,region,Орловская область,26738,9226,17512,76803.0,19906.0,31329.0,10229.0,15339.0
2018-01-10,region,Рязанская область,42977,19002,23975,140741.0,38666.0,60154.0,17028.0,24893.0
2018-01-10,region,Смоленская область,39153,17452,21701,112227.0,31074.0,45350.0,15136.0,20667.0
2018-01-10,region,Тамбовская область,32731,11239,21492,86145.0,22596.0,34351.0,11998.0,17200.0
2018-01-10,region,Тверская область,47900,21090,26810,150500.0,45865.0,62104.0,16455.0,26076.0
2018-01-10,region,Тульская область,56309,22277,34032,145709.0,45717.0,58171.0,18685.0,23136.0
2018-01-10,region,Ярославская область,55684,29124,26560,162068.0,51754.0,65959.0,20060.0,24295.0
2018-01-10,region,г.Москва,800332,576826,223506,2213371.0,1004443.0,863400.0,275552.0,69976.0
2018-01-10,FO,Северо-Западный федеральный округ,697706,385874,311832,1982674.0,755051.0,800236.0,220150.0,207237.0
2018-01-10,region,Республика Карелия,26372,12991,13381,64746.0,23530.0,28325.0,5108.0,7783.0
2018-01-10,region,Республика Коми,30171,11323,18848,83382.0,22988.0,32543.0,8878.0,18973.0
2018-01-10,region,Архангельская область,39427,14196,25231,112978.0,28051.0,44794.0,10825.0,29308.0
2018-01-10,region,Вологодская область,54495,26912,27583,136710.0,38377.0,56581.0,15667.0,26085.0
2018-01-10,region,Калининградская область,58782,33019,25763,149485.0,62253.0,55341.0,9591.0,22300.0
2018-01-10,region,Ленинградская область,55593,17717,37876,154163.0,43108.0,60502.0,25558.0,24995.0
2018-01-10,region,Мурманская область,27012,11724,15288,61408.0,22635.0,24937.0,5331.0,8505.0
2018-01-10,region,Новгородская область,21908,8143,13765,60523.0,16380.0,26360.0,7829.0,9954.0
2018-01-10,region,Псковская область,22796,9959,12837,66511.0,20755.0,29905.0,6954.0,8897.0
2018-01-10,region,г.Санкт-Петербург,359672,239489,120183,1089118.0,476180.0,439583.0,123694.0,49661.0
2018-01-10,region,Ненецкий автономный округ,1478,401,1077,3650.0,794.0,1365.0,715.0,776.0
2018-01-10,FO,Южный федеральный округ,712124,212739,499385,1526851.0,471616.0,526428.0,166304.0,362503.0
2018-01-10,region,Республика Адыгея (Адыгея),16816,3833,12983,34560.0,9703.0,12837.0,5126.0,6894.0
2018-01-10,region,Республика Калмыкия,9390,1872,7518,13693.0,3618.0,4591.0,1823.0,3661.0
2018-01-10,region,Краснодарский край,281417,82281,199136,562829.0,171601.0,191763.0,70001.0,129464.0
2018-01-10,region,Астраханская область,32298,10025,22273,81129.0,21901.0,28520.0,7211.0,23497.0
2018-01-10,region,Волгоградская область,82377,29003,53374,206067.0,64286.0,77985.0,24045.0,39751.0
2018-01-10,region,Ростовская область,177409,55045,122364,424280.0,129337.0,151768.0,45642.0,97533.0
2018-01-10,region,Республика Крым,87795,22662,65133,158169.0,53216.0,45096.0,10334.0,49523.0
2018-01-10,region,г.Севастополь,24622,8018,16604,46124.0,17954.0,13868.0,2122.0,12180.0
2018-01-10,FO,Северо-Кавказский федеральный округ,199503,48909,150594,358367.0,102248.0,130267.0,53099.0,72753.0
2018-01-10,region,Республика Дагестан,32603,6425,26178,38171.0,12043.0,17998.0,4914.0,3216.0
2018-01-10,region,Республика Ингушетия,3575,1638,1937,3939.0,2110.0,1452.0,186.0,191.0
2018-01-10,region,Кабардино-Балкарская Республика,19415,5089,14326,30052.0,10112.0,11174.0,4668.0,4098.0
2018-01-10,region,Карачаево-Черкесская Республика,11208,2561,8647,17665.0,5527.0,5113.0,3722.0,3303.0
2018-01-10,region,Республика Северная Осетия - Алания,15441,3990,11451,26851.0,9105.0,11690.0,2788.0,3268.0
2018-01-10,region,Чеченская Республика,14910,2830,12080,10756.0,4171.0,4447.0,836.0,1302.0
2018-01-10,region,Ставропольский край,102351,26376,75975,230933.0,59180.0,78393.0,35985.0,57375.0
2018-01-10,FO,Приволжский федеральный округ,1083030,483277,599753,3174679.0,960207.0,1290144.0,396187.0,528141.0
2018-01-10,region,Республика Башкортостан,126804,52738,74066,339592.0,99004.0,137123.0,44222.0,59243.0
2018-01-10,region,Республика Марий Эл,22110,9866,12244,70003.0,20056.0,30575.0,7711.0,11661.0
2018-01-10,region,Республика Мордовия,21512,7172,14340,76301.0,16153.0,32499.0,11197.0,16452.0
2018-01-10,region,Республика Татарстан (Татарстан),157366,76149,81217,448592.0,148448.0,182578.0,55662.0,61904.0
2018-01-10,region,Удмуртская Республика,58415,25905,32510,177075.0,46806.0,75292.0,28096.0,26881.0
2018-01-10,region,Чувашская Республика - Чувашия,46803,16627,30176,127280.0,35609.0,53184.0,17857.0,20630.0
2018-01-10,region,Кировская область,52601,23214,29387,157979.0,42385.0,63740.0,18516.0,33338.0
2018-01-10,region,Нижегородская область,134220,66852,67368,420483.0,127984.0,175757.0,56343.0,60399.0
2018-01-10,region,Оренбургская область,60438,21729,38709,168285.0,45785.0,68876.0,23765.0,29859.0
2018-01-10,region,Пензенская область,47231,15930,31301,132863.0,34185.0,49365.0,11205.0,38108.0
2018-01-10,region,Пермский край,106210,48069,58141,303345.0,89113.0,113428.0,35139.0,65665.0
2018-01-10,region,Самарская область,129967,70701,59266,389765.0,148851.0,162112.0,45747.0,33055.0
2018-01-10,region,Саратовская область,74899,29180,45719,239454.0,67832.0,92556.0,27361.0,51705.0
2018-01-10,region,Ульяновская область,44454,19145,25309,123662.0,37996.0,53059.0,13366.0,19241.0
2018-01-10,FO,Уральский федеральный округ,520433,245556,274877,1380769.0,455201.0,534025.0,171750.0,219793.0
2018-01-10,region,Курганская область,23213,8314,14899,67898.0,17475.0,26738.0,6670.0,17015.0
2018-01-10,region,Свердловская область,204324,105760,98564,544471.0,185023.0,203701.0,69496.0,86251.0
2018-01-10,region,Тюменская область,64832,32697,32135,185228.0,66403.0,73178.0,22290.0,23357.0
2018-01-10,region,Челябинская область,146553,70695,75858,373486.0,124551.0,149148.0,39578.0,60209.0
2018-01-10,region,Ханты-Мансийский автономный округ - Югра,62827,22672,40155,164390.0,48759.0,65227.0,27229.0,23175.0
2018-01-10,region,Ямало-Ненецкий автономный округ,18684,5418,13266,45296.0,12990.0,16033.0,6487.0,9786.0
2018-01-10,FO,Сибирский федеральный округ,702399,325104,377295,1891778.0,608381.0,736606.0,223695.0,323096.0
2018-01-10,region,Республика Бурятия,28028,10803,17225,59876.0,18274.0,19025.0,4123.0,18454.0
2018-01-10,region,Республика Алтай,8920,3150,5770,21337.0,5447.0,7805.0,4278.0,3807.0
2018-01-10,region,Республика Тыва,7096,1096,6000,8423.0,2201.0,1942.0,1014.0,3266.0
2018-01-10,region,Республика Хакасия,18187,5658,12529,45988.0,11143.0,15489.0,3630.0,15726.0
2018-01-10,region,Алтайский край,79931,35040,44891,224507.0,65594.0,87935.0,30310.0,40668.0
2018-01-10,region,Красноярский край,110261,51977,58284,286861.0,95004.0,108381.0,33225.0,50251.0
2018-01-10,region,Иркутская область,89562,40028,49534,236266.0,76157.0,94969.0,24290.0,40850.0
2018-01-10,region,Кемеровская область,72900,31457,41443,215643.0,64739.0,91881.0,25429.0,33594.0
2018-01-10,region,Новосибирская область,146959,84358,62601,405446.0,153255.0,164473.0,51466.0,36252.0
2018-01-10,region,Омская область,69905,31011,38894,195735.0,59214.0,74726.0,22903.0,38892.0
2018-01-10,region,Томская область,44406,22514,21892,119754.0,40593.0,42884.0,16190.0,20087.0
2018-01-10,region,Забайкальский край,26244,8012,18232,71942.0,16760.0,27096.0,6837.0,21249.0
2018-01-10,FO,Дальневосточный федеральный округ,262431,111906,150525,663997.0,210903.0,251410.0,65974.0,135710.0
2018-01-10,region,Республика Саха (Якутия),40343,11435,28908,64045.0,19224.0,24018.0,6106.0,14697.0
2018-01-10,region,Приморский край,89085,42948,46137,232710.0,80595.0,83925.0,20662.0,47528.0
2018-01-10,region,Хабаровский край,53532,28223,25309,150916.0,50803.0,60876.0,15756.0,23481.0
2018-01-10,region,Амурская область,27379,10351,17028,75155.0,19293.0,29346.0,6001.0,20515.0
2018-01-10,region,Камчатский край,15440,5825,9615,34827.0,10399.0,12885.0,3526.0,8017.0
2018-01-10,region,Магаданская область,7298,2433,4865,19057.0,5310.0,7480.0,3247.0,3020.0
2018-01-10,region,Сахалинская область,23688,9026,14662,71304.0,21029.0,26712.0,10096.0,13467.0
2018-01-10,region,Еврейская автономная область,4286,1290,2996,13056.0,3288.0,5142.0,318.0,4308.0
2018-01-10,region,Чукотский автономный округ,1380,375,1005,2927.0,962.0,1026.0,262.0,677.0
2018-08-10,RF,Российская Федерация,5922420,2634722,3287698,16053300.0,5919208.0,5846513.0,1791313.0,2496266.0
2018-08-10,FO,Центральный федеральный округ,1807714,925205,882509,5123918.0,2056774.0,1898837.0,594613.0,573694.0
2018-08-10,region,Белгородская область,64009,22222,41787,149551.0,47863.0,54566.0,18016.0,29106.0
2018-08-10,region,Брянская область,41796,12476,29320,102758.0,32798.0,42698.0,10039.0,17223.0
2018-08-10,region,Владимирская область,53434,18606,34828,160399.0,49265.0,59899.0,21087.0,30148.0
2018-08-10,region,Воронежская область,86969,34992,51977,254677.0,78401.0,98652.0,30716.0,46908.0
2018-08-10,region,Ивановская область,42819,20143,22676,132097.0,42727.0,52948.0,7666.0,28756.0
2018-08-10,region,Калужская область,43088,14299,28789,119527.0,35221.0,50540.0,14674.0,19092.0
2018-08-10,region,Костромская область,24001,9419,14582,90745.0,24078.0,33598.0,7285.0,25784.0
2018-08-10,region,Курская область,36346,11776,24570,95676.0,25441.0,34606.0,11037.0,24592.0
2018-08-10,region,Липецкая область,40237,13152,27085,99664.0,32559.0,38105.0,11962.0,17038.0
2018-08-10,region,Московская область,323143,128207,194936,842699.0,320868.0,309569.0,113954.0,98308.0
2018-08-10,region,Орловская область,26719,8895,17824,75429.0,20839.0,28611.0,10532.0,15447.0
2018-08-10,region,Рязанская область,42327,17366,24961,136709.0,41944.0,54803.0,14478.0,25484.0
2018-08-10,region,Смоленская область,38712,16794,21918,112556.0,33727.0,42697.0,14839.0,21293.0
2018-08-10,region,Тамбовская область,32043,10401,21642,82561.0,23907.0,30930.0,9927.0,17797.0
2018-08-10,region,Тверская область,47179,20132,27047,149739.0,49694.0,57258.0,16700.0,26087.0
2018-08-10,region,Тульская область,55259,21217,34042,145106.0,49165.0,54588.0,17339.0,24014.0
2018-08-10,region,Ярославская область,54000,27517,26483,162367.0,56779.0,61227.0,20097.0,24264.0
2018-08-10,region,г.Москва,755633,517591,238042,2211658.0,1091498.0,793542.0,244265.0,82353.0
2018-08-10,FO,Северо-Западный федеральный округ,684293,364512,319781,1980615.0,819719.0,738404.0,206303.0,216189.0
2018-08-10,region,Республика Карелия,26163,12440,13723,63203.0,24666.0,25876.0,4600.0,8061.0
2018-08-10,region,Республика Коми,29204,10707,18497,77583.0,23153.0,28724.0,7444.0,18262.0
2018-08-10,region,Архангельская область,38241,13537,24704,109098.0,29636.0,40855.0,10248.0,28359.0
2018-08-10,region,Вологодская область,53065,25585,27480,134271.0,42910.0,51098.0,13742.0,26521.0
2018-08-10,region,Калининградская область,57753,31402,26351,149824.0,66412.0,51320.0,8220.0,23872.0
2018-08-10,region,Ленинградская область,57056,17668,39388,157105.0,46780.0,58180.0,25340.0,26805.0
2018-08-10,region,Мурманская область,26132,10915,15217,58866.0,23355.0,21759.0,5203.0,8549.0
2018-08-10,region,Новгородская область,21558,7874,13684,59139.0,17621.0,24257.0,7774.0,9487.0
2018-08-10,region,Псковская область,22709,9728,12981,66441.0,22152.0,27351.0,7807.0,9131.0
2018-08-10,region,г.Санкт-Петербург,350998,224274,126724,1101701.0,522216.0,407810.0,115243.0,56432.0
2018-08-10,region,Ненецкий автономный округ,1414,382,1032,3384.0,818.0,1174.0,682.0,710.0
2018-08-10,FO,Южный федеральный округ,713998,202204,511794,1524573.0,502858.0,490274.0,153169.0,378272.0
2018-08-10,region,Республика Адыгея (Адыгея),17123,3667,13456,34494.0,9743.0,11886.0,5406.0,7459.0
2018-08-10,region,Республика Калмыкия,8998,1742,7256,13243.0,3899.0,4076.0,1591.0,3677.0
2018-08-10,region,Краснодарский край,284073,78288,205785,555595.0,182510.0,177103.0,61065.0,134917.0
2018-08-10,region,Астраханская область,31934,9448,22486,77269.0,23162.0,25876.0,5439.0,22792.0
2018-08-10,region,Волгоградская область,80501,26613,53888,200877.0,66767.0,70916.0,22607.0,40587.0
2018-08-10,region,Ростовская область,176211,52313,123898,425866.0,137041.0,142612.0,44581.0,101632.0
2018-08-10,region,Республика Крым,90729,22273,68456,169342.0,59544.0,44885.0,10209.0,54704.0
2018-08-10,region,г.Севастополь,24429,7860,16569,47887.0,20192.0,12920.0,2271.0,12504.0
2018-08-10,FO,Северо-Кавказский федеральный округ,198482,46543,151939,358201.0,109259.0,122538.0,50173.0,76231.0
2018-08-10,region,Республика Дагестан,33884,6014,27870,39944.0,13729.0,17535.0,4916.0,3764.0
2018-08-10,region,Республика Ингушетия,3908,1560,2348,4283.0,2422.0,1457.0,128.0,276.0
2018-08-10,region,Кабардино-Балкарская Республика,18679,4878,13801,30514.0,10856.0,11376.0,3774.0,4508.0
2018-08-10,region,Карачаево-Черкесская Республика,10993,2553,8440,18275.0,5975.0,4942.0,3582.0,3776.0
2018-08-10,region,Республика Северная Осетия - Алания,14938,4021,10917,27366.0,9930.0,11087.0,3132.0,3217.0
2018-08-10,region,Чеченская Республика,13896,2735,11161,12298.0,5435.0,3883.0,1185.0,1795.0
2018-08-10,region,Ставропольский край,102184,24782,77402,225521.0,60912.0,72258.0,33456.0,58895.0
2018-08-10,FO,Приволжский федеральный округ,1064026,455454,608572,3159807.0,1047837.0,1192530.0,370370.0,549070.0
2018-08-10,region,Республика Башкортостан,124711,50273,74438,341482.0,110279.0,130756.0,38395.0,62052.0
2018-08-10,region,Республика Марий Эл,21455,9132,12323,69129.0,20795.0,28123.0,7891.0,12320.0
2018-08-10,region,Республика Мордовия,21010,6762,14248,73210.0,17726.0,28711.0,10434.0,16339.0
2018-08-10,region,Республика Татарстан (Татарстан),154984,71361,83623,452510.0,166327.0,170596.0,50083.0,65504.0
2018-08-10,region,Удмуртская Республика,57623,24860,32763,175627.0,53444.0,69310.0,25180.0,27693.0
2018-08-10,region,Чувашская Республика - Чувашия,46288,15667,30621,128217.0,39022.0,50097.0,17661.0,21437.0
2018-08-10,region,Кировская область,50831,21503,29328,152464.0,43927.0,56086.0,18981.0,33470.0
2018-08-10,region,Нижегородская область,128787,61426,67361,414856.0,140082.0,160448.0,51740.0,62586.0
2018-08-10,region,Оренбургская область,59429,20586,38843,162449.0,47358.0,63108.0,21732.0,30251.0
2018-08-10,region,Пензенская область,46594,15221,31373,134176.0,37944.0,46197.0,12048.0,37987.0
2018-08-10,region,Пермский край,104417,44621,59796,299974.0,96363.0,104222.0,33173.0,66216.0
2018-08-10,region,Самарская область,129283,67587,61696,391697.0,161381.0,149996.0,44125.0,36195.0
2018-08-10,region,Саратовская область,74398,27944,46454,240454.0,72564.0,86959.0,26217.0,54714.0
2018-08-10,region,Ульяновская область,44216,18511,25705,123562.0,40625.0,47921.0,12710.0,22306.0
2018-08-10,FO,Уральский федеральный округ,509131,227842,281289,1364176.0,487929.0,491014.0,155074.0,230159.0
2018-08-10,region,Курганская область,22832,7826,15006,65588.0,17784.0,24289.0,6351.0,17164.0
2018-08-10,region,Свердловская область,198287,96472,101815,539585.0,198757.0,185469.0,63339.0,92020.0
2018-08-10,region,Тюменская область,64814,31835,32979,186263.0,71507.0,68193.0,21092.0,25471.0
2018-08-10,region,Челябинская область,144103,65242,78861,367049.0,133118.0,137106.0,35049.0,61776.0
2018-08-10,region,Ханты-Мансийский автономный округ - Югра,60937,21290,39647,161200.0,52699.0,60693.0,24026.0,23782.0
2018-08-10,region,Ямало-Ненецкий автономный округ,18158,5177,12981,44491.0,14064.0,15264.0,5217.0,9946.0
2018-08-10,FO,Сибирский федеральный округ,687586,306638,380948,1883035.0,666422.0,679959.0,201037.0,335617.0
2018-08-10,region,Республика Бурятия,28223,11058,17165,62491.0,20139.0,18555.0,4537.0,19260.0
2018-08-10,region,Республика Алтай,8801,2903,5898,20093.0,5756.0,7230.0,3237.0,3870.0
2018-08-10,region,Республика Тыва,6947,1074,5873,8892.0,2359.0,1976.0,962.0,3595.0
2018-08-10,region,Республика Хакасия,17438,5333,12105,44016.0,12053.0,13819.0,2972.0,15172.0
2018-08-10,region,Алтайский край,78534,33278,45256,226045.0,71532.0,82698.0,29443.0,42372.0
2018-08-10,region,Красноярский край,108218,49520,58698,286150.0,105353.0,98920.0,30306.0,51571.0
2018-08-10,region,Иркутская область,88436,38238,50198,233129.0,84421.0,86869.0,20097.0,41742.0
2018-08-10,region,Кемеровская область,71711,29844,41867,209922.0,71471.0,83000.0,21192.0,34259.0
2018-08-10,region,Новосибирская область,142477,77347,65130,410912.0,169192.0,153411.0,48803.0,39506.0
2018-08-10,region,Омская область,67324,28832,38492,192983.0,62237.0,68872.0,20782.0,41092.0
2018-08-10,region,Томская область,43247,21402,21845,116899.0,43620.0,39246.0,13426.0,20607.0
2018-08-10,region,Забайкальский край,26230,7809,18421,71503.0,18289.0,25363.0,5280.0,22571.0
2018-08-10,FO,Дальневосточный федеральный округ,257190,106324,150866,658975.0,228410.0,232957.0,60574.0,137034.0
2018-08-10,region,Республика Саха (Якутия),39474,11104,28370,63102.0,20147.0,22223.0,5761.0,14971.0
2018-08-10,region,Приморский край,88322,41424,46898,230806.0,86896.0,77638.0,18827.0,47445.0
2018-08-10,region,Хабаровский край,51511,25781,25730,149539.0,55636.0,55186.0,14408.0,24309.0
2018-08-10,region,Амурская область,26571,9637,16934,76859.0,21719.0,28413.0,5839.0,20888.0
2018-08-10,region,Камчатский край,15356,5648,9708,35265.0,11056.0,12075.0,3882.0,8252.0
2018-08-10,region,Магаданская область,7118,2367,4751,18877.0,5717.0,7277.0,2848.0,3035.0
2018-08-10,region,Сахалинская область,23294,8774,14520,69710.0,22975.0,24639.0,8493.0,13603.0
2018-08-10,region,Еврейская автономная область,4179,1215,2964,12012.0,3327.0,4651.0,144.0,3890.0
2018-08-10,region,Чукотский автономный округ,1365,374,991,2805.0,937.0,855.0,372.0,641.0
2019-01-10,RF,Российская Федерация,6041195,2715388,3325807,15873589.0,5859566.0,5803721.0,1782210.0,2428092.0
2019-01-10,FO,Центральный федеральный округ,1866670,958797,907873,5075330.0,2037791.0,1886440.0,591593.0,559506.0
2019-01-10,region,Белгородская область,64660,23088,41572,147968.0,47411.0,54287.0,18155.0,28115.0
2019-01-10,region,Брянская область,41621,12635,28986,101430.0,32493.0,42428.0,10039.0,16470.0
2019-01-10,region,Владимирская область,53280,18754,34526,158688.0,48828.0,59465.0,21089.0,29306.0
2019-01-10,region,Воронежская область,88815,36495,52320,251579.0,77793.0,97720.0,30502.0,45564.0
2019-01-10,region,Ивановская область,43520,20792,22728,130525.0,42360.0,52485.0,7578.0,28102.0
2019-01-10,region,Калужская область,43798,14513,29285,118913.0,35235.0,50491.0,14667.0,18520.0
2019-01-10,region,Костромская область,23794,9488,14306,89578.0,23824.0,33556.0,7149.0,25049.0
2019-01-10,region,Курская область,36613,12151,24462,95089.0,25188.0,34645.0,11037.0,24219.0
2019-01-10,region,Липецкая область,40268,13403,26865,98149.0,32249.0,37641.0,11962.0,16297.0
2019-01-10,region,Московская область,337272,133626,203646,837786.0,320249.0,309201.0,113476.0,94860.0
2019-01-10,region,Орловская область,26836,8955,17881,74297.0,20439.0,28431.0,10292.0,15135.0
2019-01-10,region,Рязанская область,42997,17762,25235,135324.0,41703.0,54486.0,14302.0,24833.0
2019-01-10,region,Смоленская область,39160,17394,21766,111583.0,33407.0,42459.0,14812.0,20905.0
2019-01-10,region,Тамбовская область,32023,10584,21439,81251.0,23602.0,30605.0,9920.0,17124.0
2019-01-10,region,Тверская область,47627,20440,27187,147993.0,49191.0,56813.0,16492.0,25497.0
2019-01-10,region,Тульская область,56476,22000,34476,143603.0,48815.0,54145.0,17195.0,23448.0
2019-01-10,region,Ярославская область,54527,28168,26359,159725.0,56010.0,60533.0,19550.0,23632.0
2019-01-10,region,г.Москва,793383,538549,254834,2191849.0,1078994.0,787049.0,243376.0,82430.0
2019-01-10,FO,Северо-Западный федеральный округ,707495,376865,330630,1954712.0,809042.0,730577.0,204609.0,210484.0
2019-01-10,region,Республика Карелия,26726,12604,14122,62428.0,24364.0,25713.0,4462.0,7889.0
2019-01-10,region,Республика Коми,29029,10751,18278,76379.0,23007.0,28525.0,7289.0,17558.0
2019-01-10,region,Архангельская область,38130,13617,24513,107196.0,29321.0,40159.0,9963.0,27753.0
2019-01-10,region,Вологодская область,53659,26223,27436,132464.0,42017.0,50547.0,13897.0,26003.0
2019-01-10,region,Калининградская область,58566,31737,26829,148491.0,66241.0,51251.0,8167.0,22832.0
2019-01-10,region,Ленинградская область,59584,18275,41309,155687.0,46381.0,57950.0,25190.0,26166.0
2019-01-10,region,Мурманская область,26284,10906,15378,57912.0,22978.0,21470.0,5172.0,8292.0
2019-01-10,region,Новгородская область,21693,7991,13702,58477.0,17504.0,23960.0,7774.0,9239.0
2019-01-10,region,Псковская область,23032,10067,12965,65942.0,22041.0,27267.0,7717.0,8917.0
2019-01-10,region,г.Санкт-Петербург,369354,234299,135055,1086357.0,514371.0,402561.0,114296.0,55129.0
2019-01-10,region,Ненецкий автономный округ,1438,395,1043,3379.0,817.0,1174.0,682.0,706.0
2019-01-10,FO,Южный федеральный округ,709427,207168,502259,1505976.0,498431.0,487627.0,151361.0,368557.0
2019-01-10,region,Республика Адыгея (Адыгея),17106,3736,13370,34229.0,9691.0,11876.0,5406.0,7256.0
2019-01-10,region,Республика Калмыкия,8994,1776,7218,13038.0,3893.0,4005.0,1590.0,3550.0
2019-01-10,region,Краснодарский край,282016,81034,200982,549561.0,181389.0,175972.0,59999.0,132201.0
2019-01-10,region,Астраханская область,31795,9605,22190,75877.0,22951.0,25740.0,5238.0,21948.0
2019-01-10,region,Волгоградская область,80357,26716,53641,198158.0,65786.0,70306.0,22718.0,39348.0
2019-01-10,region,Ростовская область,177454,53638,123816,421377.0,135773.0,142308.0,44160.0,99136.0
2019-01-10,region,Республика Крым,87378,22660,64718,166522.0,58961.0,44720.0,9979.0,52862.0
2019-01-10,region,г.Севастополь,24327,8003,16324,47214.0,19987.0,12700.0,2271.0,12256.0
2019-01-10,FO,Северо-Кавказский федеральный округ,201326,48397,152929,354967.0,108441.0,121879.0,50495.0,74152.0
2019-01-10,region,Республика Дагестан,35526,6497,29029,40027.0,13719.0,17601.0,5106.0,3601.0
2019-01-10,region,Республика Ингушетия,4333,1982,2351,4290.0,2432.0,1457.0,128.0,273.0
2019-01-10,region,Кабардино-Балкарская Республика,19111,5111,14000,30462.0,10811.0,11384.0,3774.0,4493.0
2019-01-10,region,Карачаево-Черкесская Республика,11079,2647,8432,18037.0,5939.0,4851.0,3582.0,3665.0
2019-01-10,region,Республика Северная Осетия - Алания,15051,4217,10834,27216.0,9883.0,11078.0,3131.0,3124.0
2019-01-10,region,Чеченская Республика,14583,3028,11555,12317.0,5518.0,3902.0,1180.0,1717.0
2019-01-10,region,Ставропольский край,101643,24915,76728,222618.0,60139.0,71606.0,33594.0,57279.0
2019-01-10,FO,Приволжский федеральный округ,1080648,469667,610981,3121460.0,1037428.0,1183583.0,368129.0,532320.0
2019-01-10,region,Республика Башкортостан,126847,52549,74298,337883.0,109355.0,130150.0,38192.0,60186.0
2019-01-10,region,Республика Марий Эл,21225,9137,12088,67979.0,20454.0,27964.0,7641.0,11920.0
2019-01-10,region,Республика Мордовия,20992,6900,14092,72326.0,17616.0,28600.0,10307.0,15803.0
2019-01-10,region,Республика Татарстан (Татарстан),159254,74633,84621,447466.0,165110.0,168486.0,50190.0,63680.0
2019-01-10,region,Удмуртская Республика,58306,25557,32749,173370.0,53142.0,68595.0,24950.0,26683.0
2019-01-10,region,Чувашская Республика - Чувашия,46134,15839,30295,126383.0,38584.0,49629.0,17523.0,20647.0
2019-01-10,region,Кировская область,50650,21544,29106,150562.0,43427.0,55920.0,18942.0,32273.0
2019-01-10,region,Нижегородская область,131050,63090,67960,411343.0,139066.0,159732.0,51591.0,60954.0
2019-01-10,region,Оренбургская область,59247,20786,38461,160000.0,46437.0,62538.0,21637.0,29388.0
2019-01-10,region,Пензенская область,46521,15591,30930,132285.0,37497.0,45847.0,12048.0,36893.0
2019-01-10,region,Пермский край,106473,45614,60859,297451.0,95793.0,104029.0,32953.0,64676.0
2019-01-10,region,Самарская область,134263,70951,63312,384789.0,158894.0,148337.0,43256.0,34302.0
2019-01-10,region,Саратовская область,75272,28580,46692,237342.0,71868.0,86065.0,26207.0,53202.0
2019-01-10,region,Ульяновская область,44414,18896,25518,122281.0,40185.0,47691.0,12692.0,21713.0
2019-01-10,FO,Уральский федеральный округ,517901,232484,285417,1350830.0,484011.0,488356.0,154648.0,223815.0
2019-01-10,region,Курганская область,22751,7862,14889,64810.0,17644.0,24270.0,6351.0,16545.0
2019-01-10,region,Свердловская область,202653,98730,103923,534245.0,197338.0,184630.0,62951.0,89326.0
2019-01-10,region,Тюменская область,66235,32436,33799,184395.0,70680.0,67665.0,21118.0,24932.0
2019-01-10,region,Челябинская область,145780,66379,79401,363428.0,132082.0,136286.0,35049.0,60011.0
2019-01-10,region,Ханты-Мансийский автономный округ - Югра,61971,21781,40190,159636.0,52267.0,60292.0,23962.0,23115.0
2019-01-10,region,Ямало-Ненецкий автономный округ,18511,5296,13215,44316.0,14000.0,15213.0,5217.0,9886.0
2019-01-10,FO,Сибирский федеральный округ,642811,294143,348668,1727752.0,620117.0,630065.0,191971.0,285599.0
2019-01-10,region,Республика Алтай,8378,2880,5498,19632.0,5633.0,7068.0,3233.0,3698.0
2019-01-10,region,Республика Тыва,6939,1114,5825,8702.0,2319.0,1980.0,962.0,3441.0
2019-01-10,region,Республика Хакасия,17281,5413,11868,43469.0,11909.0,13788.0,2972.0,14800.0
2019-01-10,region,Алтайский край,79064,34172,44892,223893.0,70495.0,81753.0,30289.0,41356.0
2019-01-10,region,Красноярский край,110518,50931,59587,283100.0,104256.0,98379.0,30141.0,50324.0
2019-01-10,region,Иркутская область,89761,38940,50821,230382.0,83610.0,86129.0,20268.0,40375.0
2019-01-10,region,Кемеровская область,72010,30150,41860,206758.0,70506.0,82171.0,21226.0,32855.0
2019-01-10,region,Новосибирская область,146975,79387,67588,405818.0,166986.0,151459.0,48646.0,38727.0
2019-01-10,region,Омская область,68429,29606,38823,190520.0,61435.0,68509.0,20812.0,39764.0
2019-01-10,region,Томская область,43456,21550,21906,115478.0,42968.0,38829.0,13422.0,20259.0
2019-01-10,FO,Дальневосточный федеральный округ,314917,127867,187050,782562.0,264305.0,275194.0,69404.0,173659.0
2019-01-10,region,Республика Бурятия,28646,11466,17180,61613.0,19890.0,18596.0,4537.0,18590.0
2019-01-10,region,Республика Саха (Якутия),39423,11469,27954,62587.0,20062.0,22271.0,5761.0,14493.0
2019-01-10,region,Приморский край,89539,42249,47290,227704.0,86010.0,77191.0,18759.0,45744.0
2019-01-10,region,Хабаровский край,52688,26351,26337,146612.0,55081.0,54474.0,13593.0,23464.0
2019-01-10,region,Амурская область,26902,9849,17053,75753.0,21480.0,28094.0,5851.0,20328.0
2019-01-10,region,Камчатский край,15521,5771,9750,35068.0,11017.0,12062.0,3882.0,8107.0
2019-01-10,region,Магаданская область,7106,2378,4728,18756.0,5674.0,7251.0,2848.0,2983.0
2019-01-10,region,Сахалинская область,23500,8880,14620,69119.0,22764.0,24501.0,8378.0,13476.0
2019-01-10,region,Забайкальский край,26037,7826,18211,70718.0,18083.0,25268.0,5279.0,22088.0
2019-01-10,region,Еврейская автономная область,4178,1242,2936,11819.0,3306.0,4631.0,144.0,3738.0
2019-01-10,region,Чукотский автономный округ,1377,386,991,2813.0,938.0,855.0,372.0,648.0
2019-08-10,RF,Российская Федерация,5836910,2460399,3376511,15391085.0,5824604.0,5437454.0,1603276.0,2525751.0
2019-08-10,FO,Центральный федеральный округ,1776453,841457,934996,4949779.0,2022057.0,1787451.0,545201.0,595070.0
2019-08-10,region,Белгородская область,61756,20239,41517,144946.0,47077.0,52183.0,16858.0,28828.0
2019-08-10,region,Брянская область,40618,11718,28900,99550.0,31059.0,39762.0,10365.0,18364.0
2019-08-10,region,Владимирская область,52402,17617,34785,148079.0,46494.0,54295.0,18347.0,28943.0
2019-08-10,region,Воронежская область,86841,33527,53314,244963.0,79145.0,90611.0,28185.0,47022.0
2019-08-10,region,Ивановская область,42370,19668,22702,124997.0,41824.0,48871.0,7002.0,27300.0
2019-08-10,region,Калужская область,42902,13730,29172,114543.0,35104.0,46233.0,14173.0,19033.0
2019-08-10,region,Костромская область,23319,8951,14368,86185.0,22751.0,30578.0,7702.0,25154.0
2019-08-10,region,Курская область,35664,11041,24623,90127.0,24717.0,31983.0,9457.0,23970.0
2019-08-10,region,Липецкая область,39846,12679,27167,95003.0,32173.0,35537.0,10082.0,17211.0
2019-08-10,region,Московская область,342110,129268,212842,835780.0,324228.0,301390.0,105382.0,104780.0
2019-08-10,region,Орловская область,26352,8229,18123,70385.0,19609.0,25792.0,9191.0,15793.0
2019-08-10,region,Рязанская область,42149,16613,25536,129804.0,40821.0,50769.0,12125.0,26089.0
2019-08-10,region,Смоленская область,37930,16396,21534,107951.0,34089.0,38911.0,14502.0,20449.0
2019-08-10,region,Тамбовская область,31761,9848,21913,77502.0,22897.0,28049.0,9183.0,17373.0
2019-08-10,region,Тверская область,47002,19517,27485,144881.0,48635.0,54741.0,15873.0,25632.0
2019-08-10,region,Тульская область,54962,20171,34791,138252.0,49095.0,50308.0,14590.0,24259.0
2019-08-10,region,Ярославская область,49840,23907,25933,147070.0,54420.0,53662.0,15271.0,23717.0
2019-08-10,region,г.Москва,718629,448338,270291,2149761.0,1067919.0,753776.0,226913.0,101153.0
2019-08-10,FO,Северо-Западный федеральный округ,678472,340931,337541,1876220.0,801333.0,683864.0,172677.0,218346.0
2019-08-10,region,Республика Карелия,26270,11876,14394,59057.0,23067.0,23515.0,4501.0,7974.0
2019-08-10,region,Республика Коми,27631,9932,17699,69608.0,21845.0,25791.0,6102.0,15870.0
2019-08-10,region,Архангельская область,36941,12617,24324,96379.0,27569.0,34829.0,8745.0,25236.0
2019-08-10,region,Вологодская область,50997,23891,27106,127597.0,43712.0,45141.0,12448.0,26296.0
2019-08-10,region,Калининградская область,55990,29037,26953,141751.0,64083.0,46908.0,6198.0,24562.0
2019-08-10,region,Ленинградская область,61478,18503,42975,148049.0,46074.0,54127.0,20215.0,27633.0
2019-08-10,region,Мурманская область,25112,9992,15120,51250.0,20840.0,18551.0,4020.0,7839.0
2019-08-10,region,Новгородская область,20842,7262,13580,53463.0,16935.0,21828.0,5400.0,9300.0
2019-08-10,region,Псковская область,22352,9169,13183,60160.0,21245.0,24341.0,5626.0,8948.0
2019-08-10,region,г.Санкт-Петербург,349430,208268,141162,1065380.0,515037.0,387719.0,98627.0,63997.0
2019-08-10,region,Ненецкий автономный округ,1429,384,1045,3526.0,926.0,1114.0,795.0,691.0
2019-08-10,FO,Южный федеральный округ,703469,191887,511582,1468090.0,492549.0,452714.0,135586.0,387241.0
2019-08-10,region,Республика Адыгея (Адыгея),16249,3533,12716,31601.0,9211.0,10955.0,3526.0,7909.0
2019-08-10,region,Республика Калмыкия,8882,1612,7270,11751.0,3306.0,3526.0,1190.0,3729.0
2019-08-10,region,Краснодарский край,281267,74759,206508,542359.0,185681.0,162389.0,54779.0,139510.0
2019-08-10,region,Астраханская область,30943,8781,22162,72970.0,22988.0,22482.0,5670.0,21830.0
2019-08-10,region,Волгоградская область,78395,24077,54318,186273.0,62139.0,62686.0,20039.0,41409.0
2019-08-10,region,Ростовская область,174171,49824,124347,402570.0,130964.0,132367.0,36538.0,102701.0
2019-08-10,region,Республика Крым,89538,21677,67861,173511.0,58823.0,45283.0,11821.0,57584.0
2019-08-10,region,г.Севастополь,24024,7624,16400,47055.0,19437.0,13026.0,2023.0,12569.0
2019-08-10,FO,Северо-Кавказский федеральный округ,196665,45390,151275,348283.0,110963.0,111785.0,44708.0,80827.0
2019-08-10,region,Республика Дагестан,34566,6362,28204,41759.0,15295.0,16382.0,4098.0,5984.0
2019-08-10,region,Республика Ингушетия,4353,1501,2852,4536.0,2718.0,1390.0,115.0,313.0
2019-08-10,region,Кабардино-Балкарская Республика,18225,4811,13414,28808.0,11065.0,9942.0,3334.0,4467.0
2019-08-10,region,Карачаево-Черкесская Республика,10739,2471,8268,17889.0,6026.0,4248.0,3296.0,4319.0
2019-08-10,region,Республика Северная Осетия - Алания,14923,4059,10864,25748.0,9917.0,9837.0,2442.0,3552.0
2019-08-10,region,Чеченская Республика,13113,3030,10083,13315.0,5597.0,4301.0,1628.0,1789.0
2019-08-10,region,Ставропольский край,100746,23156,77590,216228.0,60345.0,65685.0,29795.0,60403.0
2019-08-10,FO,Приволжский федеральный округ,1047886,435412,612474,3013078.0,1038454.0,1096505.0,332731.0,545388.0
2019-08-10,region,Республика Башкортостан,124114,49533,74581,330689.0,110854.0,124911.0,33111.0,61813.0
2019-08-10,region,Республика Марий Эл,20334,8103,12231,64936.0,20589.0,24998.0,6292.0,13057.0
2019-08-10,region,Республика Мордовия,20719,6435,14284,67643.0,16647.0,26527.0,8682.0,15787.0
2019-08-10,region,Республика Татарстан (Татарстан),154370,69643,84727,436476.0,170021.0,154180.0,46029.0,66246.0
2019-08-10,region,Удмуртская Республика,56065,23584,32481,170228.0,53152.0,64413.0,24646.0,28017.0
2019-08-10,region,Чувашская Республика - Чувашия,45474,14919,30555,121117.0,38487.0,45464.0,15277.0,21889.0
2019-08-10,region,Кировская область,48583,19631,28952,139736.0,42502.0,49074.0,15247.0,32913.0
2019-08-10,region,Нижегородская область,125728,57808,67920,396735.0,139121.0,147615.0,47867.0,62132.0
2019-08-10,region,Оренбургская область,57468,19080,38388,151529.0,44811.0,56963.0,19741.0,30014.0
2019-08-10,region,Пензенская область,45210,14170,31040,124475.0,36038.0,42114.0,9874.0,36449.0
2019-08-10,region,Пермский край,101380,41560,59820,286616.0,94602.0,97473.0,29994.0,64547.0
2019-08-10,region,Самарская область,130890,66650,64240,378706.0,161186.0,138022.0,42320.0,37178.0
2019-08-10,region,Саратовская область,74095,26813,47282,223606.0,70625.0,78559.0,21690.0,52732.0
2019-08-10,region,Ульяновская область,43456,17483,25973,120586.0,39819.0,46192.0,11961.0,22614.0
2019-08-10,FO,Уральский федеральный округ,503146,215407,287739,1319283.0,484057.0,458097.0,143627.0,233502.0
2019-08-10,region,Курганская область,21898,7202,14696,63087.0,17392.0,21986.0,7213.0,16496.0
2019-08-10,region,Свердловская область,198183,91563,106620,527626.0,196716.0,179459.0,56355.0,95096.0
2019-08-10,region,Тюменская область,65596,30986,34610,181513.0,71716.0,64188.0,19071.0,26538.0
2019-08-10,region,Челябинская область,139036,60311,78725,349642.0,133416.0,121018.0,32903.0,62305.0
2019-08-10,region,Ханты-Мансийский автономный округ - Югра,60641,20511,40130,155278.0,51407.0,56855.0,23338.0,23678.0
2019-08-10,region,Ямало-Ненецкий автономный округ,17792,4834,12958,42137.0,13410.0,14591.0,4747.0,9389.0
2019-08-10,FO,Сибирский федеральный округ,621640,269186,352454,1661427.0,613829.0,588538.0,165751.0,293309.0
2019-08-10,region,Республика Алтай,8380,2664,5716,18679.0,5335.0,6462.0,3373.0,3509.0
2019-08-10,region,Республика Тыва,7068,1070,5998,8785.0,2415.0,1743.0,740.0,3887.0
2019-08-10,region,Республика Хакасия,16930,5033,11897,39341.0,10843.0,11916.0,2809.0,13773.0
2019-08-10,region,Алтайский край,77459,31858,45601,216110.0,69789.0,75973.0,29392.0,40956.0
2019-08-10,region,Красноярский край,105692,45895,59797,269460.0,102129.0,91828.0,25064.0,50439.0
2019-08-10,region,Иркутская область,87858,36570,51288,220765.0,82115.0,79838.0,17476.0,41336.0
2019-08-10,region,Кемеровская область,69987,27905,42082,201347.0,70866.0,77737.0,18970.0,33774.0
2019-08-10,region,Новосибирская область,141560,71845,69715,394095.0,168220.0,143458.0,39521.0,42896.0
2019-08-10,region,Омская область,64805,26489,38316,180037.0,59305.0,62844.0,15549.0,42339.0
2019-08-10,region,Томская область,41901,19857,22044,112808.0,42812.0,36739.0,12857.0,20400.0
2019-08-10,FO,Дальневосточный федеральный округ,309179,120729,188450,754925.0,261362.0,258500.0,62995.0,172068.0
2019-08-10,region,Республика Бурятия,28458,11227,17231,58529.0,20108.0,17714.0,3056.0,17651.0
2019-08-10,region,Республика Саха (Якутия),38650,10901,27749,58523.0,19482.0,20607.0,4530.0,13904.0
2019-08-10,region,Приморский край,87865,39705,48160,222811.0,86405.0,74457.0,16074.0,45875.0
2019-08-10,region,Хабаровский край,50931,24086,26845,141477.0,53953.0,51291.0,11940.0,24293.0
2019-08-10,region,Амурская область,27059,9704,17355,75191.0,22399.0,26485.0,5857.0,20450.0
2019-08-10,region,Камчатский край,15217,5584,9633,33186.0,10793.0,11196.0,3466.0,7731.0
2019-08-10,region,Магаданская область,6771,2225,4546,18746.0,5222.0,7335.0,3147.0,3042.0
2019-08-10,region,Сахалинская область,23401,8447,14954,66056.0,21399.0,23041.0,8740.0,12876.0
2019-08-10,region,Забайкальский край,25395,7309,18086,66326.0,17726.0,21687.0,4893.0,22020.0
2019-08-10,region,Еврейская автономная область,4084,1157,2927,10850.0,2922.0,4046.0,360.0,3522.0
2019-08-10,region,Чукотский автономный округ,1348,384,964,3230.0,953.0,641.0,932.0,704.0
2020-01-10,RF,Российская Федерация,5916906,2528711,3388195,15321788.0,5740626.0,5456929.0,1673683.0,2450550.0
2020-01-10,FO,Центральный федеральный округ,1821752,869197,952555,4937504.0,1995653.0,1795195.0,568757.0,577899.0
2020-01-10,region,Белгородская область,62362,21247,41115,142390.0,46420.0,51930.0,16936.0,27104.0
2020-01-10,region,Брянская область,39590,11770,27820,99051.0,30750.0,39735.0,10830.0,17736.0
2020-01-10,region,Владимирская область,52424,17842,34582,147606.0,45969.0,54490.0,19041.0,28106.0
2020-01-10,region,Воронежская область,87627,34419,53208,242480.0,77498.0,90786.0,29295.0,44901.0
2020-01-10,region,Ивановская область,42528,19907,22621,122820.0,40620.0,48121.0,7704.0,26375.0
2020-01-10,region,Калужская область,42860,14119,28741,114957.0,34976.0,46612.0,14729.0,18640.0
2020-01-10,region,Костромская область,23152,8961,14191,84937.0,22430.0,30542.0,7524.0,24441.0
2020-01-10,region,Курская область,35990,11538,24452,89447.0,24454.0,31950.0,9752.0,23291.0
2020-01-10,region,Липецкая область,39881,13147,26734,93668.0,31918.0,35012.0,10323.0,16415.0
2020-01-10,region,Московская область,354974,134826,220148,841569.0,323140.0,305110.0,111986.0,101333.0
2020-01-10,region,Орловская область,25869,7979,17890,69867.0,19125.0,26137.0,9330.0,15275.0
2020-01-10,region,Рязанская область,42544,17073,25471,129571.0,40488.0,51243.0,12433.0,25407.0
2020-01-10,region,Смоленская область,38654,17199,21455,108107.0,33866.0,39336.0,14955.0,19950.0
2020-01-10,region,Тамбовская область,31434,9923,21511,77965.0,22509.0,28150.0,10405.0,16901.0
2020-01-10,region,Тверская область,47390,19952,27438,143526.0,48128.0,54361.0,16111.0,24926.0
2020-01-10,region,Тульская область,55668,20701,34967,139054.0,48616.0,50649.0,16238.0,23551.0
2020-01-10,region,Ярославская область,50451,24651,25800,149771.0,53692.0,54826.0,17960.0,23293.0
2020-01-10,region,г.Москва,748354,463943,284411,2140718.0,1051054.0,756205.0,233205.0,100254.0
2020-01-10,FO,Северо-Западный федеральный округ,692465,347056,345409,1871370.0,785548.0,688404.0,184251.0,213167.0
2020-01-10,region,Республика Карелия,26401,12025,14376,58273.0,22608.0,23396.0,4530.0,7739.0
2020-01-10,region,Республика Коми,27546,9958,17588,68308.0,21460.0,25586.0,6102.0,15160.0
2020-01-10,region,Архангельская область,36927,12766,24161,95400.0,27321.0,34808.0,9004.0,24267.0
2020-01-10,region,Вологодская область,51434,24681,26753,126825.0,43112.0,45584.0,12603.0,25526.0
2020-01-10,region,Калининградская область,56768,29464,27304,143197.0,63480.0,48020.0,7745.0,23952.0
2020-01-10,region,Ленинградская область,63918,19466,44452,150963.0,45810.0,55158.0,22691.0,27304.0
2020-01-10,region,Мурманская область,25182,9977,15205,51185.0,20272.0,18717.0,4670.0,7526.0
2020-01-10,region,Новгородская область,20913,7541,13372,54886.0,17083.0,22393.0,6246.0,9164.0
2020-01-10,region,Псковская область,22114,9162,12952,60296.0,21141.0,24531.0,5937.0,8687.0
2020-01-10,region,г.Санкт-Петербург,359777,211610,148167,1058348.0,502313.0,389041.0,103823.0,63171.0
2020-01-10,region,Ненецкий автономный округ,1485,406,1079,3689.0,948.0,1170.0,900.0,671.0
2020-01-10,FO,Южный федеральный округ,694492,196194,498298,1460137.0,485438.0,457131.0,142207.0,375361.0
2020-01-10,region,Республика Адыгея (Адыгея),16146,3641,12505,31789.0,9050.0,11204.0,3756.0,7779.0
2020-01-10,region,Республика Калмыкия,8903,1660,7243,11743.0,3378.0,3721.0,1190.0,3454.0
2020-01-10,region,Краснодарский край,276897,76769,200128,539273.0,182646.0,163685.0,58226.0,134716.0
2020-01-10,region,Астраханская область,30800,8928,21872,71947.0,22622.0,22944.0,5661.0,20720.0
2020-01-10,region,Волгоградская область,77835,24110,53725,184789.0,60795.0,63457.0,20912.0,39625.0
2020-01-10,region,Ростовская область,174209,51512,122697,402450.0,129618.0,134004.0,38524.0,100304.0
2020-01-10,region,Республика Крым,85804,21844,63960,171637.0,58153.0,45026.0,11915.0,56543.0
2020-01-10,region,г.Севастополь,23898,7730,16168,46509.0,19176.0,13090.0,2023.0,12220.0
2020-01-10,FO,Северо-Кавказский федеральный округ,200256,48053,152203,352380.0,111918.0,114307.0,47446.0,78709.0
2020-01-10,region,Республика Дагестан,36569,7348,29221,45653.0,16467.0,18170.0,4999.0,6017.0
2020-01-10,region,Республика Ингушетия,4730,1719,3011,4873.0,2757.0,1466.0,335.0,315.0
2020-01-10,region,Кабардино-Балкарская Республика,18496,5049,13447,29162.0,11104.0,10021.0,3687.0,4350.0
2020-01-10,region,Карачаево-Черкесская Республика,10861,2631,8230,18460.0,6105.0,4338.0,3754.0,4263.0
2020-01-10,region,Республика Северная Осетия - Алания,14981,4304,10677,26241.0,9966.0,10139.0,2765.0,3371.0
2020-01-10,region,Чеченская Республика,14143,3420,10723,13499.0,5692.0,4410.0,1428.0,1969.0
2020-01-10,region,Ставропольский край,100476,23582,76894,214492.0,59827.0,65763.0,30478.0,58424.0
2020-01-10,FO,Приволжский федеральный округ,1058398,449933,608465,3004481.0,1025120.0,1101989.0,348455.0,528917.0
2020-01-10,region,Республика Башкортостан,126557,52120,74437,327347.0,108391.0,124676.0,34154.0,60126.0
2020-01-10,region,Республика Марий Эл,20245,8152,12093,64481.0,20373.0,25061.0,6388.0,12659.0
2020-01-10,region,Республика Мордовия,20359,6535,13824,66701.0,16450.0,26428.0,8724.0,15099.0
2020-01-10,region,Республика Татарстан (Татарстан),157783,73541,84242,437962.0,168907.0,155509.0,48694.0,64852.0
2020-01-10,region,Удмуртская Республика,56505,24375,32130,168786.0,52779.0,64498.0,24234.0,27275.0
2020-01-10,region,Чувашская Республика - Чувашия,45332,15044,30288,123123.0,38008.0,46583.0,17145.0,21387.0
2020-01-10,region,Кировская область,48100,19696,28404,140910.0,42033.0,49948.0,16844.0,32085.0
2020-01-10,region,Нижегородская область,127339,59616,67723,397875.0,137982.0,149139.0,50306.0,60448.0
2020-01-10,region,Оренбургская область,57192,19286,37906,150908.0,43768.0,57395.0,20959.0,28786.0
2020-01-10,region,Пензенская область,45020,14516,30504,123654.0,35365.0,42174.0,10961.0,35154.0
2020-01-10,region,Пермский край,102028,42722,59306,284207.0,93880.0,97742.0,30568.0,62017.0
2020-01-10,region,Самарская область,133835,69187,64648,377804.0,158782.0,138505.0,44319.0,36198.0
2020-01-10,region,Саратовская область,74666,27437,47229,221486.0,69458.0,78253.0,22700.0,51075.0
2020-01-10,region,Ульяновская область,43437,17706,25731,119237.0,38944.0,46078.0,12459.0,21756.0
2020-01-10,FO,Уральский федеральный округ,510075,219744,290331,1308617.0,478097.0,456220.0,146579.0,227721.0
2020-01-10,region,Курганская область,21699,7274,14425,62355.0,17249.0,22047.0,7127.0,15932.0
2020-01-10,region,Свердловская область,201981,93669,108312,522309.0,194193.0,177776.0,57110.0,93230.0
2020-01-10,region,Тюменская область,66675,31400,35275,179863.0,70116.0,63947.0,19823.0,25977.0
2020-01-10,region,Челябинская область,140093,61522,78571,348282.0,132092.0,121359.0,34212.0,60619.0
2020-01-10,region,Ханты-Мансийский автономный округ - Югра,61476,20905,40571,153965.0,51143.0,56583.0,23438.0,22801.0
2020-01-10,region,Ямало-Ненецкий автономный округ,18151,4974,13177,41843.0,13304.0,14508.0,4869.0,9162.0
2020-01-10,FO,Сибирский федеральный округ,628271,275146,353125,1645450.0,602384.0,586337.0,172373.0,284356.0
2020-01-10,region,Республика Алтай,8058,2641,5417,18454.0,5295.0,6629.0,3193.0,3337.0
2020-01-10,region,Республика Тыва,7007,1148,5859,8684.0,2320.0,1776.0,836.0,3752.0
2020-01-10,region,Республика Хакасия,16632,5027,11605,38913.0,10724.0,11915.0,2757.0,13517.0
2020-01-10,region,Алтайский край,77764,32816,44948,213768.0,68102.0,75409.0,30031.0,40226.0
2020-01-10,region,Красноярский край,106969,46518,60451,268122.0,100061.0,92093.0,27171.0,48797.0
2020-01-10,region,Иркутская область,88921,37345,51576,219080.0,80739.0,79806.0,18437.0,40098.0
2020-01-10,region,Кемеровская область,70257,28174,42083,197859.0,69165.0,76519.0,19990.0,32185.0
2020-01-10,region,Новосибирская область,145025,74047,70978,391791.0,165645.0,142860.0,41308.0,41978.0
2020-01-10,region,Омская область,65510,27383,38127,176988.0,58158.0,62846.0,15486.0,40498.0
2020-01-10,region,Томская область,42128,20047,22081,111791.0,42175.0,36484.0,13164.0,19968.0
2020-01-10,FO,Дальневосточный федеральный округ,311197,123388,187809,741849.0,256468.0,257346.0,63615.0,164420.0
2020-01-10,region,Республика Бурятия,28583,11582,17001,55964.0,19541.0,17557.0,2825.0,16041.0
2020-01-10,region,Республика Саха (Якутия),39025,11388,27637,57955.0,19279.0,20604.0,4627.0,13445.0
2020-01-10,region,Приморский край,88444,40296,48148,218065.0,84109.0,74374.0,16100.0,43482.0
2020-01-10,region,Хабаровский край,51617,24778,26839,139035.0,53054.0,50748.0,11827.0,23406.0
2020-01-10,region,Амурская область,26853,9737,17116,74113.0,22202.0,26272.0,5888.0,19751.0
2020-01-10,region,Камчатский край,15386,5734,9652,32926.0,10613.0,11313.0,3423.0,7577.0
2020-01-10,region,Магаданская область,6821,2295,4526,17972.0,5060.0,7001.0,2954.0,2957.0
2020-01-10,region,Сахалинская область,23706,8646,15060,66452.0,21367.0,23215.0,9225.0,12645.0
2020-01-10,region,Забайкальский край,25350,7351,17999,65490.0,17429.0,21641.0,5454.0,20966.0
2020-01-10,region,Еврейская автономная область,4022,1174,2848,10655.0,2873.0,3952.0,360.0,3470.0
2020-01-10,region,Чукотский автономный округ,1390,407,983,3222.0,941.0,669.0,932.0,680.0
2020-08-10,RF,Российская Федерация,5590081,2329438,3260643,15520026.0,5752382.0,5388049.0,1756889.0,2622706.0
2020-08-10,FO,Центральный федеральный округ,1706876,786646,920230,5047865.0,2013604.0,1794044.0,608764.0,631453.0
2020-08-10,region,Белгородская область,59530,19479,40051,146518.0,46264.0,52126.0,19162.0,28966.0
2020-08-10,region,Брянская область,37560,10764,26796,98018.0,29352.0,38240.0,11069.0,19357.0
2020-08-10,region,Владимирская область,49687,16670,33017,149391.0,44383.0,53751.0,22443.0,28814.0
2020-08-10,region,Воронежская область,83807,31991,51816,245766.0,79798.0,88794.0,29574.0,47600.0
2020-08-10,region,Ивановская область,40527,18603,21924,123016.0,39258.0,45405.0,11073.0,27280.0
2020-08-10,region,Калужская область,41188,13246,27942,116642.0,36422.0,46314.0,13872.0,20034.0
2020-08-10,region,Костромская область,22114,8381,13733,82939.0,21301.0,29138.0,8007.0,24493.0
2020-08-10,region,Курская область,34819,10808,24011,88881.0,24854.0,31011.0,9180.0,23836.0
2020-08-10,region,Липецкая область,38448,12569,25879,95677.0,33626.0,34134.0,10344.0,17573.0
2020-08-10,region,Московская область,339397,125462,213935,868295.0,329961.0,302293.0,119182.0,116859.0
2020-08-10,region,Орловская область,25064,7636,17428,68347.0,19598.0,24581.0,8134.0,16034.0
2020-08-10,region,Рязанская область,40437,15833,24604,129559.0,39754.0,49448.0,13738.0,26619.0
2020-08-10,region,Смоленская область,36740,16300,20440,107909.0,35066.0,37562.0,14947.0,20334.0
2020-08-10,region,Тамбовская область,30527,9190,21337,78655.0,22101.0,27902.0,10752.0,17900.0
2020-08-10,region,Тверская область,44867,18474,26393,141558.0,46596.0,53391.0,15682.0,25889.0
2020-08-10,region,Тульская область,52902,19148,33754,139851.0,48362.0,51012.0,15373.0,25104.0
2020-08-10,region,Ярославская область,47894,23237,24657,153338.0,54666.0,53629.0,20671.0,24372.0
2020-08-10,region,г.Москва,681368,408855,272513,2213505.0,1062242.0,775313.0,255561.0,120389.0
2020-08-10,FO,Северо-Западный федеральный округ,649300,317287,332013,1908103.0,787684.0,684656.0,205229.0,230534.0
2020-08-10,region,Республика Карелия,25264,11257,14007,57974.0,22730.0,21482.0,5317.0,8445.0
2020-08-10,region,Республика Коми,26042,9303,16739,65139.0,20265.0,22957.0,7175.0,14742.0
2020-08-10,region,Архангельская область,34657,11912,22745,89699.0,25241.0,32650.0,9240.0,22568.0
2020-08-10,region,Вологодская область,48483,23102,25381,128048.0,42632.0,44462.0,14563.0,26391.0
2020-08-10,region,Калининградская область,54063,27316,26747,147665.0,63289.0,48629.0,9054.0,26693.0
2020-08-10,region,Ленинградская область,61650,18967,42683,160130.0,48559.0,55535.0,26001.0,30035.0
2020-08-10,region,Мурманская область,23747,9388,14359,50750.0,20428.0,16973.0,5766.0,7583.0
2020-08-10,region,Новгородская область,20059,7176,12883,54833.0,16839.0,22706.0,6006.0,9282.0
2020-08-10,region,Псковская область,20757,8278,12479,61084.0,20412.0,24183.0,7156.0,9333.0
2020-08-10,region,г.Санкт-Петербург,333154,190200,142954,1089113.0,506357.0,394031.0,114086.0,74639.0
2020-08-10,region,Ненецкий автономный округ,1424,388,1036,3668.0,932.0,1048.0,865.0,823.0
2020-08-10,FO,Южный федеральный округ,666836,183292,483544,1484080.0,480657.0,451222.0,150803.0,401398.0
2020-08-10,region,Республика Адыгея (Адыгея),15214,3524,11690,32604.0,8989.0,11277.0,3877.0,8461.0
2020-08-10,region,Республика Калмыкия,8467,1482,6985,11592.0,3297.0,3684.0,713.0,3898.0
2020-08-10,region,Краснодарский край,266541,71228,195313,553386.0,183153.0,164072.0,60706.0,145455.0
2020-08-10,region,Астраханская область,28979,8136,20843,70094.0,21944.0,21464.0,4779.0,21907.0
2020-08-10,region,Волгоградская область,72860,21917,50943,182869.0,58880.0,61249.0,19580.0,43160.0
2020-08-10,region,Ростовская область,166769,48710,118059,408779.0,128371.0,131235.0,44740.0,104433.0
2020-08-10,region,Республика Крым,85064,20898,64166,176759.0,57180.0,44586.0,14088.0,60905.0
2020-08-10,region,г.Севастополь,22942,7397,15545,47997.0,18843.0,13655.0,2320.0,13179.0
2020-08-10,FO,Северо-Кавказский федеральный округ,190945,46642,144303,365105.0,117901.0,110517.0,47515.0,89172.0
2020-08-10,region,Республика Дагестан,33823,7242,26581,48003.0,18811.0,17025.0,4611.0,7556.0
2020-08-10,region,Республика Ингушетия,3932,1666,2266,5250.0,2698.0,1734.0,260.0,558.0
2020-08-10,region,Кабардино-Балкарская Республика,17541,4894,12647,29787.0,11517.0,9368.0,4294.0,4608.0
2020-08-10,region,Карачаево-Черкесская Республика,10374,2605,7769,18622.0,5952.0,4624.0,3679.0,4367.0
2020-08-10,region,Республика Северная Осетия - Алания,14721,4352,10369,27621.0,10875.0,9887.0,2983.0,3876.0
2020-08-10,region,Чеченская Республика,13097,3261,9836,20639.0,8151.0,4834.0,2547.0,5107.0
2020-08-10,region,Ставропольский край,97457,22622,74835,215183.0,59897.0,63045.0,29141.0,63100.0
2020-08-10,FO,Приволжский федеральный округ,1000139,415271,584868,3008044.0,1021137.0,1074403.0,356352.0,556152.0
2020-08-10,region,Республика Башкортостан,119568,48407,71161,333083.0,110716.0,122101.0,38313.0,61953.0
2020-08-10,region,Республика Марий Эл,19390,7657,11733,64145.0,19979.0,23892.0,6807.0,13467.0
2020-08-10,region,Республика Мордовия,19910,6139,13771,66975.0,16374.0,24661.0,9997.0,15943.0
2020-08-10,region,Республика Татарстан (Татарстан),149989,68620,81369,442931.0,169663.0,156086.0,48257.0,68925.0
2020-08-10,region,Удмуртская Республика,54253,23151,31102,171099.0,52552.0,64369.0,23222.0,30956.0
2020-08-10,region,Чувашская Республика - Чувашия,43462,14184,29278,122739.0,37592.0,45270.0,17236.0,22641.0
2020-08-10,region,Кировская область,45364,18382,26982,139239.0,41205.0,47763.0,17515.0,32756.0
2020-08-10,region,Нижегородская область,120516,55446,65070,398694.0,138252.0,143297.0,53724.0,63421.0
2020-08-10,region,Оренбургская область,55070,18167,36903,148022.0,44227.0,54775.0,18490.0,30530.0
2020-08-10,region,Пензенская область,43354,13536,29818,125089.0,35010.0,41925.0,11661.0,36493.0
2020-08-10,region,Пермский край,93787,38776,55011,282955.0,92170.0,93812.0,33685.0,63288.0
2020-08-10,region,Самарская область,122020,60190,61830,377289.0,157058.0,137335.0,41439.0,41457.0
2020-08-10,region,Саратовская область,71901,26033,45868,218139.0,67138.0,76148.0,23697.0,51156.0
2020-08-10,region,Ульяновская область,41555,16583,24972,117645.0,39201.0,42969.0,12309.0,23166.0
2020-08-10,FO,Уральский федеральный округ,481549,205383,276166,1310429.0,472220.0,448295.0,148998.0,240916.0
2020-08-10,region,Курганская область,20951,6786,14165,60692.0,16246.0,21458.0,6946.0,16042.0
2020-08-10,region,Свердловская область,189752,87477,102275,527415.0,190877.0,177648.0,59922.0,98968.0
2020-08-10,region,Тюменская область,63217,28866,34351,181675.0,71610.0,61901.0,19389.0,28775.0
2020-08-10,region,Челябинская область,132715,58191,74524,348710.0,130933.0,118481.0,35314.0,63982.0
2020-08-10,region,Ханты-Мансийский автономный округ - Югра,57980,19594,38386,151165.0,49250.0,54664.0,23451.0,23800.0
2020-08-10,region,Ямало-Ненецкий автономный округ,16934,4469,12465,40772.0,13304.0,14143.0,3976.0,9349.0
2020-08-10,FO,Сибирский федеральный округ,595954,256617,339337,1647957.0,598198.0,573236.0,175537.0,300986.0
2020-08-10,region,Республика Алтай,8041,2551,5490,18092.0,5355.0,6038.0,3262.0,3437.0
2020-08-10,region,Республика Тыва,6714,1106,5608,8643.0,2428.0,1752.0,703.0,3760.0
2020-08-10,region,Республика Хакасия,15934,4692,11242,37290.0,10291.0,11309.0,2363.0,13327.0
2020-08-10,region,Алтайский край,74625,30723,43902,210999.0,67004.0,73604.0,29854.0,40537.0
2020-08-10,region,Красноярский край,100160,42795,57365,267363.0,98534.0,90413.0,27688.0,50728.0
2020-08-10,region,Иркутская область,84286,34696,49590,216646.0,79392.0,75805.0,19003.0,42446.0
2020-08-10,region,Кемеровская область,67066,26340,40726,195820.0,67986.0,73624.0,20040.0,34170.0
2020-08-10,region,Новосибирская область,137201,69475,67726,401845.0,167610.0,142983.0,43320.0,47932.0
2020-08-10,region,Омская область,61858,25470,36388,179899.0,58032.0,61153.0,16768.0,43946.0
2020-08-10,region,Томская область,40069,18769,21300,111360.0,41566.0,36555.0,12536.0,20703.0
2020-08-10,FO,Дальневосточный федеральный округ,298482,118300,180182,748443.0,260981.0,251676.0,63691.0,172095.0
2020-08-10,region,Республика Бурятия,28183,11557,16626,57537.0,19851.0,16801.0,3217.0,17668.0
2020-08-10,region,Республика Саха (Якутия),36642,10766,25876,57275.0,19212.0,19442.0,4411.0,14210.0
2020-08-10,region,Приморский край,84335,38366,45969,222622.0,87434.0,74328.0,15497.0,45363.0
2020-08-10,region,Хабаровский край,49430,23551,25879,138729.0,53013.0,48531.0,12448.0,24737.0
2020-08-10,region,Амурская область,26300,9515,16785,75158.0,23756.0,25534.0,5845.0,20023.0
2020-08-10,region,Камчатский край,14597,5504,9093,34210.0,10666.0,11241.0,4471.0,7832.0
2020-08-10,region,Магаданская область,6491,2175,4316,18147.0,5138.0,7262.0,2639.0,3108.0
2020-08-10,region,Сахалинская область,22952,8337,14615,65863.0,21207.0,22983.0,8454.0,13219.0
2020-08-10,region,Забайкальский край,24367,7000,17367,65527.0,16726.0,21373.0,5490.0,21938.0
2020-08-10,region,Еврейская автономная область,3814,1125,2689,10172.0,2972.0,3511.0,391.0,3298.0
2020-08-10,region,Чукотский автономный округ,1371,404,967,3203.0,1006.0,670.0,828.0,699.0
2021-01-10,RF,Российская Федерация,5684561,2371915,3312646,15491144.0,5722031.0,5399685.0,1799961.0,2569467.0
2021-01-10,FO,Центральный федеральный округ,1764883,811065,953818,5057877.0,2011301.0,1803447.0,622991.0,620138.0
2021-01-10,region,Белгородская область,58938,19793,39145,145791.0,46035.0,51950.0,19723.0,28083.0
2021-01-10,region,Брянская область,36681,10832,25849,97079.0,28935.0,38176.0,11314.0,18654.0
2021-01-10,region,Владимирская область,49046,16504,32542,148843.0,44164.0,53837.0,22362.0,28480.0
2021-01-10,region,Воронежская область,84043,32582,51461,243781.0,78708.0,88662.0,29619.0,46792.0
2021-01-10,region,Ивановская область,40505,18605,21900,121760.0,38713.0,45383.0,10963.0,26701.0
2021-01-10,region,Калужская область,41024,13597,27427,116564.0,36544.0,46617.0,13783.0,19620.0
2021-01-10,region,Костромская область,22063,8371,13692,82529.0,21196.0,29121.0,8003.0,24209.0
2021-01-10,region,Курская область,34576,11053,23523,88424.0,24569.0,31154.0,9295.0,23406.0
2021-01-10,region,Липецкая область,37958,13041,24917,94672.0,33484.0,33791.0,10407.0,16990.0
2021-01-10,region,Московская область,354611,129201,225410,870874.0,331033.0,304410.0,121401.0,114030.0
2021-01-10,region,Орловская область,24575,7812,16763,68492.0,19507.0,24704.0,8667.0,15614.0
2021-01-10,region,Рязанская область,40240,15810,24430,129200.0,39620.0,49583.0,14103.0,25894.0
2021-01-10,region,Смоленская область,36823,16755,20068,107751.0,34864.0,37636.0,15340.0,19911.0
2021-01-10,region,Тамбовская область,30079,9218,20861,78054.0,21966.0,27821.0,10697.0,17570.0
2021-01-10,region,Тверская область,44894,18783,26111,142002.0,46376.0,53591.0,16741.0,25294.0
2021-01-10,region,Тульская область,51903,18835,33068,138265.0,47619.0,50988.0,15304.0,24354.0
2021-01-10,region,Ярославская область,48673,23746,24927,153050.0,54599.0,53567.0,20913.0,23971.0
2021-01-10,region,г.Москва,728251,426527,301724,2230746.0,1063369.0,782456.0,264356.0,120565.0
2021-01-10,FO,Северо-Западный федеральный округ,661265,315588,345677,1895776.0,773917.0,683464.0,210373.0,228022.0
2021-01-10,region,Республика Карелия,25492,11516,13976,57265.0,22720.0,21191.0,5178.0,8176.0
2021-01-10,region,Республика Коми,25788,9133,16655,65161.0,20212.0,22918.0,7529.0,14502.0
2021-01-10,region,Архангельская область,34593,11953,22640,88957.0,25222.0,32437.0,9467.0,21831.0
2021-01-10,region,Вологодская область,48662,23889,24773,127921.0,42480.0,44790.0,14843.0,25808.0
2021-01-10,region,Калининградская область,54077,26745,27332,147516.0,62557.0,48761.0,9974.0,26224.0
2021-01-10,region,Ленинградская область,64410,19920,44490,162304.0,48859.0,56265.0,27328.0,29852.0
2021-01-10,region,Мурманская область,23690,9418,14272,50796.0,20393.0,16619.0,5993.0,7791.0
2021-01-10,region,Новгородская область,19876,7123,12753,54888.0,16868.0,22788.0,6072.0,9160.0
2021-01-10,region,Псковская область,20270,8135,12135,60395.0,20200.0,23814.0,7208.0,9173.0
2021-01-10,region,г.Санкт-Петербург,342926,187349,155577,1076673.0,493453.0,392643.0,115916.0,74661.0
2021-01-10,region,Ненецкий автономный округ,1481,407,1074,3900.0,953.0,1238.0,865.0,844.0
2021-01-10,FO,Южный федеральный округ,665412,186334,479078,1476431.0,478648.0,452322.0,152304.0,393157.0
2021-01-10,region,Республика Адыгея (Адыгея),16291,3572,12719,32328.0,8964.0,11397.0,3753.0,8214.0
2021-01-10,region,Республика Калмыкия,8550,1533,7017,11515.0,3315.0,3608.0,705.0,3887.0
2021-01-10,region,Краснодарский край,265235,72871,192364,551696.0,182359.0,164845.0,61410.0,143082.0
2021-01-10,region,Астраханская область,28421,8079,20342,68926.0,21776.0,21352.0,4810.0,20988.0
2021-01-10,region,Волгоградская область,72366,22141,50225,181331.0,58628.0,61095.0,19859.0,41749.0
2021-01-10,region,Ростовская область,167268,49403,117865,406668.0,127828.0,131315.0,44991.0,102534.0
2021-01-10,region,Республика Крым,83983,21185,62798,176153.0,56897.0,45040.0,14456.0,59760.0
2021-01-10,region,г.Севастополь,23298,7550,15748,47814.0,18881.0,13670.0,2320.0,12943.0
2021-01-10,FO,Северо-Кавказский федеральный округ,192451,48711,143740,380779.0,120854.0,111502.0,60670.0,87753.0
2021-01-10,region,Республика Дагестан,36037,8053,27984,48730.0,19400.0,17316.0,4613.0,7401.0
2021-01-10,region,Республика Ингушетия,4300,1844,2456,5669.0,2771.0,2039.0,260.0,599.0
2021-01-10,region,Кабардино-Балкарская Республика,17860,4963,12897,29830.0,11485.0,9409.0,4412.0,4524.0
2021-01-10,region,Карачаево-Черкесская Республика,10410,2677,7733,18672.0,5942.0,4822.0,3679.0,4229.0
2021-01-10,region,Республика Северная Осетия - Алания,14841,4545,10296,27805.0,11030.0,9990.0,2983.0,3802.0
2021-01-10,region,Чеченская Республика,14388,3720,10668,35598.0,10362.0,4825.0,14902.0,5509.0
2021-01-10,region,Ставропольский край,94615,22909,71706,214475.0,59864.0,63101.0,29821.0,61689.0
2021-01-10,FO,Приволжский федеральный округ,1008260,423404,584856,2990756.0,1014875.0,1075735.0,358734.0,541412.0
2021-01-10,region,Республика Башкортостан,122197,50200,71997,331191.0,109857.0,122616.0,38313.0,60405.0
2021-01-10,region,Республика Марий Эл,19301,7566,11735,63926.0,19842.0,24044.0,6844.0,13196.0
2021-01-10,region,Республика Мордовия,19825,6225,13600,66940.0,16312.0,24654.0,10457.0,15517.0
2021-01-10,region,Республика Татарстан (Татарстан),153157,71530,81627,441672.0,169390.0,156223.0,48972.0,67087.0
2021-01-10,region,Удмуртская Республика,55058,23855,31203,171420.0,52670.0,64240.0,23234.0,31276.0
2021-01-10,region,Чувашская Республика - Чувашия,42612,13847,28765,121971.0,36933.0,45223.0,17612.0,22203.0
2021-01-10,region,Кировская область,45112,18464,26648,137065.0,40856.0,47638.0,17164.0,31407.0
2021-01-10,region,Нижегородская область,122313,56667,65646,398373.0,138063.0,144040.0,54320.0,61950.0
2021-01-10,region,Оренбургская область,54071,17753,36318,146281.0,43301.0,54524.0,18488.0,29968.0
2021-01-10,region,Пензенская область,42501,13694,28807,123691.0,34717.0,42129.0,11472.0,35373.0
2021-01-10,region,Пермский край,95181,39315,55866,279989.0,92131.0,93788.0,33502.0,60568.0
2021-01-10,region,Самарская область,123819,61785,62034,375271.0,155656.0,137263.0,42037.0,40315.0
2021-01-10,region,Саратовская область,72029,26019,46010,216478.0,66482.0,76347.0,24152.0,49497.0
2021-01-10,region,Ульяновская область,41084,16484,24600,116488.0,38665.0,43006.0,12167.0,22650.0
2021-01-10,FO,Уральский федеральный округ,487874,206860,281014,1307145.0,469615.0,449382.0,151182.0,236966.0
2021-01-10,region,Курганская область,20351,6759,13592,59865.0,16132.0,21304.0,6946.0,15483.0
2021-01-10,region,Свердловская область,193394,88136,105258,526017.0,189990.0,177989.0,60734.0,97304.0
2021-01-10,region,Тюменская область,64230,28876,35354,181954.0,70762.0,62573.0,19884.0,28735.0
2021-01-10,region,Челябинская область,133495,58410,75085,347615.0,130141.0,118681.0,35905.0,62888.0
2021-01-10,region,Ханты-Мансийский автономный округ - Югра,59226,20137,39089,151087.0,49281.0,54724.0,23737.0,23345.0
2021-01-10,region,Ямало-Ненецкий автономный округ,17178,4542,12636,40607.0,13309.0,14111.0,3976.0,9211.0
2021-01-10,FO,Сибирский федеральный округ,601227,258665,342562,1636825.0,592622.0,571950.0,178409.0,293844.0
2021-01-10,region,Республика Алтай,7880,2561,5319,18474.0,5349.0,6163.0,3310.0,3652.0
2021-01-10,region,Республика Тыва,6850,1148,5702,8539.0,2450.0,1768.0,703.0,3618.0
2021-01-10,region,Республика Хакасия,15944,4823,11121,36921.0,10319.0,11220.0,2363.0,13019.0
2021-01-10,region,Алтайский край,74980,31799,43181,209872.0,66569.0,73348.0,30700.0,39255.0
2021-01-10,region,Красноярский край,101355,42507,58848,265970.0,97557.0,90700.0,28049.0,49664.0
2021-01-10,region,Иркутская область,85091,34575,50516,214794.0,78792.0,75645.0,18745.0,41612.0
2021-01-10,region,Кемеровская область,66697,25954,40743,193503.0,66931.0,73205.0,20055.0,33312.0
2021-01-10,region,Новосибирская область,140005,70729,69276,399564.0,166103.0,142548.0,44149.0,46764.0
2021-01-10,region,Омская область,62216,25728,36488,178745.0,57419.0,60949.0,17587.0,42790.0
2021-01-10,region,Томская область,40209,18841,21368,110443.0,41133.0,36404.0,12748.0,20158.0
2021-01-10,FO,Дальневосточный федеральный округ,303189,121288,181901,745555.0,260199.0,251883.0,65298.0,168175.0
2021-01-10,region,Республика Бурятия,29465,12562,16903,57455.0,19830.0,17047.0,3231.0,17347.0
2021-01-10,region,Республика Саха (Якутия),38235,11377,26858,57799.0,19490.0,19666.0,4635.0,14008.0
2021-01-10,region,Приморский край,84839,38743,46096,221546.0,87085.0,74462.0,15668.0,44331.0
2021-01-10,region,Хабаровский край,50197,24014,26183,137713.0,52601.0,48511.0,12627.0,23974.0
2021-01-10,region,Амурская область,26092,9594,16498,74467.0,23600.0,25429.0,5933.0,19505.0
2021-01-10,region,Камчатский край,14945,5590,9355,34029.0,10743.0,11145.0,4471.0,7670.0
2021-01-10,region,Магаданская область,6600,2248,4352,18040.0,5150.0,7193.0,2639.0,3058.0
2021-01-10,region,Сахалинская область,23342,8498,14844,66105.0,21203.0,22974.0,8831.0,13097.0
2021-01-10,region,Забайкальский край,24269,7103,17166,65119.0,16555.0,21247.0,6044.0,21273.0
2021-01-10,region,Еврейская автономная область,3746,1135,2611,10063.0,2930.0,3539.0,391.0,3203.0
2021-01-10,region,Чукотский автономный округ,1459,424,1035,3219.0,1012.0,670.0,828.0,709.0
2021-08-10,RF,Российская Федерация,5620997,2257833,3363164,14646503.0,5232402.0,5097238.0,1767817.0,2549046.0
2021-08-10,FO,Центральный федеральный округ,1761918,775555,986363,4776926.0,1839161.0,1708786.0,611410.0,617569.0
2021-08-10,region,Белгородская область,56839,18018,38821,138821.0,42896.0,48916.0,18456.0,28553.0
2021-08-10,region,Брянская область,36268,10144,26124,93316.0,26997.0,35621.0,10951.0,19747.0
2021-08-10,region,Владимирская область,48368,15660,32708,136842.0,39302.0,49298.0,20923.0,27319.0
2021-08-10,region,Воронежская область,82869,30718,52151,230419.0,73827.0,81536.0,28651.0,46405.0
2021-08-10,region,Ивановская область,39523,17296,22227,112715.0,35021.0,41132.0,10829.0,25733.0
2021-08-10,region,Калужская область,40812,13194,27618,109778.0,32637.0,43601.0,14910.0,18630.0
2021-08-10,region,Костромская область,21766,8014,13752,74773.0,18916.0,26465.0,6861.0,22531.0
2021-08-10,region,Курская область,33945,10528,23417,83318.0,23300.0,28503.0,9317.0,22198.0
2021-08-10,region,Липецкая область,37596,12374,25222,90455.0,31227.0,32005.0,10273.0,16950.0
2021-08-10,region,Московская область,363273,126480,236793,834270.0,308885.0,292094.0,116816.0,116475.0
2021-08-10,region,Орловская область,24309,7367,16942,64997.0,18835.0,22607.0,8164.0,15391.0
2021-08-10,region,Рязанская область,39338,14857,24481,119990.0,36149.0,44977.0,14699.0,24165.0
2021-08-10,region,Смоленская область,36091,16042,20049,101889.0,32668.0,34927.0,14667.0,19627.0
2021-08-10,region,Тамбовская область,29368,8572,20796,72764.0,20432.0,25823.0,9491.0,17018.0
2021-08-10,region,Тверская область,44170,17796,26374,132205.0,42869.0,48872.0,16208.0,24256.0
2021-08-10,region,Тульская область,50960,17846,33114,133341.0,43464.0,49882.0,16315.0,23680.0
2021-08-10,region,Ярославская область,47658,22707,24951,141248.0,50564.0,49456.0,18860.0,22368.0
2021-08-10,region,г.Москва,728765,407942,320823,2105785.0,961172.0,753071.0,265019.0,126523.0
2021-08-10,FO,Северо-Западный федеральный округ,650426,298985,351441,1784449.0,704543.0,648414.0,205230.0,226262.0
2021-08-10,region,Республика Карелия,24789,10956,13833,54394.0,21648.0,20247.0,4291.0,8208.0
2021-08-10,region,Республика Коми,24768,8463,16305,61895.0,19124.0,20413.0,7490.0,14868.0
2021-08-10,region,Архангельская область,33268,11246,22022,81376.0,23432.0,28544.0,9228.0,20172.0
2021-08-10,region,Вологодская область,46995,22395,24600,120252.0,38781.0,42581.0,13916.0,24974.0
2021-08-10,region,Калининградская область,53404,25646,27758,138793.0,56839.0,45239.0,9658.0,27057.0
2021-08-10,region,Ленинградская область,65118,19355,45763,156352.0,46889.0,53468.0,26001.0,29994.0
2021-08-10,region,Мурманская область,23359,8910,14449,46211.0,18112.0,14936.0,5361.0,7802.0
2021-08-10,region,Новгородская область,19634,6833,12801,52844.0,15832.0,21711.0,6065.0,9236.0
2021-08-10,region,Псковская область,20049,7862,12187,57157.0,18456.0,22599.0,7255.0,8847.0
2021-08-10,region,г.Санкт-Петербург,337546,176915,160631,1010759.0,444456.0,377291.0,115016.0,73996.0
2021-08-10,region,Ненецкий автономный округ,1496,404,1092,4416.0,974.0,1385.0,949.0,1108.0
2021-08-10,FO,Южный федеральный округ,660559,176516,484043,1409355.0,435398.0,424713.0,154788.0,394456.0
2021-08-10,region,Республика Адыгея (Адыгея),15078,3355,11723,30382.0,8093.0,10664.0,3152.0,8473.0
2021-08-10,region,Республика Калмыкия,8804,1555,7249,12271.0,2990.0,3618.0,763.0,4900.0
2021-08-10,region,Краснодарский край,265059,68660,196399,533854.0,166078.0,158463.0,64143.0,145170.0
2021-08-10,region,Астраханская область,27444,7600,19844,63218.0,19523.0,19364.0,4618.0,19713.0
2021-08-10,region,Волгоградская область,71172,20916,50256,168553.0,52909.0,55145.0,19949.0,40550.0
2021-08-10,region,Ростовская область,164931,46306,118625,388431.0,118577.0,123058.0,43843.0,102953.0
2021-08-10,region,Республика Крым,84786,20641,64145,165577.0,49640.0,42105.0,14479.0,59353.0
2021-08-10,region,г.Севастополь,23285,7483,15802,47069.0,17588.0,12296.0,3841.0,13344.0
2021-08-10,FO,Северо-Кавказский федеральный округ,191195,48993,142202,351417.0,110081.0,105458.0,46451.0,89427.0
2021-08-10,region,Республика Дагестан,36970,9248,27722,51353.0,19161.0,17597.0,5316.0,9279.0
2021-08-10,region,Республика Ингушетия,4387,2196,2191,6085.0,3138.0,2076.0,516.0,355.0
2021-08-10,region,Кабардино-Балкарская Республика,17724,4990,12734,27091.0,10620.0,7865.0,3845.0,4761.0
2021-08-10,region,Карачаево-Черкесская Республика,10592,2466,8126,18251.0,5620.0,4795.0,3138.0,4698.0
2021-08-10,region,Республика Северная Осетия - Алания,15103,4805,10298,27330.0,10451.0,9378.0,3171.0,4330.0
2021-08-10,region,Чеченская Республика,13991,3620,10371,17305.0,5891.0,4637.0,1945.0,4832.0
2021-08-10,region,Ставропольский край,92428,21668,70760,204002.0,55200.0,59110.0,28520.0,61172.0
2021-08-10,FO,Приволжский федеральный округ,994836,401713,593123,2829332.0,931491.0,1008416.0,356687.0,532738.0
2021-08-10,region,Республика Башкортостан,120297,47392,72905,303534.0,98740.0,110819.0,35871.0,58104.0
2021-08-10,region,Республика Марий Эл,19026,7177,11849,59578.0,17426.0,23052.0,6166.0,12934.0
2021-08-10,region,Республика Мордовия,19993,6025,13968,60871.0,14642.0,22186.0,9173.0,14870.0
2021-08-10,region,Республика Татарстан (Татарстан),151276,67934,83342,414041.0,155464.0,145645.0,51826.0,61106.0
2021-08-10,region,Удмуртская Республика,54942,22923,32019,166687.0,49206.0,60273.0,22521.0,34687.0
2021-08-10,region,Чувашская Республика - Чувашия,42259,13367,28892,120460.0,34826.0,45207.0,17477.0,22950.0
2021-08-10,region,Кировская область,43398,17305,26093,128400.0,35718.0,43831.0,18264.0,30587.0
2021-08-10,region,Нижегородская область,119355,53280,66075,373955.0,123861.0,137711.0,52128.0,60255.0
2021-08-10,region,Оренбургская область,54160,16953,37207,137213.0,40185.0,48939.0,17575.0,30514.0
2021-08-10,region,Пензенская область,42400,12904,29496,118048.0,31960.0,38548.0,13040.0,34500.0
2021-08-10,region,Пермский край,92412,36501,55911,264966.0,83560.0,89023.0,33543.0,58840.0
2021-08-10,region,Самарская область,123581,59387,64194,363556.0,146385.0,132815.0,43232.0,41124.0
2021-08-10,region,Саратовская область,71085,24911,46174,203653.0,61014.0,71224.0,23362.0,48053.0
2021-08-10,region,Ульяновская область,40652,15654,24998,114370.0,38504.0,39143.0,12509.0,24214.0
2021-08-10,FO,Уральский федеральный округ,476804,196491,280313,1253307.0,429837.0,432988.0,154602.0,235880.0
2021-08-10,region,Курганская область,20033,6399,13634,57119.0,14689.0,19639.0,7906.0,14885.0
2021-08-10,region,Свердловская область,189659,84484,105175,506064.0,175728.0,172857.0,60604.0,96875.0
2021-08-10,region,Тюменская область,63450,27598,35852,172801.0,63204.0,59948.0,19823.0,29826.0
2021-08-10,region,Челябинская область,130033,54928,75105,331631.0,117797.0,114306.0,38303.0,61225.0
2021-08-10,region,Ханты-Мансийский автономный округ - Югра,57038,18802,38236,145077.0,45094.0,52745.0,24004.0,23234.0
2021-08-10,region,Ямало-Ненецкий автономный округ,16591,4280,12311,40615.0,13325.0,13493.0,3962.0,9835.0
2021-08-10,FO,Сибирский федеральный округ,589129,243997,345132,1537303.0,542613.0,533804.0,173350.0,287536.0
2021-08-10,region,Республика Алтай,8133,2465,5668,18736.0,5040.0,5239.0,3905.0,4552.0
2021-08-10,region,Республика Тыва,6904,1158,5746,7872.0,2506.0,1817.0,350.0,3199.0
2021-08-10,region,Республика Хакасия,15964,4683,11281,35468.0,9735.0,10580.0,2141.0,13012.0
2021-08-10,region,Алтайский край,73096,29403,43693,198676.0,61831.0,69570.0,28952.0,38323.0
2021-08-10,region,Красноярский край,100246,40957,59289,246226.0,88674.0,84629.0,25365.0,47558.0
2021-08-10,region,Иркутская область,83026,32509,50517,202920.0,71646.0,70452.0,20474.0,40348.0
2021-08-10,region,Кемеровская область,64814,24385,40429,179961.0,60371.0,67747.0,19638.0,32205.0
2021-08-10,region,Новосибирская область,137811,67198,70613,375480.0,152606.0,133039.0,42826.0,47009.0
2021-08-10,region,Омская область,60558,24015,36543,168138.0,52106.0,55877.0,18094.0,42061.0
2021-08-10,region,Томская область,38577,17224,21353,103826.0,38098.0,34854.0,11605.0,19269.0
2021-08-10,FO,Дальневосточный федеральный округ,296130,115583,180547,704414.0,239278.0,234659.0,65299.0,165178.0
2021-08-10,region,Республика Бурятия,29574,12248,17326,52575.0,17705.0,14533.0,3139.0,17198.0
2021-08-10,region,Республика Саха (Якутия),38472,11251,27221,56204.0,18499.0,18372.0,3908.0,15425.0
2021-08-10,region,Приморский край,81858,36241,45617,207389.0,79851.0,68530.0,16603.0,42405.0
2021-08-10,region,Хабаровский край,48630,22722,25908,131675.0,49586.0,46046.0,13392.0,22651.0
2021-08-10,region,Амурская область,24995,9080,15915,70264.0,21303.0,24596.0,5721.0,18644.0
2021-08-10,region,Камчатский край,14434,5293,9141,33804.0,9959.0,11059.0,5414.0,7372.0
2021-08-10,region,Магаданская область,6280,2009,4271,16569.0,4842.0,6566.0,2117.0,3044.0
2021-08-10,region,Сахалинская область,22572,8278,14294,62234.0,18581.0,21711.0,8667.0,13275.0
2021-08-10,region,Забайкальский край,24334,6983,17351,60986.0,15281.0,19309.0,4945.0,21451.0
2021-08-10,region,Еврейская автономная область,3602,1084,2518,9246.0,2429.0,3207.0,680.0,2930.0
2021-08-10,region,Чукотский автономный округ,1379,394,985,3468.0,1242.0,730.0,713.0,783.0
2022-01-10,RF,Российская Федерация,5866703,2314058,3552645,14662197.0,5212144.0,5110415.0,1836238.0,2503400.0
2022-01-10,FO,Центральный федеральный округ,1857954,802946,1055008,4796045.0,1832520.0,1718690.0,638906.0,605929.0
2022-01-10,region,Белгородская область,58492,18379,40113,138755.0,42802.0,48789.0,19483.0,27681.0
2022-01-10,region,Брянская область,37004,10166,26838,93197.0,26746.0,35913.0,11248.0,19290.0
2022-01-10,region,Владимирская область,49572,15869,33703,137016.0,39261.0,49668.0,21146.0,26941.0
2022-01-10,region,Воронежская область,85008,31042,53966,229503.0,73409.0,81728.0,28755.0,45611.0
2022-01-10,region,Ивановская область,40637,17474,23163,112202.0,34678.0,40953.0,11374.0,25197.0
2022-01-10,region,Калужская область,42509,13501,29008,109936.0,32589.0,44140.0,15061.0,18146.0
2022-01-10,region,Костромская область,22279,8138,14141,74243.0,18839.0,26446.0,7043.0,21915.0
2022-01-10,region,Курская область,34843,10753,24090,82998.0,23150.0,28737.0,9317.0,21794.0
2022-01-10,region,Липецкая область,39138,13073,26065,90517.0,31239.0,31977.0,10827.0,16474.0
2022-01-10,region,Московская область,389450,131069,258381,838905.0,308789.0,293381.0,122731.0,114004.0
2022-01-10,region,Орловская область,24854,7415,17439,64534.0,18669.0,22527.0,8288.0,15050.0
2022-01-10,region,Рязанская область,40675,15153,25522,119310.0,36057.0,44830.0,14759.0,23664.0
2022-01-10,region,Смоленская область,37587,16873,20714,101790.0,32526.0,34853.0,15182.0,19229.0
2022-01-10,region,Тамбовская область,29746,8444,21302,71734.0,20037.0,25900.0,9489.0,16308.0
2022-01-10,region,Тверская область,45568,18085,27483,131213.0,42302.0,48875.0,16188.0,23848.0
2022-01-10,region,Тульская область,52683,17891,34792,132160.0,42980.0,49813.0,16303.0,23064.0
2022-01-10,region,Ярославская область,49419,23311,26108,141956.0,50361.0,49744.0,19796.0,22055.0
2022-01-10,region,г.Москва,778490,426310,352180,2126076.0,958086.0,760416.0,281916.0,125658.0
2022-01-10,FO,Северо-Западный федеральный округ,678810,304806,374004,1788578.0,700739.0,648110.0,215825.0,223904.0
2022-01-10,region,Республика Карелия,25701,11046,14655,54571.0,21551.0,20186.0,4919.0,7915.0
2022-01-10,region,Республика Коми,25180,8410,16770,61925.0,19027.0,20448.0,7820.0,14630.0
2022-01-10,region,Архангельская область,33917,11328,22589,81133.0,23358.0,28432.0,9650.0,19693.0
2022-01-10,region,Вологодская область,48044,22557,25487,120078.0,38638.0,42553.0,14332.0,24555.0
2022-01-10,region,Калининградская область,55459,26099,29360,138982.0,56875.0,45467.0,9658.0,26982.0
2022-01-10,region,Ленинградская область,69392,19837,49555,158469.0,46765.0,53834.0,27405.0,30465.0
2022-01-10,region,Мурманская область,24496,9011,15485,47085.0,18171.0,14967.0,5745.0,8202.0
2022-01-10,region,Новгородская область,20339,7020,13319,52764.0,15785.0,21801.0,6065.0,9113.0
2022-01-10,region,Псковская область,20470,7921,12549,57272.0,18295.0,22792.0,7539.0,8646.0
2022-01-10,region,г.Санкт-Петербург,354201,181143,173058,1011611.0,441258.0,376290.0,121432.0,72631.0
2022-01-10,region,Ненецкий автономный округ,1611,434,1177,4688.0,1016.0,1340.0,1260.0,1072.0
2022-01-10,FO,Южный федеральный округ,678129,179578,498551,1409666.0,435668.0,426285.0,157894.0,389819.0
2022-01-10,region,Республика Адыгея (Адыгея),15723,3389,12334,30838.0,8211.0,10779.0,3088.0,8760.0
2022-01-10,region,Республика Калмыкия,9811,1715,8096,13184.0,3024.0,3549.0,845.0,5766.0
2022-01-10,region,Краснодарский край,273629,70496,203133,533497.0,165753.0,158793.0,65701.0,143250.0
2022-01-10,region,Астраханская область,28049,7593,20456,62960.0,19287.0,19057.0,4702.0,19914.0
2022-01-10,region,Волгоградская область,72605,20899,51706,172641.0,54317.0,57068.0,20570.0,40686.0
2022-01-10,region,Ростовская область,170274,46842,123432,385393.0,118119.0,122720.0,43947.0,100607.0
2022-01-10,region,Республика Крым,84233,20977,63256,164368.0,49392.0,41999.0,15200.0,57777.0
2022-01-10,region,г.Севастополь,23805,7667,16138,46785.0,17565.0,12320.0,3841.0,13059.0
2022-01-10,FO,Северо-Кавказский федеральный округ,205050,50834,154216,352750.0,110077.0,105770.0,48258.0,88645.0
2022-01-10,region,Республика Дагестан,42289,10055,32234,51918.0,19499.0,18000.0,5234.0,9185.0
2022-01-10,region,Республика Ингушетия,4888,2364,2524,6264.0,3185.0,2175.0,516.0,388.0
2022-01-10,region,Кабардино-Балкарская Республика,19144,5179,13965,27027.0,10630.0,7858.0,3845.0,4694.0
2022-01-10,region,Карачаево-Черкесская Республика,11662,2610,9052,18379.0,5670.0,4797.0,3255.0,4657.0
2022-01-10,region,Республика Северная Осетия - Алания,15979,4993,10986,28498.0,10427.0,9417.0,4463.0,4191.0
2022-01-10,region,Чеченская Республика,16600,4170,12430,19120.0,6251.0,4917.0,2335.0,5617.0
2022-01-10,region,Ставропольский край,94488,21463,73025,201544.0,54415.0,58606.0,28610.0,59913.0
2022-01-10,FO,Приволжский федеральный округ,1035009,410521,624488,2824775.0,926680.0,1009541.0,368842.0,519712.0
2022-01-10,region,Республика Башкортостан,126929,48674,78255,304093.0,98380.0,111926.0,36985.0,56802.0
2022-01-10,region,Республика Марий Эл,19707,7254,12453,59313.0,17391.0,22949.0,6524.0,12449.0
2022-01-10,region,Республика Мордовия,20220,6063,14157,60915.0,14558.0,22050.0,9519.0,14788.0
2022-01-10,region,Республика Татарстан (Татарстан),160412,70789,89623,412254.0,154635.0,145590.0,52524.0,59505.0
2022-01-10,region,Удмуртская Республика,57090,23242,33848,166799.0,48839.0,60163.0,23087.0,34710.0
2022-01-10,region,Чувашская Республика - Чувашия,43597,13587,30010,119890.0,34846.0,45203.0,17432.0,22409.0
2022-01-10,region,Кировская область,44551,17476,27075,127628.0,35516.0,44102.0,18195.0,29815.0
2022-01-10,region,Нижегородская область,123239,54146,69093,373721.0,123130.0,138320.0,53243.0,59028.0
2022-01-10,region,Оренбургская область,55748,17153,38595,137342.0,39939.0,48964.0,18824.0,29615.0
2022-01-10,region,Пензенская область,43458,13110,30348,117298.0,31790.0,38472.0,13251.0,33785.0
2022-01-10,region,Пермский край,95617,36925,58692,265059.0,83231.0,88788.0,35300.0,57740.0
2022-01-10,region,Самарская область,129676,61199,68477,363274.0,145614.0,132968.0,45656.0,39036.0
2022-01-10,region,Саратовская область,72969,25060,47909,202213.0,60550.0,71207.0,23898.0,46558.0
2022-01-10,region,Ульяновская область,41796,15843,25953,114976.0,38261.0,38839.0,14404.0,23472.0
2022-01-10,FO,Уральский федеральный округ,494768,199934,294834,1256463.0,428636.0,434037.0,160755.0,233035.0
2022-01-10,region,Курганская область,20553,6427,14126,57230.0,14653.0,19575.0,8269.0,14733.0
2022-01-10,region,Свердловская область,196731,86405,110326,507230.0,175419.0,173391.0,63234.0,95186.0
2022-01-10,region,Тюменская область,66447,27989,38458,172952.0,63038.0,60343.0,19926.0,29645.0
2022-01-10,region,Челябинская область,134296,55688,78608,331251.0,117090.0,114264.0,38968.0,60929.0
2022-01-10,region,Ханты-Мансийский автономный округ - Югра,59400,19040,40360,146410.0,45168.0,52794.0,25712.0,22736.0
2022-01-10,region,Ямало-Ненецкий автономный округ,17341,4385,12956,41390.0,13268.0,13670.0,4646.0,9806.0
2022-01-10,FO,Сибирский федеральный округ,610050,247591,362459,1532465.0,539591.0,533399.0,178725.0,280750.0
2022-01-10,region,Республика Алтай,8344,2491,5853,19100.0,4970.0,5484.0,3797.0,4849.0
2022-01-10,region,Республика Тыва,7463,1243,6220,7798.0,2529.0,1756.0,350.0,3163.0
2022-01-10,region,Республика Хакасия,16494,4792,11702,35433.0,9727.0,10645.0,2269.0,12792.0
2022-01-10,region,Алтайский край,74502,29308,45194,196318.0,61125.0,69399.0,28616.0,37178.0
2022-01-10,region,Красноярский край,104443,41745,62698,246312.0,88566.0,84211.0,27277.0,46258.0
2022-01-10,region,Иркутская область,86005,33031,52974,202349.0,71273.0,70418.0,21000.0,39658.0
2022-01-10,region,Кемеровская область,67058,24679,42379,178898.0,59927.0,67548.0,20527.0,30896.0
2022-01-10,region,Новосибирская область,143175,67907,75268,373971.0,151758.0,132504.0,43811.0,45898.0
2022-01-10,region,Омская область,63014,25100,37914,168349.0,51958.0,56551.0,18646.0,41194.0
2022-01-10,region,Томская область,39552,17295,22257,103937.0,37758.0,34883.0,12432.0,18864.0
2022-01-10,FO,Дальневосточный федеральный округ,306933,117848,189085,701455.0,238233.0,234583.0,67033.0,161606.0
2022-01-10,region,Республика Бурятия,31323,12746,18577,52329.0,17731.0,14744.0,3139.0,16715.0
2022-01-10,region,Республика Саха (Якутия),40530,11790,28740,56537.0,18592.0,18594.0,4020.0,15331.0
2022-01-10,region,Приморский край,83910,36415,47495,206293.0,79108.0,68542.0,17536.0,41107.0
2022-01-10,region,Хабаровский край,50327,23136,27191,130474.0,49275.0,45377.0,13492.0,22330.0
2022-01-10,region,Амурская область,25862,9266,16596,69401.0,21225.0,24413.0,5720.0,18043.0
2022-01-10,region,Камчатский край,14992,5434,9558,33698.0,9978.0,11013.0,5414.0,7293.0
2022-01-10,region,Магаданская область,6503,2078,4425,16579.0,4904.0,6548.0,2117.0,3010.0
2022-01-10,region,Сахалинская область,23059,8337,14722,62167.0,18636.0,21904.0,8822.0,12805.0
2022-01-10,region,Забайкальский край,25309,7149,18160,61540.0,15189.0,19511.0,5380.0,21460.0
2022-01-10,region,Еврейская автономная область,3665,1090,2575,8973.0,2347.0,3207.0,680.0,2739.0
2022-01-10,region,Чукотский автономный округ,1453,407,1046,3464.0,1248.0,730.0,713.0,773.0
2022-08-10,RF,Российская Федерация,5748713,2214019,3534694,15234611.0,5401150.0,5230541.0,1852881.0,2750039.0
2022-08-10,FO,Центральный федеральный округ,1833861,776937,1056924,4981596.0,1893736.0,1776725.0,641084.0,670051.0
2022-08-10,region,Белгородская область,57168,17689,39479,148823.0,44610.0,51340.0,22346.0,30527.0
2022-08-10,region,Брянская область,36164,9614,26550,95757.0,26635.0,36423.0,10839.0,21860.0
2022-08-10,region,Владимирская область,48837,15385,33452,140364.0,41187.0,51281.0,18478.0,29418.0
2022-08-10,region,Воронежская область,81814,28490,53324,240527.0,76454.0,87093.0,26772.0,50208.0
2022-08-10,region,Ивановская область,39658,16338,23320,118045.0,37298.0,41211.0,11714.0,27822.0
2022-08-10,region,Калужская область,41273,13039,28234,111100.0,33393.0,44298.0,13449.0,19960.0
2022-08-10,region,Костромская область,21991,7888,14103,77832.0,20508.0,26829.0,6601.0,23894.0
2022-08-10,region,Курская область,33009,9550,23459,85016.0,23068.0,28690.0,9646.0,23612.0
2022-08-10,region,Липецкая область,38054,12452,25602,95408.0,31114.0,34217.0,11999.0,18078.0
2022-08-10,region,Московская область,390100,127757,262343,864071.0,317583.0,301991.0,121045.0,123452.0
2022-08-10,region,Орловская область,24264,7086,17178,66701.0,18805.0,23185.0,7678.0,17033.0
2022-08-10,region,Рязанская область,39331,14319,25012,122053.0,37450.0,44389.0,14442.0,25772.0
2022-08-10,region,Смоленская область,36587,16276,20311,106201.0,35742.0,35827.0,14325.0,20307.0
2022-08-10,region,Тамбовская область,28821,7806,21015,77190.0,21655.0,26929.0,10343.0,18263.0
2022-08-10,region,Тверская область,44443,17198,27245,136516.0,44781.0,49396.0,16300.0,26039.0
2022-08-10,region,Тульская область,51441,17217,34224,137776.0,44565.0,50630.0,16788.0,25793.0
2022-08-10,region,Ярославская область,48071,22292,25779,148839.0,52788.0,52236.0,19122.0,24693.0
2022-08-10,region,г.Москва,772835,416541,356294,2209377.0,986100.0,790760.0,289197.0,143320.0
2022-08-10,FO,Северо-Западный федеральный округ,659450,287979,371471,1862674.0,732868.0,662496.0,217837.0,249473.0
2022-08-10,region,Республика Карелия,24725,10416,14309,57316.0,22722.0,20017.0,5303.0,9274.0
2022-08-10,region,Республика Коми,24207,8036,16171,60644.0,20081.0,18702.0,6772.0,15089.0
2022-08-10,region,Архангельская область,32841,10972,21869,82095.0,23889.0,28368.0,9120.0,20718.0
2022-08-10,region,Вологодская область,45423,20326,25097,126391.0,42223.0,43663.0,13268.0,27237.0
2022-08-10,region,Калининградская область,54137,25160,28977,145780.0,58813.0,47234.0,9796.0,29937.0
2022-08-10,region,Ленинградская область,69049,19123,49926,164553.0,49893.0,54946.0,26312.0,33402.0
2022-08-10,region,Мурманская область,23782,8754,15028,49099.0,19348.0,15097.0,4950.0,9704.0
2022-08-10,region,Новгородская область,19687,6720,12967,55002.0,16922.0,21704.0,5845.0,10531.0
2022-08-10,region,Псковская область,19809,7430,12379,59495.0,19232.0,22741.0,7850.0,9672.0
2022-08-10,region,г.Санкт-Петербург,344193,170617,173576,1057832.0,458858.0,388720.0,127574.0,82680.0
2022-08-10,region,Ненецкий автономный округ,1597,425,1172,4467.0,887.0,1304.0,1047.0,1229.0
2022-08-10,FO,Южный федеральный округ,668248,170873,497375,1458561.0,444885.0,433513.0,155127.0,425036.0
2022-08-10,region,Республика Адыгея (Адыгея),15608,3304,12304,32811.0,9325.0,10463.0,3211.0,9812.0
2022-08-10,region,Республика Калмыкия,10240,1729,8511,15422.0,4030.0,3173.0,617.0,7602.0
2022-08-10,region,Краснодарский край,271677,67421,204256,554997.0,172580.0,163929.0,62070.0,156418.0
2022-08-10,region,Астраханская область,26939,7110,19829,64761.0,19605.0,19555.0,4312.0,21289.0
2022-08-10,region,Волгоградская область,70515,19684,50831,173919.0,52758.0,56354.0,21364.0,43443.0
2022-08-10,region,Ростовская область,166944,43997,122947,388659.0,117432.0,121502.0,43407.0,106318.0
2022-08-10,region,Республика Крым,83145,20185,62960,178791.0,51479.0,45474.0,16261.0,65577.0
2022-08-10,region,г.Севастополь,23180,7443,15737,49201.0,17676.0,13063.0,3885.0,14577.0
2022-08-10,FO,Северо-Кавказский федеральный округ,198233,49418,148815,367864.0,116671.0,106202.0,47704.0,97287.0
2022-08-10,region,Республика Дагестан,40381,10016,30365,54408.0,20570.0,17839.0,5637.0,10362.0
2022-08-10,region,Республика Ингушетия,4900,2250,2650,7613.0,4141.0,2191.0,274.0,1007.0
2022-08-10,region,Кабардино-Балкарская Республика,18128,4983,13145,28575.0,11575.0,8290.0,3433.0,5277.0
2022-08-10,region,Карачаево-Черкесская Республика,11273,2706,8567,19594.0,6097.0,5087.0,3377.0,5033.0
2022-08-10,region,Республика Северная Осетия - Алания,15493,4735,10758,29099.0,11708.0,9899.0,2557.0,4935.0
2022-08-10,region,Чеченская Республика,16132,4245,11887,22324.0,8095.0,4919.0,2502.0,6808.0
2022-08-10,region,Ставропольский край,91926,20483,71443,206251.0,54485.0,57977.0,29924.0,63865.0
2022-08-10,FO,Приволжский федеральный округ,1011649,388137,623512,2929308.0,962120.0,1028288.0,371214.0,567686.0
2022-08-10,region,Республика Башкортостан,122838,44847,77991,313849.0,103693.0,112416.0,37233.0,60507.0
2022-08-10,region,Республика Марий Эл,19225,6881,12344,61186.0,18430.0,23252.0,5576.0,13928.0
2022-08-10,region,Республика Мордовия,19821,5848,13973,62769.0,14698.0,21744.0,9797.0,16530.0
2022-08-10,region,Республика Татарстан (Татарстан),158145,67475,90670,431843.0,163497.0,150223.0,53536.0,64587.0
2022-08-10,region,Удмуртская Республика,55862,22127,33735,175272.0,52183.0,63108.0,21912.0,38069.0
2022-08-10,region,Чувашская Республика - Чувашия,42851,13179,29672,119126.0,33660.0,46039.0,15548.0,23879.0
2022-08-10,region,Кировская область,44208,16927,27281,136346.0,39005.0,44808.0,19998.0,32535.0
2022-08-10,region,Нижегородская область,120212,51316,68896,389392.0,129624.0,141711.0,53558.0,64499.0
2022-08-10,region,Оренбургская область,54832,16350,38482,143844.0,41367.0,50654.0,18476.0,33347.0
2022-08-10,region,Пензенская область,42711,12481,30230,125422.0,33751.0,39509.0,14747.0,37415.0
2022-08-10,region,Пермский край,93436,35226,58210,274002.0,85894.0,91288.0,35238.0,61582.0
2022-08-10,region,Самарская область,124811,56232,68579,370337.0,145223.0,132368.0,47864.0,44882.0
2022-08-10,region,Саратовская область,71261,23938,47323,207996.0,62301.0,70756.0,24054.0,50885.0
2022-08-10,region,Ульяновская область,41436,15310,26126,117924.0,38794.0,40412.0,13677.0,25041.0
2022-08-10,FO,Уральский федеральный округ,486221,192283,293938,1295655.0,438808.0,439549.0,166368.0,250930.0
2022-08-10,region,Курганская область,20165,6212,13953,60138.0,15610.0,19102.0,8865.0,16561.0
2022-08-10,region,Свердловская область,193747,83199,110548,522547.0,180668.0,175023.0,66006.0,100850.0
2022-08-10,region,Тюменская область,66124,27225,38899,181760.0,66435.0,62626.0,19466.0,33233.0
2022-08-10,region,Челябинская область,131803,53480,78323,340902.0,119488.0,116482.0,39353.0,65579.0
2022-08-10,region,Ханты-Мансийский автономный округ - Югра,57682,17994,39688,148190.0,43986.0,52760.0,26530.0,24914.0
2022-08-10,region,Ямало-Ненецкий автономный округ,16700,4173,12527,42118.0,12621.0,13556.0,6148.0,9793.0
2022-08-10,FO,Сибирский федеральный округ,593645,235300,358345,1607012.0,560284.0,549619.0,183161.0,313948.0
2022-08-10,region,Республика Алтай,8293,2372,5921,20463.0,5326.0,6029.0,3297.0,5811.0
2022-08-10,region,Республика Тыва,7509,1278,6231,9029.0,3004.0,2156.0,192.0,3677.0
2022-08-10,region,Республика Хакасия,16225,4614,11611,37724.0,9976.0,11540.0,1971.0,14237.0
2022-08-10,region,Алтайский край,71821,26803,45018,203964.0,63746.0,70405.0,28937.0,40876.0
2022-08-10,region,Красноярский край,102961,40508,62453,260833.0,93133.0,86300.0,28985.0,52415.0
2022-08-10,region,Иркутская область,82626,31056,51570,212212.0,73705.0,73729.0,20413.0,44365.0
2022-08-10,region,Кемеровская область,65199,23747,41452,184480.0,61279.0,67351.0,21566.0,34284.0
2022-08-10,region,Новосибирская область,139324,64622,74702,393915.0,156888.0,138874.0,46117.0,52036.0
2022-08-10,region,Омская область,61440,23872,37568,176258.0,54302.0,57316.0,18989.0,45651.0
2022-08-10,region,Томская область,38247,16428,21819,108134.0,38925.0,35919.0,12694.0,20596.0
2022-08-10,FO,Дальневосточный федеральный округ,297406,113092,184314,731941.0,251778.0,234149.0,70386.0,175628.0
2022-08-10,region,Республика Бурятия,29880,11670,18210,59279.0,19260.0,16094.0,3959.0,19966.0
2022-08-10,region,Республика Саха (Якутия),38431,11225,27206,58963.0,19696.0,18875.0,4552.0,15840.0
2022-08-10,region,Приморский край,82340,35808,46532,213806.0,82797.0,67530.0,18990.0,44489.0
2022-08-10,region,Хабаровский край,48435,21955,26480,132753.0,51394.0,45452.0,11359.0,24548.0
2022-08-10,region,Амурская область,25191,8781,16410,74778.0,22303.0,26277.0,6298.0,19900.0
2022-08-10,region,Камчатский край,14621,5293,9328,34619.0,10555.0,11008.0,5181.0,7875.0
2022-08-10,region,Магаданская область,6476,2071,4405,17458.0,5687.0,6145.0,2608.0,3018.0
2022-08-10,region,Сахалинская область,22035,7920,14115,62573.0,19574.0,20069.0,9813.0,13117.0
2022-08-10,region,Забайкальский край,24966,6934,18032,64951.0,16731.0,18892.0,6298.0,23030.0
2022-08-10,region,Еврейская автономная область,3578,1027,2551,8993.0,2314.0,3111.0,616.0,2952.0
2022-08-10,region,Чукотский автономный округ,1453,408,1045,3768.0,1467.0,696.0,712.0,893.0
2023-01-10,RF,Российская Федерация,5991349,2305387,3685962,15191543.0,5381932.0,5230988.0,1877488.0,2701135.0
2023-01-10,FO,Центральный федеральный округ,1930548,827894,1102654,4981901.0,1887348.0,1781727.0,652775.0,660051.0
2023-01-10,region,Белгородская область,58609,18246,40363,148733.0,44581.0,51768.0,22459.0,29925.0
2023-01-10,region,Брянская область,36370,9668,26702,95991.0,26409.0,37381.0,10839.0,21362.0
2023-01-10,region,Владимирская область,49773,15599,34174,139631.0,40912.0,51480.0,18478.0,28761.0
2023-01-10,region,Воронежская область,83524,28891,54633,239053.0,75967.0,86749.0,26924.0,49413.0
2023-01-10,region,Ивановская область,40760,16606,24154,117539.0,37086.0,41116.0,12072.0,27265.0
2023-01-10,region,Калужская область,41806,13353,28453,111128.0,33258.0,44534.0,13681.0,19655.0
2023-01-10,region,Костромская область,22327,8024,14303,77900.0,20395.0,26683.0,7066.0,23756.0
2023-01-10,region,Курская область,33468,9728,23740,84430.0,23036.0,28579.0,9643.0,23172.0
2023-01-10,region,Липецкая область,38753,12776,25977,96333.0,31000.0,34551.0,13099.0,17683.0
2023-01-10,region,Московская область,411475,133787,277688,864142.0,318023.0,301067.0,123219.0,121833.0
2023-01-10,region,Орловская область,24552,7186,17366,66294.0,18729.0,23059.0,7822.0,16684.0
2023-01-10,region,Рязанская область,40281,14624,25657,122174.0,37410.0,44687.0,14473.0,25604.0
2023-01-10,region,Смоленская область,37707,17108,20599,105206.0,34873.0,36009.0,14315.0,20009.0
2023-01-10,region,Тамбовская область,29182,7856,21326,76281.0,21490.0,26905.0,10006.0,17880.0
2023-01-10,region,Тверская область,45805,17731,28074,135886.0,44609.0,49524.0,16367.0,25386.0
2023-01-10,region,Тульская область,53175,17545,35630,137363.0,44263.0,50663.0,17165.0,25272.0
2023-01-10,region,Ярославская область,49648,23025,26623,148855.0,52688.0,52343.0,19361.0,24463.0
2023-01-10,region,г.Москва,833333,456141,377192,2214962.0,982619.0,794629.0,295786.0,141928.0
2023-01-10,FO,Северо-Западный федеральный округ,682200,294992,387208,1854422.0,727845.0,661256.0,219930.0,245391.0
2023-01-10,region,Республика Карелия,25378,10630,14748,56910.0,22705.0,19946.0,5095.0,9164.0
2023-01-10,region,Республика Коми,24698,8128,16570,60213.0,19928.0,18602.0,7040.0,14643.0
2023-01-10,region,Архангельская область,33327,11123,22204,81660.0,23801.0,28312.0,9585.0,19962.0
2023-01-10,region,Вологодская область,46261,20501,25760,126004.0,42037.0,43851.0,13586.0,26530.0
2023-01-10,region,Калининградская область,55235,25541,29694,145562.0,58937.0,47394.0,9903.0,29328.0
2023-01-10,region,Ленинградская область,72655,20065,52590,164998.0,49910.0,55435.0,26471.0,33182.0
2023-01-10,region,Мурманская область,24871,8958,15913,49550.0,19283.0,15055.0,5280.0,9932.0
2023-01-10,region,Новгородская область,20268,6847,13421,55059.0,16829.0,21682.0,6108.0,10440.0
2023-01-10,region,Псковская область,20169,7582,12587,59019.0,19007.0,22729.0,7850.0,9433.0
2023-01-10,region,г.Санкт-Петербург,357647,175175,182472,1050691.0,454539.0,386894.0,127965.0,81293.0
2023-01-10,region,Ненецкий автономный округ,1691,442,1249,4756.0,869.0,1356.0,1047.0,1484.0
2023-01-10,FO,Южный федеральный округ,682676,174600,508076,1450875.0,442933.0,432837.0,156990.0,418115.0
2023-01-10,region,Республика Адыгея (Адыгея),16218,3414,12804,32863.0,9355.0,10552.0,3259.0,9697.0
2023-01-10,region,Республика Калмыкия,11861,1874,9987,16794.0,4047.0,3254.0,617.0,8876.0
2023-01-10,region,Краснодарский край,279332,69405,209927,553032.0,172195.0,163779.0,63074.0,153984.0
2023-01-10,region,Астраханская область,27598,7226,20372,63912.0,19492.0,19370.0,4417.0,20633.0
2023-01-10,region,Волгоградская область,71638,19755,51883,173261.0,52343.0,56129.0,21900.0,42889.0
2023-01-10,region,Ростовская область,171137,44921,126216,385136.0,116654.0,121108.0,43266.0,104108.0
2023-01-10,region,Республика Крым,81442,20396,61046,176835.0,51122.0,45528.0,16572.0,63613.0
2023-01-10,region,г.Севастополь,23450,7609,15841,49042.0,17725.0,13117.0,3885.0,14315.0
2023-01-10,FO,Северо-Кавказский федеральный округ,209547,51627,157920,368445.0,117396.0,106539.0,47858.0,96652.0
2023-01-10,region,Республика Дагестан,44004,10755,33249,54869.0,20836.0,17987.0,5545.0,10501.0
2023-01-10,region,Республика Ингушетия,5465,2486,2979,7644.0,4326.0,2170.0,143.0,1005.0
2023-01-10,region,Кабардино-Балкарская Республика,19378,5239,14139,28537.0,11635.0,8302.0,3428.0,5172.0
2023-01-10,region,Карачаево-Черкесская Республика,11886,2851,9035,19812.0,6167.0,5107.0,3566.0,4972.0
2023-01-10,region,Республика Северная Осетия - Алания,16247,5003,11244,29101.0,11788.0,9942.0,2557.0,4814.0
2023-01-10,region,Чеченская Республика,18623,4708,13915,23456.0,8472.0,5198.0,2498.0,7288.0
2023-01-10,region,Ставропольский край,93944,20585,73359,205026.0,54172.0,57833.0,30121.0,62900.0
2023-01-10,FO,Приволжский федеральный округ,1043407,398810,644597,2920906.0,960152.0,1028795.0,376592.0,555367.0
2023-01-10,region,Республика Башкортостан,127781,46060,81721,313084.0,103318.0,112310.0,38136.0,59320.0
2023-01-10,region,Республика Марий Эл,19773,6978,12795,61041.0,18378.0,23290.0,5576.0,13797.0
2023-01-10,region,Республика Мордовия,20684,6018,14666,63321.0,15027.0,21714.0,9509.0,17071.0
2023-01-10,region,Республика Татарстан (Татарстан),165438,71388,94050,435522.0,164956.0,151116.0,55287.0,64163.0
2023-01-10,region,Удмуртская Республика,57550,22915,34635,173334.0,51814.0,63241.0,22347.0,35932.0
2023-01-10,region,Чувашская Республика - Чувашия,43620,13379,30241,118954.0,33576.0,46260.0,15822.0,23296.0
2023-01-10,region,Кировская область,44909,17154,27755,135486.0,38977.0,44556.0,20121.0,31832.0
2023-01-10,region,Нижегородская область,123617,52472,71145,389471.0,129022.0,142455.0,54315.0,63679.0
2023-01-10,region,Оренбургская область,56682,16648,40034,142656.0,41180.0,50462.0,18628.0,32386.0
2023-01-10,region,Пензенская область,43756,12761,30995,125588.0,33562.0,39514.0,15525.0,36987.0
2023-01-10,region,Пермский край,96180,35772,60408,272527.0,85666.0,91361.0,35367.0,60133.0
2023-01-10,region,Самарская область,128262,57127,71135,367682.0,144104.0,131626.0,48457.0,43495.0
2023-01-10,region,Саратовская область,72743,24261,48482,205424.0,62018.0,70339.0,23768.0,49299.0
2023-01-10,region,Ульяновская область,42412,15877,26535,116816.0,38554.0,40551.0,13734.0,23977.0
2023-01-10,FO,Уральский федеральный округ,503776,198361,305415,1290545.0,437578.0,438866.0,168210.0,245891.0
2023-01-10,region,Курганская область,20956,6387,14569,60210.0,15555.0,19119.0,8760.0,16776.0
2023-01-10,region,Свердловская область,201015,86273,114742,519581.0,180219.0,174927.0,66381.0,98054.0
2023-01-10,region,Тюменская область,68266,27690,40576,181349.0,66171.0,62855.0,19703.0,32620.0
2023-01-10,region,Челябинская область,136352,55358,80994,339603.0,119061.0,115943.0,40408.0,64191.0
2023-01-10,region,Ханты-Мансийский автономный округ - Югра,59715,18348,41367,147655.0,43897.0,52526.0,26611.0,24621.0
2023-01-10,region,Ямало-Ненецкий автономный округ,17472,4305,13167,42147.0,12675.0,13496.0,6347.0,9629.0
2023-01-10,FO,Сибирский федеральный округ,612746,240642,372104,1594974.0,557352.0,547420.0,183796.0,306406.0
2023-01-10,region,Республика Алтай,8383,2406,5977,20118.0,5345.0,6004.0,3200.0,5569.0
2023-01-10,region,Республика Тыва,8051,1370,6681,8859.0,2992.0,2156.0,192.0,3519.0
2023-01-10,region,Республика Хакасия,16533,4738,11795,37218.0,9982.0,11441.0,1966.0,13829.0
2023-01-10,region,Алтайский край,73758,27456,46302,202388.0,63455.0,70074.0,28927.0,39932.0
2023-01-10,region,Красноярский край,106731,41475,65256,259065.0,92525.0,86067.0,29067.0,51406.0
2023-01-10,region,Иркутская область,85300,31542,53758,210559.0,73393.0,73258.0,20669.0,43239.0
2023-01-10,region,Кемеровская область,67160,24076,43084,182597.0,60803.0,67031.0,21530.0,33233.0
2023-01-10,region,Новосибирская область,144174,66160,78014,391405.0,155960.0,138254.0,46582.0,50609.0
2023-01-10,region,Омская область,63545,24836,38709,175164.0,54250.0,57088.0,18910.0,44916.0
2023-01-10,region,Томская область,39111,16583,22528,107601.0,38647.0,36047.0,12753.0,20154.0
2023-01-10,FO,Дальневосточный федеральный округ,307506,116181,191325,729448.0,251328.0,233548.0,71337.0,173235.0
2023-01-10,region,Республика Бурятия,30986,11956,19030,59120.0,19264.0,16174.0,3959.0,19723.0
2023-01-10,region,Республика Саха (Якутия),40585,11786,28799,59579.0,19994.0,18517.0,4704.0,16364.0
2023-01-10,region,Приморский край,84947,36786,48161,212168.0,82230.0,67368.0,19196.0,43374.0
2023-01-10,region,Хабаровский край,49763,22453,27310,131615.0,51185.0,45162.0,11359.0,23909.0
2023-01-10,region,Амурская область,26025,8984,17041,74217.0,22334.0,26294.0,6187.0,19402.0
2023-01-10,region,Камчатский край,15018,5379,9639,34511.0,10545.0,11012.0,5182.0,7772.0
2023-01-10,region,Магаданская область,6576,2131,4445,17517.0,5696.0,6182.0,2608.0,3031.0
2023-01-10,region,Сахалинская область,22564,8096,14468,62802.0,19460.0,20058.0,10407.0,12877.0
2023-01-10,region,Забайкальский край,25833,7125,18708,65115.0,16744.0,18996.0,6407.0,22968.0
2023-01-10,region,Еврейская автономная область,3662,1060,2602,8969.0,2339.0,3089.0,616.0,2925.0
2023-01-10,region,Чукотский автономный округ,1547,425,1122,3835.0,1537.0,696.0,712.0,890.0
2023-01-10,FO,Юго-Западные субъекты Российской Федерации,18943,2280,16663,27.0,0.0,0.0,0.0,27.0
2023-01-10,region,Запорожская область,2234,99,2135,,0.0,0.0,0.0,0.0
2023-01-10,region,Донецкая Народная Республика,6138,854,5284,26.0,0.0,0.0,0.0,26.0
2023-01-10,region,Луганская Народная Республика,9719,1302,8417,1.0,0.0,0.0,0.0,1.0
2023-01-10,region,Херсонская область,852,25,827,,0.0,0.0,0.0,0.0
2023-08-10,RF,Российская Федерация,6012003,2196527,3815476,15132195.0,5279393.0,5196574.0,1890839.0,2765389.0
2023-08-10,FO,Центральный федеральный округ,1907658,785315,1122343,4995527.0,1866506.0,1786184.0,664195.0,678642.0
2023-08-10,region,Белгородская область,58286,17608,40678,147460.0,43864.0,51382.0,23413.0,28801.0
2023-08-10,region,Брянская область,35795,9213,26582,93705.0,25168.0,35028.0,11603.0,21906.0
2023-08-10,region,Владимирская область,49554,15018,34536,136286.0,39191.0,49144.0,19236.0,28715.0
2023-08-10,region,Воронежская область,82937,27517,55420,235737.0,73554.0,86066.0,26495.0,49622.0
2023-08-10,region,Ивановская область,40470,15950,24520,115159.0,36298.0,39577.0,11191.0,28093.0
2023-08-10,region,Калужская область,41087,12960,28127,109692.0,32611.0,42628.0,14136.0,20317.0
2023-08-10,region,Костромская область,22273,7779,14494,78946.0,19801.0,27692.0,7282.0,24171.0
2023-08-10,region,Курская область,33195,9070,24125,81637.0,22357.0,27079.0,9195.0,23006.0
2023-08-10,region,Липецкая область,37972,11599,26373,94815.0,30062.0,33003.0,13829.0,17921.0
2023-08-10,region,Московская область,412683,129429,283254,863465.0,314570.0,302235.0,120083.0,126577.0
2023-08-10,region,Орловская область,24261,6907,17354,64913.0,17282.0,22996.0,7910.0,16725.0
2023-08-10,region,Рязанская область,39928,13920,26008,120834.0,36091.0,43557.0,15252.0,25934.0
2023-08-10,region,Смоленская область,36599,15755,20844,102858.0,34516.0,35393.0,12803.0,20146.0
2023-08-10,region,Тамбовская область,28929,7571,21358,76388.0,21569.0,25599.0,10655.0,18565.0
2023-08-10,region,Тверская область,45358,17003,28355,132488.0,43431.0,47990.0,15194.0,25873.0
2023-08-10,region,Тульская область,52421,16909,35512,138415.0,43909.0,51052.0,17774.0,25680.0
2023-08-10,region,Ярославская область,48562,21185,27377,147670.0,51086.0,52654.0,19151.0,24779.0
2023-08-10,region,г.Москва,817348,429922,387426,2255059.0,981146.0,813109.0,308993.0,151811.0
2023-08-10,FO,Северо-Западный федеральный округ,673388,280991,392397,1845630.0,713242.0,662409.0,220376.0,249603.0
2023-08-10,region,Республика Карелия,25247,10260,14987,56635.0,22286.0,19834.0,5239.0,9276.0
2023-08-10,region,Республика Коми,24325,7746,16579,57861.0,18231.0,17992.0,7040.0,14598.0
2023-08-10,region,Архангельская область,32528,10715,21813,78759.0,23735.0,26988.0,8982.0,19054.0
2023-08-10,region,Вологодская область,45156,19134,26022,125167.0,40671.0,42368.0,15341.0,26787.0
2023-08-10,region,Калининградская область,54246,24448,29798,141925.0,55051.0,46127.0,11378.0,29369.0
2023-08-10,region,Ленинградская область,74209,20430,53779,167312.0,50791.0,55002.0,26963.0,34556.0
2023-08-10,region,Мурманская область,24759,8675,16084,48318.0,18523.0,15022.0,4541.0,10232.0
2023-08-10,region,Новгородская область,19970,6563,13407,54516.0,16473.0,21314.0,6682.0,10047.0
2023-08-10,region,Псковская область,19678,7128,12550,56724.0,17688.0,22300.0,7300.0,9436.0
2023-08-10,region,г.Санкт-Петербург,351590,165426,186164,1053248.0,448753.0,394137.0,125797.0,84561.0
2023-08-10,region,Ненецкий автономный округ,1680,466,1214,5165.0,1040.0,1325.0,1113.0,1687.0
2023-08-10,FO,Южный федеральный округ,689117,168594,520523,1440741.0,430229.0,431551.0,153145.0,425816.0
2023-08-10,region,Республика Адыгея (Адыгея),16143,3232,12911,32773.0,9112.0,10225.0,3050.0,10386.0
2023-08-10,region,Республика Калмыкия,14598,2172,12426,21550.0,4818.0,3373.0,591.0,12768.0
2023-08-10,region,Краснодарский край,282907,66930,215977,552856.0,166744.0,165632.0,63095.0,157385.0
2023-08-10,region,Астраханская область,27284,6958,20326,62901.0,18928.0,18582.0,4309.0,21082.0
2023-08-10,region,Волгоградская область,71981,18948,53033,171504.0,50312.0,56395.0,22041.0,42756.0
2023-08-10,region,Ростовская область,171954,43392,128562,382185.0,114676.0,120883.0,41140.0,105486.0
2023-08-10,region,Республика Крым,80985,19575,61410,169764.0,48698.0,43370.0,15514.0,62182.0
2023-08-10,region,г.Севастополь,23265,7387,15878,47208.0,16941.0,13091.0,3405.0,13771.0
2023-08-10,FO,Северо-Кавказский федеральный округ,210664,50359,160305,368065.0,116826.0,106838.0,44940.0,99461.0
2023-08-10,region,Республика Дагестан,44924,10482,34442,56808.0,21778.0,17997.0,5930.0,11103.0
2023-08-10,region,Республика Ингушетия,5415,2547,2868,7731.0,4248.0,1894.0,537.0,1052.0
2023-08-10,region,Кабардино-Балкарская Республика,19504,5245,14259,29593.0,12176.0,8734.0,3055.0,5628.0
2023-08-10,region,Карачаево-Черкесская Республика,11730,2712,9018,18652.0,5833.0,5169.0,2702.0,4948.0
2023-08-10,region,Республика Северная Осетия - Алания,16247,4827,11420,30214.0,11852.0,10185.0,2804.0,5373.0
2023-08-10,region,Чеченская Республика,18635,4531,14104,25323.0,8656.0,5956.0,2083.0,8628.0
2023-08-10,region,Ставропольский край,94209,20015,74194,199744.0,52283.0,56903.0,27829.0,62729.0
2023-08-10,FO,Приволжский федеральный округ,1037656,376532,661124,2893182.0,937165.0,1006601.0,380122.0,569294.0
2023-08-10,region,Республика Башкортостан,127823,44114,83709,318574.0,106866.0,111394.0,36639.0,63675.0
2023-08-10,region,Республика Марий Эл,20062,6755,13307,60028.0,17628.0,22849.0,5345.0,14206.0
2023-08-10,region,Республика Мордовия,21693,5952,15741,64350.0,14328.0,21195.0,10528.0,18299.0
2023-08-10,region,Республика Татарстан (Татарстан),163139,65255,97884,433175.0,166031.0,147669.0,54800.0,64675.0
2023-08-10,region,Удмуртская Республика,57772,21924,35848,173727.0,51039.0,63283.0,23570.0,35835.0
2023-08-10,region,Чувашская Республика - Чувашия,43926,13151,30775,117132.0,32222.0,47013.0,14503.0,23394.0
2023-08-10,region,Кировская область,44813,16573,28240,132698.0,37376.0,43690.0,19046.0,32586.0
2023-08-10,region,Нижегородская область,121991,49591,72400,384340.0,125181.0,138839.0,56128.0,64192.0
2023-08-10,region,Оренбургская область,57055,15992,41063,137550.0,38539.0,47503.0,18032.0,33476.0
2023-08-10,region,Пензенская область,44073,12324,31749,124798.0,32612.0,38948.0,16104.0,37134.0
2023-08-10,region,Пермский край,95963,34499,61464,267660.0,81881.0,88132.0,37309.0,60338.0
2023-08-10,region,Самарская область,124662,51864,72798,359599.0,136619.0,127140.0,50090.0,45750.0
2023-08-10,region,Саратовская область,72497,23251,49246,202419.0,59656.0,68275.0,23207.0,51281.0
2023-08-10,region,Ульяновская область,42187,15287,26900,117132.0,37187.0,40671.0,14821.0,24453.0
2023-08-10,FO,Уральский федеральный округ,499811,189927,309884,1282448.0,429144.0,434801.0,169205.0,249298.0
2023-08-10,region,Курганская область,20752,6082,14670,58967.0,15306.0,18484.0,7998.0,17179.0
2023-08-10,region,Свердловская область,199294,82592,116702,518627.0,177323.0,175786.0,67247.0,98271.0
2023-08-10,region,Тюменская область,68753,26833,41920,182829.0,65730.0,63543.0,19516.0,34040.0
2023-08-10,region,Челябинская область,134875,52891,81984,337512.0,117465.0,113530.0,41117.0,65400.0
2023-08-10,region,Ханты-Мансийский автономный округ - Югра,58985,17388,41597,142838.0,41296.0,49894.0,26528.0,25120.0
2023-08-10,region,Ямало-Ненецкий автономный округ,17152,4141,13011,41675.0,12024.0,13564.0,6799.0,9288.0
2023-08-10,FO,Сибирский федеральный округ,607041,229790,377251,1587164.0,541335.0,542377.0,185426.0,318026.0
2023-08-10,region,Республика Алтай,8406,2341,6065,19809.0,5167.0,5642.0,3321.0,5679.0
2023-08-10,region,Республика Тыва,8525,1354,7171,9560.0,2667.0,2145.0,773.0,3975.0
2023-08-10,region,Республика Хакасия,16643,4559,12084,37234.0,10112.0,11067.0,1953.0,14102.0
2023-08-10,region,Алтайский край,74011,26550,47461,202642.0,61027.0,70744.0,29172.0,41699.0
2023-08-10,region,Красноярский край,105667,40160,65507,259799.0,92376.0,85208.0,29010.0,53205.0
2023-08-10,region,Иркутская область,84104,30254,53850,209044.0,72309.0,71104.0,22009.0,43622.0
2023-08-10,region,Кемеровская область,66691,22979,43712,181702.0,59012.0,66042.0,21734.0,34914.0
2023-08-10,region,Новосибирская область,142749,63156,79593,389646.0,150012.0,140540.0,45375.0,53719.0
2023-08-10,region,Омская область,61578,22414,39164,173379.0,52123.0,54502.0,20409.0,46345.0
2023-08-10,region,Томская область,38667,16023,22644,104349.0,36530.0,35383.0,11670.0,20766.0
2023-08-10,FO,Дальневосточный федеральный округ,302582,110745,191837,719075.0,244715.0,225742.0,73430.0,175188.0
2023-08-10,region,Республика Бурятия,28771,9554,19217,57079.0,18536.0,15470.0,3698.0,19375.0
2023-08-10,region,Республика Саха (Якутия),40198,11364,28834,58250.0,20089.0,17467.0,4455.0,16239.0
2023-08-10,region,Приморский край,84501,35917,48584,210689.0,79892.0,65606.0,20326.0,44865.0
2023-08-10,region,Хабаровский край,48773,21599,27174,130556.0,49011.0,44824.0,11923.0,24798.0
2023-08-10,region,Амурская область,26164,8869,17295,72857.0,21240.0,25345.0,6614.0,19658.0
2023-08-10,region,Камчатский край,14629,5205,9424,34880.0,10212.0,9816.0,6991.0,7861.0
2023-08-10,region,Магаданская область,6411,2087,4324,17880.0,5367.0,6206.0,3003.0,3304.0
2023-08-10,region,Сахалинская область,21909,7703,14206,60549.0,19324.0,19597.0,9092.0,12536.0
2023-08-10,region,Забайкальский край,26122,7004,19118,64130.0,17222.0,17786.0,6362.0,22760.0
2023-08-10,region,Еврейская автономная область,3585,1011,2574,8709.0,2512.0,2721.0,566.0,2910.0
2023-08-10,region,Чукотский автономный округ,1519,432,1087,3496.0,1310.0,904.0,400.0,882.0
2023-08-10,FO,Юго-Западные субъекты Российской Федерации,84086,4274,79812,363.0,231.0,71.0,0.0,61.0
2023-08-10,region,Запорожская область,8257,406,7851,115.0,26.0,71.0,0.0,18.0
2023-08-10,region,Донецкая Народная Республика,40327,2519,37808,79.0,43.0,0.0,0.0,36.0
2023-08-10,region,Луганская Народная Республика,30876,1121,29755,159.0,156.0,0.0,0.0,3.0
2023-08-10,region,Херсонская область,4626,228,4398,10.0,6.0,0.0,0.0,4.0
2024-01-10,RF,Российская Федерация,6347771,2285855,4061916,15080528.0,5264218.0,5195315.0,1906532.0,2714463.0
2024-01-10,FO,Центральный федеральный округ,2027119,833777,1193342,4995056.0,1864706.0,1791098.0,672258.0,666994.0
2024-01-10,region,Белгородская область,60659,18061,42598,146780.0,43913.0,51368.0,23292.0,28207.0
2024-01-10,region,Брянская область,36752,9359,27393,92958.0,25015.0,34871.0,11603.0,21469.0
2024-01-10,region,Владимирская область,51662,15366,36296,136191.0,39427.0,49062.0,19492.0,28210.0
2024-01-10,region,Воронежская область,86058,28051,58007,234097.0,72856.0,85866.0,27035.0,48340.0
2024-01-10,region,Ивановская область,42213,16334,25879,114253.0,36125.0,39330.0,11191.0,27607.0
2024-01-10,region,Калужская область,42824,13458,29366,109607.0,32695.0,43011.0,14093.0,19808.0
2024-01-10,region,Костромская область,22906,7911,14995,78611.0,19746.0,27689.0,7485.0,23691.0
2024-01-10,region,Курская область,34299,9267,25032,80898.0,22287.0,27019.0,9206.0,22386.0
2024-01-10,region,Липецкая область,39193,11758,27435,94224.0,29969.0,33005.0,13772.0,17478.0
2024-01-10,region,Московская область,439529,136003,303526,861349.0,314611.0,301983.0,121150.0,123605.0
2024-01-10,region,Орловская область,24989,7038,17951,64760.0,17171.0,23096.0,8057.0,16436.0
2024-01-10,region,Рязанская область,41453,14230,27223,120506.0,35964.0,43963.0,15333.0,25246.0
2024-01-10,region,Смоленская область,38133,16305,21828,102658.0,34372.0,35470.0,13113.0,19703.0
2024-01-10,region,Тамбовская область,29894,7695,22199,76032.0,21530.0,25305.0,10833.0,18364.0
2024-01-10,region,Тверская область,46961,17377,29584,131856.0,43361.0,47948.0,15315.0,25232.0
2024-01-10,region,Тульская область,54381,17289,37092,136348.0,43679.0,50780.0,16901.0,24988.0
2024-01-10,region,Ярославская область,50396,21588,28808,147245.0,51097.0,52704.0,19361.0,24083.0
2024-01-10,region,г.Москва,884817,466687,418130,2266683.0,980888.0,818628.0,315026.0,152141.0
2024-01-10,FO,Северо-Западный федеральный округ,705312,288161,417151,1836896.0,709292.0,660238.0,222460.0,244906.0
2024-01-10,region,Республика Карелия,26214,10441,15773,56392.0,22119.0,19723.0,5362.0,9188.0
2024-01-10,region,Республика Коми,25219,7844,17375,57483.0,18193.0,17960.0,7040.0,14290.0
2024-01-10,region,Архангельская область,33757,10845,22912,78331.0,23594.0,26943.0,9279.0,18515.0
2024-01-10,region,Вологодская область,46565,19354,27211,124446.0,40632.0,42051.0,15546.0,26217.0
2024-01-10,region,Калининградская область,56302,24774,31528,140564.0,54669.0,45969.0,11605.0,28321.0
2024-01-10,region,Ленинградская область,80080,22167,57913,168097.0,51055.0,55012.0,27641.0,34389.0
2024-01-10,region,Мурманская область,25942,8882,17060,48212.0,18509.0,15240.0,4541.0,9922.0
2024-01-10,region,Новгородская область,20813,6699,14114,54149.0,16464.0,21348.0,6436.0,9901.0
2024-01-10,region,Псковская область,20267,7225,13042,56605.0,17442.0,22434.0,7515.0,9214.0
2024-01-10,region,г.Санкт-Петербург,368360,169432,198928,1047238.0,445556.0,392153.0,126382.0,83147.0
2024-01-10,region,Ненецкий автономный округ,1793,498,1295,5379.0,1059.0,1405.0,1113.0,1802.0
2024-01-10,FO,Южный федеральный округ,720158,173033,547125,1432409.0,428089.0,430830.0,153301.0,420189.0
2024-01-10,region,Республика Адыгея (Адыгея),17006,3353,13653,32627.0,9142.0,10337.0,3050.0,10098.0
2024-01-10,region,Республика Калмыкия,20226,2679,17547,26368.0,5023.0,3582.0,591.0,17172.0
2024-01-10,region,Краснодарский край,296207,68924,227283,548328.0,165710.0,164901.0,62901.0,154816.0
2024-01-10,region,Астраханская область,28582,7101,21481,62298.0,18881.0,18588.0,4469.0,20360.0
2024-01-10,region,Волгоградская область,74340,19171,55169,168578.0,49959.0,56277.0,21530.0,40812.0
2024-01-10,region,Ростовская область,178450,44308,134142,379376.0,114148.0,120679.0,42059.0,102490.0
2024-01-10,region,Республика Крым,81714,20013,61701,168095.0,48508.0,43368.0,15420.0,60799.0
2024-01-10,region,г.Севастополь,23633,7484,16149,46739.0,16718.0,13098.0,3281.0,13642.0
2024-01-10,FO,Северо-Кавказский федеральный округ,231207,53354,177853,368642.0,117755.0,107372.0,45759.0,97756.0
2024-01-10,region,Республика Дагестан,52131,11361,40770,57170.0,21972.0,17976.0,5930.0,11292.0
2024-01-10,region,Республика Ингушетия,6324,2823,3501,7991.0,4456.0,1915.0,536.0,1084.0
2024-01-10,region,Кабардино-Балкарская Республика,21290,5586,15704,29608.0,12282.0,8782.0,3055.0,5489.0
2024-01-10,region,Карачаево-Черкесская Республика,12921,2851,10070,18795.0,5813.0,5204.0,3048.0,4730.0
2024-01-10,region,Республика Северная Осетия - Алания,17753,5126,12627,30128.0,11966.0,10201.0,2791.0,5170.0
2024-01-10,region,Чеченская Республика,22117,5101,17016,26795.0,9163.0,6384.0,2178.0,9070.0
2024-01-10,region,Ставропольский край,98671,20506,78165,198155.0,52103.0,56910.0,28221.0,60921.0
2024-01-10,FO,Приволжский федеральный округ,1089854,385539,704315,2882116.0,934322.0,1005669.0,384108.0,558017.0
2024-01-10,region,Республика Башкортостан,135995,45618,90377,315874.0,106469.0,111013.0,36754.0,61638.0
2024-01-10,region,Республика Марий Эл,21048,6847,14201,59525.0,17547.0,22890.0,5251.0,13837.0
2024-01-10,region,Республика Мордовия,23736,6169,17567,65355.0,14433.0,21334.0,10484.0,19104.0
2024-01-10,region,Республика Татарстан (Татарстан),172538,67518,105020,431217.0,166030.0,147691.0,55177.0,62319.0
2024-01-10,region,Удмуртская Республика,62917,22433,40484,175842.0,50925.0,63238.0,24086.0,37593.0
2024-01-10,region,Чувашская Республика - Чувашия,45627,13334,32293,115958.0,31879.0,47075.0,14269.0,22735.0
2024-01-10,region,Кировская область,46155,16848,29307,131623.0,37329.0,43498.0,19171.0,31625.0
2024-01-10,region,Нижегородская область,126773,50659,76114,384434.0,125038.0,139119.0,57316.0,62961.0
2024-01-10,region,Оренбургская область,59787,16296,43491,136966.0,38328.0,47693.0,18295.0,32650.0
2024-01-10,region,Пензенская область,45548,12565,32983,123894.0,32429.0,38757.0,16395.0,36313.0
2024-01-10,region,Пермский край,100000,35192,64808,266628.0,81562.0,88070.0,38377.0,58619.0
2024-01-10,region,Самарская область,130624,52831,77793,357053.0,136024.0,126531.0,49848.0,44650.0
2024-01-10,region,Саратовская область,75570,23700,51870,201326.0,59428.0,68086.0,23459.0,50353.0
2024-01-10,region,Ульяновская область,43536,15529,28007,116421.0,36901.0,40674.0,15226.0,23620.0
2024-01-10,FO,Уральский федеральный округ,524278,194909,329369,1277025.0,428226.0,434677.0,169001.0,245121.0
2024-01-10,region,Курганская область,22124,6322,15802,59541.0,15287.0,18611.0,7996.0,17647.0
2024-01-10,region,Свердловская область,208426,84955,123471,516714.0,176900.0,176005.0,67426.0,96383.0
2024-01-10,region,Тюменская область,72413,27524,44889,181739.0,65409.0,63329.0,19430.0,33571.0
2024-01-10,region,Челябинская область,140826,54073,86753,334927.0,116885.0,113673.0,40616.0,63753.0
2024-01-10,region,Ханты-Мансийский автономный округ - Югра,62184,17723,44461,142316.0,41720.0,49481.0,26542.0,24573.0
2024-01-10,region,Ямало-Ненецкий автономный округ,18305,4312,13993,41788.0,12025.0,13578.0,6991.0,9194.0
2024-01-10,FO,Сибирский федеральный округ,634855,234928,399927,1574371.0,537947.0,540583.0,186241.0,309600.0
2024-01-10,region,Республика Алтай,8662,2408,6254,19177.0,5095.0,5496.0,3110.0,5476.0
2024-01-10,region,Республика Тыва,9071,1425,7646,9305.0,2653.0,2145.0,773.0,3734.0
2024-01-10,region,Республика Хакасия,17247,4654,12593,36693.0,9912.0,11044.0,1953.0,13784.0
2024-01-10,region,Алтайский край,77179,27206,49973,200910.0,60872.0,70671.0,28976.0,40391.0
2024-01-10,region,Красноярский край,110874,41176,69698,257849.0,91608.0,85259.0,29154.0,51828.0
2024-01-10,region,Иркутская область,88132,30849,57283,206683.0,71959.0,70306.0,22244.0,42174.0
2024-01-10,region,Кемеровская область,69903,23397,46506,181159.0,58744.0,65978.0,22307.0,34130.0
2024-01-10,region,Новосибирская область,149109,64620,84489,387341.0,148999.0,140059.0,45645.0,52638.0
2024-01-10,region,Омская область,64479,22951,41528,171731.0,51883.0,54293.0,20409.0,45146.0
2024-01-10,region,Томская область,40199,16242,23957,103523.0,36222.0,35332.0,11670.0,20299.0
2024-01-10,FO,Дальневосточный федеральный округ,316981,113755,203226,713060.0,243490.0,224774.0,73106.0,171690.0
2024-01-10,region,Республика Бурятия,30579,9827,20752,56833.0,18481.0,15600.0,3698.0,19054.0
2024-01-10,region,Республика Саха (Якутия),41794,11751,30043,57900.0,20166.0,17443.0,4455.0,15836.0
2024-01-10,region,Приморский край,87970,36864,51106,209331.0,79463.0,65567.0,20354.0,43947.0
2024-01-10,region,Хабаровский край,51211,22144,29067,129586.0,48796.0,44300.0,12156.0,24334.0
2024-01-10,region,Амурская область,27489,9142,18347,71964.0,21110.0,25070.0,6466.0,19318.0
2024-01-10,region,Камчатский край,15228,5284,9944,34563.0,10169.0,9756.0,6995.0,7643.0
2024-01-10,region,Магаданская область,6656,2163,4493,17617.0,5215.0,6171.0,3003.0,3228.0
2024-01-10,region,Сахалинская область,22662,7885,14777,59557.0,19240.0,19393.0,8652.0,12272.0
2024-01-10,region,Забайкальский край,28033,7218,20815,63526.0,17040.0,17804.0,6361.0,22321.0
2024-01-10,region,Еврейская автономная область,3756,1032,2724,8665.0,2502.0,2766.0,566.0,2831.0
2024-01-10,region,Чукотский автономный округ,1603,445,1158,3518.0,1308.0,904.0,400.0,906.0
2024-01-10,FO,Юго-Западные субъекты Российской Федерации,98007,8399,89608,953.0,391.0,74.0,298.0,190.0
2024-01-10,region,Запорожская область,11666,942,10724,154.0,60.0,74.0,0.0,20.0
2024-01-10,region,Донецкая Народная Республика,46378,4900,41478,331.0,38.0,0.0,214.0,79.0
2024-01-10,region,Луганская Народная Республика,34107,2061,32046,248.0,162.0,0.0,0.0,86.0
2024-01-10,region,Херсонская область,5856,496,5360,220.0,131.0,0.0,84.0,5.0
2024-08-10,RF,Российская Федерация,6294603,2190913,4103690,15111851.0,5119706.0,5253776.0,1968624.0,2769745.0
2024-08-10,FO,Центральный федеральный округ,1985818,786083,1199735,5051541.0,1837060.0,1843777.0,694408.0,676296.0
2024-08-10,region,Белгородская область,59489,17213,42276,142379.0,41317.0,50534.0,23301.0,27227.0
2024-08-10,region,Брянская область,36539,9013,27526,90383.0,23268.0,34621.0,10784.0,21710.0
2024-08-10,region,Владимирская область,51411,15045,36366,133810.0,37326.0,50119.0,18202.0,28163.0
2024-08-10,region,Воронежская область,85380,27085,58295,232332.0,67871.0,87217.0,28240.0,49004.0
2024-08-10,region,Ивановская область,41748,15742,26006,112002.0,34103.0,38936.0,11435.0,27528.0
2024-08-10,region,Калужская область,42506,12997,29509,104414.0,31492.0,41068.0,12617.0,19237.0
2024-08-10,region,Костромская область,22850,7656,15194,76926.0,18802.0,26799.0,7933.0,23392.0
2024-08-10,region,Курская область,33947,8857,25090,78426.0,21648.0,26317.0,8908.0,21553.0
2024-08-10,region,Липецкая область,38901,11232,27669,94735.0,29199.0,33248.0,15065.0,17223.0
2024-08-10,region,Московская область,435311,130098,305213,863015.0,306541.0,305228.0,123976.0,127270.0
2024-08-10,region,Орловская область,24643,6841,17802,62216.0,15946.0,23132.0,7125.0,16013.0
2024-08-10,region,Рязанская область,40909,13582,27327,119569.0,34731.0,43202.0,16868.0,24768.0
2024-08-10,region,Смоленская область,37803,15573,22230,100005.0,32296.0,34869.0,13571.0,19269.0
2024-08-10,region,Тамбовская область,29761,7482,22279,75736.0,20948.0,24636.0,11563.0,18589.0
2024-08-10,region,Тверская область,46200,16775,29425,128860.0,41204.0,47370.0,15065.0,25221.0
2024-08-10,region,Тульская область,53245,16384,36861,134183.0,42390.0,49138.0,18045.0,24610.0
2024-08-10,region,Ярославская область,49360,20365,28995,144768.0,49091.0,53466.0,18060.0,24151.0
2024-08-10,region,г.Москва,855815,434143,421672,2357782.0,988887.0,873877.0,333650.0,161368.0
2024-08-10,FO,Северо-Западный федеральный округ,696455,277171,419284,1810245.0,672615.0,658079.0,232157.0,247394.0
2024-08-10,region,Республика Карелия,25571,9896,15675,55785.0,21174.0,20031.0,5362.0,9218.0
2024-08-10,region,Республика Коми,24677,7424,17253,54079.0,16702.0,16809.0,6870.0,13698.0
2024-08-10,region,Архангельская область,33098,10401,22697,75087.0,21543.0,26911.0,8766.0,17867.0
2024-08-10,region,Вологодская область,45830,18434,27396,121903.0,38201.0,42398.0,15377.0,25927.0
2024-08-10,region,Калининградская область,56605,24212,32393,137343.0,52045.0,44165.0,12856.0,28277.0
2024-08-10,region,Ленинградская область,80318,21887,58431,167350.0,49905.0,55458.0,27319.0,34668.0
2024-08-10,region,Мурманская область,25826,8658,17168,47228.0,17460.0,15388.0,4258.0,10122.0
2024-08-10,region,Новгородская область,20602,6461,14141,52133.0,15609.0,21520.0,5678.0,9326.0
2024-08-10,region,Псковская область,19798,6704,13094,54821.0,15870.0,21978.0,7533.0,9440.0
2024-08-10,region,г.Санкт-Петербург,362292,162590,199702,1039265.0,422878.0,391956.0,137262.0,87169.0
2024-08-10,region,Ненецкий автономный округ,1838,504,1334,5251.0,1228.0,1465.0,876.0,1682.0
2024-08-10,FO,Южный федеральный округ,725454,167978,557476,1416743.0,414343.0,424647.0,152679.0,425074.0
2024-08-10,region,Республика Адыгея (Адыгея),17203,3327,13876,32529.0,8655.0,10269.0,3426.0,10179.0
2024-08-10,region,Республика Калмыкия,23170,3129,20041,30585.0,5436.0,4179.0,490.0,20480.0
2024-08-10,region,Краснодарский край,298250,66700,231550,544661.0,161313.0,162977.0,63190.0,157181.0
2024-08-10,region,Астраханская область,28600,6855,21745,61539.0,18768.0,18793.0,4012.0,19966.0
2024-08-10,region,Волгоградская область,74187,18415,55772,165344.0,47455.0,55265.0,21520.0,41104.0
2024-08-10,region,Ростовская область,178004,42730,135274,371145.0,110017.0,117698.0,40228.0,103202.0
2024-08-10,region,Республика Крым,82528,19497,63031,164354.0,46906.0,42181.0,15818.0,59449.0
2024-08-10,region,г.Севастополь,23512,7325,16187,46586.0,15793.0,13285.0,3995.0,13513.0
2024-08-10,FO,Северо-Кавказский федеральный округ,231388,52517,178871,363383.0,115455.0,103019.0,46870.0,98039.0
2024-08-10,region,Республика Дагестан,52395,11359,41036,56129.0,21611.0,16774.0,6155.0,11589.0
2024-08-10,region,Республика Ингушетия,6121,2681,3440,7398.0,4170.0,1822.0,638.0,768.0
2024-08-10,region,Кабардино-Балкарская Республика,20704,5548,15156,29034.0,11713.0,8447.0,3630.0,5244.0
2024-08-10,region,Карачаево-Черкесская Республика,12853,2753,10100,18256.0,5692.0,4907.0,2924.0,4733.0
2024-08-10,region,Республика Северная Осетия - Алания,17600,5013,12587,29740.0,11560.0,9975.0,2776.0,5429.0
2024-08-10,region,Чеченская Республика,22616,5170,17446,30552.0,10264.0,6685.0,3350.0,10253.0
2024-08-10,region,Ставропольский край,99099,19993,79106,192274.0,50445.0,54409.0,27397.0,60023.0
2024-08-10,FO,Приволжский федеральный округ,1085306,371777,713529,2848865.0,899372.0,1002520.0,387402.0,559571.0
2024-08-10,region,Республика Башкортостан,134797,44453,90344,309008.0,103324.0,109719.0,37762.0,58203.0
2024-08-10,region,Республика Марий Эл,20874,6568,14306,60857.0,17034.0,23508.0,5938.0,14377.0
2024-08-10,region,Республика Мордовия,23894,5983,17911,64293.0,14446.0,20632.0,10531.0,18684.0
2024-08-10,region,Республика Татарстан (Татарстан),171551,64916,106635,425760.0,158764.0,150618.0,54258.0,62120.0
2024-08-10,region,Удмуртская Республика,65220,21304,43916,180610.0,50721.0,63724.0,24281.0,41884.0
2024-08-10,region,Чувашская Республика - Чувашия,45618,12972,32646,115628.0,31591.0,46628.0,14052.0,23357.0
2024-08-10,region,Кировская область,45696,16263,29433,129198.0,34433.0,44144.0,19708.0,30913.0
2024-08-10,region,Нижегородская область,125618,48695,76923,379404.0,121464.0,137924.0,56906.0,63110.0
2024-08-10,region,Оренбургская область,59721,15762,43959,136727.0,37197.0,46310.0,20042.0,33178.0
2024-08-10,region,Пензенская область,45514,12169,33345,121537.0,30731.0,38720.0,17064.0,35022.0
2024-08-10,region,Пермский край,99123,34008,65115,261464.0,79700.0,88111.0,34349.0,59304.0
2024-08-10,region,Самарская область,129319,51172,78147,352557.0,128434.0,126124.0,51824.0,46175.0
2024-08-10,region,Саратовская область,75139,22887,52252,198301.0,56764.0,66385.0,25418.0,49734.0
2024-08-10,region,Ульяновская область,43222,14625,28597,113521.0,34769.0,39973.0,15269.0,23510.0
2024-08-10,FO,Уральский федеральный округ,518605,185921,332684,1269480.0,415545.0,437545.0,169455.0,246935.0
2024-08-10,region,Курганская область,22050,6078,15972,60989.0,15358.0,18860.0,8866.0,17905.0
2024-08-10,region,Свердловская область,205605,80598,125007,511021.0,171414.0,177085.0,65906.0,96616.0
2024-08-10,region,Тюменская область,72870,26938,45932,183173.0,63466.0,64993.0,20205.0,34509.0
2024-08-10,region,Челябинская область,138563,51244,87319,332956.0,113976.0,114007.0,40803.0,64170.0
2024-08-10,region,Ханты-Мансийский автономный округ - Югра,61750,16925,44825,140575.0,39865.0,49728.0,26185.0,24797.0
2024-08-10,region,Ямало-Ненецкий автономный округ,17767,4138,13629,40766.0,11466.0,12872.0,7490.0,8938.0
2024-08-10,FO,Сибирский федеральный округ,626426,225551,400875,1550168.0,511769.0,535025.0,193839.0,309535.0
2024-08-10,region,Республика Алтай,8846,2395,6451,19127.0,5121.0,5313.0,3610.0,5083.0
2024-08-10,region,Республика Тыва,9511,1397,8114,9220.0,2839.0,2215.0,576.0,3590.0
2024-08-10,region,Республика Хакасия,17325,4477,12848,36160.0,9812.0,10112.0,2775.0,13461.0
2024-08-10,region,Алтайский край,76201,26317,49884,202593.0,58839.0,71437.0,30855.0,41462.0
2024-08-10,region,Красноярский край,108369,39779,68590,252661.0,86604.0,84781.0,30107.0,51169.0
2024-08-10,region,Иркутская область,86981,29693,57288,200653.0,67056.0,67852.0,23414.0,42331.0
2024-08-10,region,Кемеровская область,69019,22401,46618,177964.0,54815.0,66384.0,22417.0,34348.0
2024-08-10,region,Новосибирская область,146576,61583,84993,381889.0,143467.0,138907.0,46071.0,53444.0
2024-08-10,region,Омская область,63550,21749,41801,168714.0,49265.0,52861.0,21862.0,44726.0
2024-08-10,region,Томская область,40048,15760,24288,101187.0,33951.0,35163.0,12152.0,19921.0
2024-08-10,FO,Дальневосточный федеральный округ,315674,110447,205227,687452.0,230004.0,216795.0,72990.0,167663.0
2024-08-10,region,Республика Бурятия,30577,9354,21223,55406.0,17510.0,15551.0,4103.0,18242.0
2024-08-10,region,Республика Саха (Якутия),41829,11257,30572,56532.0,19271.0,17337.0,4198.0,15726.0
2024-08-10,region,Приморский край,87517,35720,51797,202360.0,76793.0,62478.0,20170.0,42919.0
2024-08-10,region,Хабаровский край,50829,21635,29194,124575.0,45405.0,42367.0,12564.0,24239.0
2024-08-10,region,Амурская область,27596,9043,18553,69080.0,19320.0,23336.0,7281.0,19143.0
2024-08-10,region,Камчатский край,14982,5168,9814,33938.0,9530.0,9680.0,7168.0,7560.0
2024-08-10,region,Магаданская область,6618,2139,4479,16243.0,4747.0,5502.0,3060.0,2934.0
2024-08-10,region,Сахалинская область,22142,7654,14488,56405.0,17887.0,18624.0,7845.0,12049.0
2024-08-10,region,Забайкальский край,28334,7050,21284,60998.0,16098.0,18052.0,5590.0,21258.0
2024-08-10,region,Еврейская автономная область,3671,987,2684,8163.0,2222.0,2766.0,493.0,2682.0
2024-08-10,region,Чукотский автономный округ,1579,440,1139,3752.0,1221.0,1102.0,518.0,911.0
2024-08-10,FO,Юго-Западные субъекты Российской Федерации,109477,13468,96009,113974.0,23543.0,32369.0,18824.0,39238.0
2024-08-10,region,Запорожская область,14410,1603,12807,9510.0,2480.0,3210.0,1480.0,2340.0
2024-08-10,region,Донецкая Народная Республика,50654,7162,43492,57244.0,12704.0,14108.0,10331.0,20101.0
2024-08-10,region,Луганская Народная Республика,37338,3798,33540,44012.0,7386.0,14107.0,6168.0,16351.0
2024-08-10,region,Херсонская область,7075,905,6170,3208.0,973.0,944.0,845.0,446.0
2025-01-10,RF,Российская Федерация,6588535,2260035,4328500,15065593.0,5116933.0,5253439.0,1985260.0,2709961.0
2025-01-10,FO,Центральный федеральный округ,2084724,821670,1263054,5058702.0,1845351.0,1849506.0,702648.0,661197.0
2025-01-10,region,Белгородская область,61487,17642,43845,141201.0,41272.0,50189.0,23301.0,26439.0
2025-01-10,region,Брянская область,37263,9128,28135,90797.0,23123.0,34593.0,11850.0,21231.0
2025-01-10,region,Владимирская область,52814,15259,37555,132415.0,37112.0,49686.0,18332.0,27285.0
2025-01-10,region,Воронежская область,88520,27563,60957,229686.0,67549.0,86232.0,28361.0,47544.0
2025-01-10,region,Ивановская область,43330,16029,27301,110944.0,33882.0,38903.0,11261.0,26898.0
2025-01-10,region,Калужская область,44182,13326,30856,104519.0,31633.0,41116.0,12910.0,18860.0
2025-01-10,region,Костромская область,23396,7764,15632,76000.0,18757.0,26668.0,7933.0,22642.0
2025-01-10,region,Курская область,34645,9017,25628,78094.0,21587.0,26420.0,9070.0,21017.0
2025-01-10,region,Липецкая область,40138,11477,28661,94309.0,29112.0,33275.0,15145.0,16777.0
2025-01-10,region,Московская область,457770,135001,322769,859224.0,306309.0,304962.0,124009.0,123944.0
2025-01-10,region,Орловская область,25201,6946,18255,61538.0,16034.0,22769.0,7294.0,15441.0
2025-01-10,region,Рязанская область,42149,13823,28326,118944.0,34648.0,43231.0,16931.0,24134.0
2025-01-10,region,Смоленская область,39269,16081,23188,99594.0,32244.0,34944.0,13571.0,18835.0
2025-01-10,region,Тамбовская область,30527,7564,22963,74921.0,20863.0,24557.0,11563.0,17938.0
2025-01-10,region,Тверская область,48009,17088,30921,129278.0,41221.0,47297.0,16136.0,24624.0
2025-01-10,region,Тульская область,54760,16625,38135,133570.0,42221.0,49245.0,18086.0,24018.0
2025-01-10,region,Ярославская область,50881,20646,30235,143993.0,48875.0,53178.0,18306.0,23634.0
2025-01-10,region,г.Москва,910383,460691,449692,2379675.0,998909.0,882241.0,338589.0,159936.0
2025-01-10,FO,Северо-Западный федеральный округ,725335,283036,442299,1803205.0,669977.0,656094.0,235701.0,241433.0
2025-01-10,region,Республика Карелия,26413,10002,16411,55401.0,21118.0,20013.0,5409.0,8861.0
2025-01-10,region,Республика Коми,25539,7538,18001,53959.0,16673.0,16842.0,7060.0,13384.0
2025-01-10,region,Архангельская область,33912,10486,23426,74491.0,21540.0,26877.0,8735.0,17339.0
2025-01-10,region,Вологодская область,47189,18774,28415,121334.0,37928.0,42520.0,15502.0,25384.0
2025-01-10,region,Калининградская область,58816,24621,34195,136567.0,51912.0,44073.0,12862.0,27720.0
2025-01-10,region,Ленинградская область,85228,22737,62491,168101.0,49754.0,55648.0,27820.0,34879.0
2025-01-10,region,Мурманская область,26202,8833,17369,46403.0,17396.0,15383.0,4258.0,9366.0
2025-01-10,region,Новгородская область,21466,6633,14833,52436.0,15600.0,21624.0,6074.0,9138.0
2025-01-10,region,Псковская область,20335,6782,13553,54422.0,15840.0,21850.0,7533.0,9199.0
2025-01-10,region,г.Санкт-Петербург,378258,166099,212159,1034736.0,420974.0,389799.0,139572.0,84391.0
2025-01-10,region,Ненецкий автономный округ,1977,531,1446,5355.0,1242.0,1465.0,876.0,1772.0
2025-01-10,FO,Южный федеральный округ,752436,172434,580002,1409145.0,413545.0,424313.0,154391.0,416896.0
2025-01-10,region,Республика Адыгея (Адыгея),18027,3461,14566,32275.0,8687.0,10348.0,3426.0,9814.0
2025-01-10,region,Республика Калмыкия,28022,3843,24179,33893.0,6017.0,4564.0,489.0,22823.0
2025-01-10,region,Краснодарский край,308548,68776,239772,541640.0,161085.0,163114.0,63270.0,154171.0
2025-01-10,region,Астраханская область,30278,7044,23234,62210.0,18630.0,18938.0,4416.0,20226.0
2025-01-10,region,Волгоградская область,76153,18560,57593,163168.0,47050.0,54758.0,21986.0,39374.0
2025-01-10,region,Ростовская область,182600,43406,139194,367753.0,109598.0,117171.0,40586.0,100398.0
2025-01-10,region,Республика Крым,84669,19898,64771,161953.0,46726.0,42088.0,16223.0,56916.0
2025-01-10,region,г.Севастополь,24139,7446,16693,46253.0,15752.0,13332.0,3995.0,13174.0
2025-01-10,FO,Северо-Кавказский федеральный округ,253025,55626,197399,362284.0,115744.0,103169.0,46815.0,96556.0
2025-01-10,region,Республика Дагестан,60244,12396,47848,56995.0,22046.0,16784.0,6261.0,11904.0
2025-01-10,region,Республика Ингушетия,6963,2927,4036,7587.0,4252.0,1903.0,638.0,794.0
2025-01-10,region,Кабардино-Балкарская Республика,22629,5850,16779,28747.0,11764.0,8381.0,3487.0,5115.0
2025-01-10,region,Карачаево-Черкесская Республика,13945,2916,11029,18247.0,5781.0,4884.0,2924.0,4658.0
2025-01-10,region,Республика Северная Осетия - Алания,18983,5247,13736,29608.0,11560.0,9960.0,2776.0,5312.0
2025-01-10,region,Чеченская Республика,27516,5770,21746,31262.0,10084.0,6869.0,3571.0,10738.0
2025-01-10,region,Ставропольский край,102745,20520,82225,189838.0,50257.0,54388.0,27158.0,58035.0
2025-01-10,FO,Приволжский федеральный округ,1133188,379561,753627,2832231.0,895551.0,1000615.0,388971.0,547094.0
2025-01-10,region,Республика Башкортостан,141819,45827,95992,306742.0,103063.0,109708.0,37419.0,56552.0
2025-01-10,region,Республика Марий Эл,21733,6638,15095,60382.0,16900.0,23466.0,5938.0,14078.0
2025-01-10,region,Республика Мордовия,25680,6224,19456,64659.0,14497.0,20683.0,10501.0,18978.0
2025-01-10,region,Республика Татарстан (Татарстан),178255,66850,111405,423337.0,158329.0,150176.0,54920.0,59912.0
2025-01-10,region,Удмуртская Республика,72789,21843,50946,182928.0,50674.0,63475.0,24488.0,44291.0
2025-01-10,region,Чувашская Республика - Чувашия,46976,13118,33858,114454.0,31392.0,46458.0,14065.0,22539.0
2025-01-10,region,Кировская область,46988,16424,30564,127851.0,34362.0,44141.0,19708.0,29640.0
2025-01-10,region,Нижегородская область,130300,49622,80678,377775.0,121052.0,138075.0,57065.0,61583.0
2025-01-10,region,Оренбургская область,62102,16054,46048,135850.0,36931.0,46214.0,20421.0,32284.0
2025-01-10,region,Пензенская область,46726,12424,34302,119509.0,30514.0,38483.0,17064.0,33448.0
2025-01-10,region,Пермский край,102615,34584,68031,259797.0,79522.0,87917.0,34701.0,57657.0
2025-01-10,region,Самарская область,134885,52011,82874,350138.0,127445.0,125965.0,51922.0,44806.0
2025-01-10,region,Саратовская область,77752,23206,54546,196643.0,56522.0,66242.0,25361.0,48518.0
2025-01-10,region,Ульяновская область,44568,14736,29832,112166.0,34348.0,39612.0,15398.0,22808.0
2025-01-10,FO,Уральский федеральный округ,541345,189910,351435,1265021.0,414420.0,436494.0,170716.0,243391.0
2025-01-10,region,Курганская область,23588,6279,17309,63582.0,15724.0,19512.0,8877.0,19469.0
2025-01-10,region,Свердловская область,213478,82415,131063,509085.0,171082.0,176789.0,66467.0,94747.0
2025-01-10,region,Тюменская область,76421,27589,48832,181795.0,63059.0,64831.0,20201.0,33704.0
2025-01-10,region,Челябинская область,144737,52163,92574,330391.0,113398.0,113394.0,41212.0,62387.0
2025-01-10,region,Ханты-Мансийский автономный округ - Югра,64295,17196,47099,139492.0,39646.0,49088.0,26469.0,24289.0
2025-01-10,region,Ямало-Ненецкий автономный округ,18826,4268,14558,40676.0,11511.0,12880.0,7490.0,8795.0
2025-01-10,FO,Сибирский федеральный округ,651803,229514,422289,1537173.0,509092.0,533888.0,194006.0,300187.0
2025-01-10,region,Республика Алтай,9138,2453,6685,18566.0,5121.0,5203.0,3433.0,4809.0
2025-01-10,region,Республика Тыва,10179,1470,8709,9203.0,2826.0,2215.0,576.0,3586.0
2025-01-10,region,Республика Хакасия,18021,4549,13472,35815.0,9699.0,10082.0,2780.0,13254.0
2025-01-10,region,Алтайский край,79055,26870,52185,201246.0,58505.0,71431.0,30776.0,40534.0
2025-01-10,region,Красноярский край,113108,40444,72664,250708.0,86281.0,84670.0,30174.0,49583.0
2025-01-10,region,Иркутская область,90922,30259,60663,198989.0,66711.0,67614.0,23412.0,41252.0
2025-01-10,region,Кемеровская область,72053,22767,49286,176469.0,54658.0,66052.0,22461.0,33298.0
2025-01-10,region,Новосибирская область,152164,62616,89548,379192.0,142735.0,138602.0,46427.0,51428.0
2025-01-10,region,Омская область,65898,22114,43784,166463.0,48795.0,52746.0,21849.0,43073.0
2025-01-10,region,Томская область,41265,15972,25293,100522.0,33761.0,35273.0,12118.0,19370.0
2025-01-10,FO,Дальневосточный федеральный округ,330634,113383,217251,683494.0,229295.0,216483.0,73221.0,164495.0
2025-01-10,region,Республика Бурятия,32864,9672,23192,55613.0,17640.0,15674.0,4103.0,18196.0
2025-01-10,region,Республика Саха (Якутия),43825,11565,32260,56455.0,19324.0,17387.0,4207.0,15537.0
2025-01-10,region,Приморский край,90585,36472,54113,200317.0,76164.0,62147.0,20270.0,41736.0
2025-01-10,region,Хабаровский край,53068,22217,30851,123675.0,45310.0,42182.0,12430.0,23753.0
2025-01-10,region,Амурская область,28871,9264,19607,69159.0,19433.0,23330.0,7281.0,19115.0
2025-01-10,region,Камчатский край,15623,5316,10307,33816.0,9499.0,9674.0,7168.0,7475.0
2025-01-10,region,Магаданская область,6781,2195,4586,16160.0,4742.0,5463.0,3053.0,2902.0
2025-01-10,region,Сахалинская область,23317,7883,15434,56543.0,17913.0,18621.0,8108.0,11901.0
2025-01-10,region,Забайкальский край,30200,7315,22885,59992.0,15841.0,18111.0,5590.0,20450.0
2025-01-10,region,Еврейская автономная область,3839,1032,2807,8003.0,2210.0,2792.0,493.0,2508.0
2025-01-10,region,Чукотский автономный округ,1661,452,1209,3761.0,1219.0,1102.0,518.0,922.0
2025-01-10,FO,Юго-Западные субъекты Российской Федерации,116045,14901,101144,114338.0,23958.0,32877.0,18791.0,38712.0
2025-01-10,region,Запорожская область,15590,1911,13679,9913.0,2466.0,3440.0,1622.0,2385.0
2025-01-10,region,Донецкая Народная Республика,53734,7776,45958,57300.0,12891.0,14361.0,10257.0,19791.0
2025-01-10,region,Луганская Народная Республика,38615,4062,34553,43813.0,7551.0,14127.0,6067.0,16068.0
2025-01-10,region,Херсонская область,8106,1152,6954,3312.0,1050.0,949.0,845.0,468.0
2025-08-10,RF,Российская Федерация,6469492,2145569,4323923,15213167.0,5046871.0,5285409.0,2024402.0,2856485.0
2025-08-10,FO,Центральный федеральный округ,2012230,755262,1256968,5124422.0,1820327.0,1871350.0,732205.0,700540.0
2025-08-10,region,Белгородская область,60993,16830,44163,136606.0,39132.0,48422.0,22980.0,26072.0
2025-08-10,region,Брянская область,36947,8808,28139,88962.0,22120.0,33714.0,10804.0,22324.0
2025-08-10,region,Владимирская область,52278,14844,37434,130974.0,36076.0,47406.0,19661.0,27831.0
2025-08-10,region,Воронежская область,87917,26537,61380,232124.0,67129.0,87305.0,28645.0,49045.0
2025-08-10,region,Ивановская область,42617,15406,27211,113373.0,33918.0,37868.0,12909.0,28678.0
2025-08-10,region,Калужская область,43768,13000,30768,105452.0,31265.0,40425.0,14087.0,19675.0
2025-08-10,region,Костромская область,22986,7375,15611,75404.0,18912.0,25769.0,8725.0,21998.0
2025-08-10,region,Курская область,33987,8628,25359,76948.0,20677.0,26148.0,9099.0,21024.0
2025-08-10,region,Липецкая область,39882,11014,28868,95183.0,28970.0,34643.0,14417.0,17153.0
2025-08-10,region,Московская область,448081,128533,319548,869604.0,300876.0,309618.0,125005.0,134105.0
2025-08-10,region,Орловская область,24910,6691,18219,61924.0,16184.0,21728.0,8183.0,15829.0
2025-08-10,region,Рязанская область,41753,13362,28391,119321.0,34882.0,42077.0,17230.0,25132.0
2025-08-10,region,Смоленская область,38773,15579,23194,100066.0,32479.0,34350.0,13852.0,19385.0
2025-08-10,region,Тамбовская область,30087,7323,22764,72933.0,19216.0,24771.0,11001.0,17945.0
2025-08-10,region,Тверская область,46967,16433,30534,128257.0,40125.0,46825.0,15998.0,25309.0
2025-08-10,region,Тульская область,53166,15883,37283,133306.0,40247.0,46877.0,20225.0,25957.0
2025-08-10,region,Ярославская область,50027,19636,30391,143672.0,47195.0,53364.0,18600.0,24513.0
2025-08-10,region,г.Москва,857091,409380,447711,2440313.0,990924.0,910040.0,360784.0,178565.0
2025-08-10,FO,Северо-Западный федеральный округ,713307,272703,440604,1813198.0,652729.0,672188.0,234988.0,253293.0
2025-08-10,region,Республика Карелия,25956,9694,16262,54519.0,19655.0,20292.0,5284.0,9288.0
2025-08-10,region,Республика Коми,24923,7193,17730,52051.0,15729.0,16233.0,6791.0,13298.0
2025-08-10,region,Архангельская область,33389,10171,23218,73847.0,21282.0,26673.0,8772.0,17120.0
2025-08-10,region,Вологодская область,46474,18430,28044,122026.0,38044.0,43174.0,15198.0,25610.0
2025-08-10,region,Калининградская область,58814,24025,34789,134137.0,51399.0,43223.0,10988.0,28527.0
2025-08-10,region,Ленинградская область,83415,20917,62498,172020.0,49204.0,56512.0,29444.0,36860.0
2025-08-10,region,Мурманская область,24959,8499,16460,44603.0,16930.0,15291.0,3799.0,8583.0
2025-08-10,region,Новгородская область,21220,6422,14798,51592.0,15661.0,20766.0,5757.0,9408.0
2025-08-10,region,Псковская область,19808,6373,13435,53494.0,15549.0,21676.0,6556.0,9713.0
2025-08-10,region,г.Санкт-Петербург,372399,160455,211944,1049633.0,408071.0,406709.0,141700.0,93153.0
2025-08-10,region,Ненецкий автономный округ,1950,524,1426,5276.0,1205.0,1639.0,699.0,1733.0
2025-08-10,FO,Южный федеральный округ,751707,167829,583878,1430459.0,409546.0,426116.0,158271.0,436526.0
2025-08-10,region,Республика Адыгея (Адыгея),17724,3358,14366,32396.0,8800.0,10476.0,3247.0,9873.0
2025-08-10,region,Республика Калмыкия,28647,4135,24512,38885.0,7233.0,5008.0,636.0,26008.0
2025-08-10,region,Краснодарский край,307842,67043,240799,551661.0,161743.0,162201.0,65802.0,161915.0
2025-08-10,region,Астраханская область,29685,6825,22860,61335.0,17912.0,19422.0,3995.0,20006.0
2025-08-10,region,Волгоградская область,76825,17932,58893,160715.0,45009.0,54553.0,20361.0,40792.0
2025-08-10,region,Ростовская область,181146,41824,139322,375020.0,107321.0,119315.0,43543.0,104841.0
2025-08-10,region,Республика Крым,85854,19480,66374,164491.0,45895.0,42292.0,16649.0,59655.0
2025-08-10,region,г.Севастополь,23984,7232,16752,45956.0,15633.0,12849.0,4038.0,13436.0
2025-08-10,FO,Северо-Кавказский федеральный округ,249577,53961,195616,363962.0,113791.0,104185.0,44512.0,101474.0
2025-08-10,region,Республика Дагестан,59259,11890,47369,56563.0,20584.0,16736.0,5495.0,13748.0
2025-08-10,region,Республика Ингушетия,6615,2736,3879,7781.0,4361.0,1630.0,601.0,1189.0
2025-08-10,region,Кабардино-Балкарская Республика,22206,5654,16552,27787.0,10892.0,8979.0,2745.0,5171.0
2025-08-10,region,Карачаево-Черкесская Республика,13800,2855,10945,17880.0,5857.0,4671.0,2544.0,4808.0
2025-08-10,region,Республика Северная Осетия - Алания,18823,5084,13739,29086.0,10509.0,9911.0,2898.0,5768.0
2025-08-10,region,Чеченская Республика,27891,5691,22200,35196.0,11859.0,7358.0,3903.0,12076.0
2025-08-10,region,Ставропольский край,100983,20051,80932,189669.0,49729.0,54900.0,26326.0,58714.0
2025-08-10,FO,Приволжский федеральный округ,1124919,367213,757706,2836591.0,881473.0,992858.0,392410.0,569850.0
2025-08-10,region,Республика Башкортостан,141007,44453,96554,308883.0,100860.0,109162.0,39312.0,59549.0
2025-08-10,region,Республика Марий Эл,21835,6358,15477,59873.0,16052.0,22787.0,6561.0,14473.0
2025-08-10,region,Республика Мордовия,25201,5989,19212,63964.0,14344.0,20351.0,10267.0,19002.0
2025-08-10,region,Республика Татарстан (Татарстан),175901,64748,111153,429823.0,157940.0,150819.0,57465.0,63599.0
2025-08-10,region,Удмуртская Республика,73613,21074,52539,189064.0,51197.0,63257.0,25959.0,48651.0
2025-08-10,region,Чувашская Республика - Чувашия,47276,12725,34551,114062.0,30450.0,46144.0,14024.0,23444.0
2025-08-10,region,Кировская область,46439,15846,30593,125681.0,33243.0,44199.0,18297.0,29942.0
2025-08-10,region,Нижегородская область,129254,48247,81007,375466.0,118416.0,136929.0,55941.0,64180.0
2025-08-10,region,Оренбургская область,61740,15622,46118,133698.0,37259.0,44248.0,18531.0,33660.0
2025-08-10,region,Пензенская область,46361,12001,34360,118074.0,30039.0,38778.0,16561.0,32696.0
2025-08-10,region,Пермский край,102115,33466,68649,259149.0,77797.0,86151.0,34967.0,60234.0
2025-08-10,region,Самарская область,132985,50214,82771,352889.0,125847.0,124538.0,54315.0,48189.0
2025-08-10,region,Саратовская область,76968,22461,54507,194071.0,55332.0,64981.0,24778.0,48980.0
2025-08-10,region,Ульяновская область,44224,14009,30215,111894.0,32697.0,40514.0,15432.0,23251.0
2025-08-10,FO,Уральский федеральный округ,532648,182481,350167,1285781.0,411687.0,441563.0,176792.0,255739.0
2025-08-10,region,Курганская область,23235,6074,17161,63367.0,14829.0,19200.0,8846.0,20492.0
2025-08-10,region,Свердловская область,210356,78972,131384,524063.0,173851.0,181271.0,69621.0,99320.0
2025-08-10,region,Тюменская область,75952,26767,49185,186365.0,63628.0,66178.0,20831.0,35728.0
2025-08-10,region,Челябинская область,142817,50077,92740,334402.0,110010.0,115181.0,43399.0,65812.0
2025-08-10,region,Ханты-Мансийский автономный округ - Югра,62088,16466,45622,138220.0,38878.0,47272.0,26543.0,25527.0
2025-08-10,region,Ямало-Ненецкий автономный округ,18200,4125,14075,39364.0,10491.0,12461.0,7552.0,8860.0
2025-08-10,FO,Сибирский федеральный округ,640081,220749,419332,1530421.0,493946.0,528398.0,199560.0,308517.0
2025-08-10,region,Республика Алтай,9413,2379,7034,17448.0,4696.0,5009.0,2837.0,4906.0
2025-08-10,region,Республика Тыва,9721,1420,8301,9015.0,2805.0,2320.0,804.0,3086.0
2025-08-10,region,Республика Хакасия,18056,4428,13628,35488.0,9081.0,10183.0,3187.0,13037.0
2025-08-10,region,Алтайский край,78059,25884,52175,200386.0,56785.0,70609.0,30762.0,42230.0
2025-08-10,region,Красноярский край,111078,39033,72045,249885.0,83947.0,83995.0,31354.0,50589.0
2025-08-10,region,Иркутская область,88950,29336,59614,197557.0,64162.0,65478.0,24852.0,43065.0
2025-08-10,region,Кемеровская область,70761,21903,48858,174562.0,53899.0,63771.0,22436.0,34456.0
2025-08-10,region,Новосибирская область,149009,59826,89183,380677.0,138317.0,139880.0,47995.0,54485.0
2025-08-10,region,Омская область,64360,21144,43216,166182.0,48501.0,52884.0,21968.0,42829.0
2025-08-10,region,Томская область,40674,15396,25278,99221.0,31753.0,34269.0,13365.0,19834.0
2025-08-10,FO,Дальневосточный федеральный округ,326708,109503,217205,674854.0,224202.0,213385.0,68428.0,168839.0
2025-08-10,region,Республика Бурятия,32908,9340,23568,56600.0,17871.0,15485.0,4313.0,18931.0
2025-08-10,region,Республика Саха (Якутия),43240,11067,32173,57068.0,19278.0,17738.0,3661.0,16391.0
2025-08-10,region,Приморский край,89423,35275,54148,198400.0,73314.0,62190.0,19842.0,43054.0
2025-08-10,region,Хабаровский край,52173,21260,30913,121788.0,44946.0,40247.0,11710.0,24885.0
2025-08-10,region,Амурская область,28800,9158,19642,68183.0,19039.0,22372.0,7620.0,19152.0
2025-08-10,region,Камчатский край,15150,5063,10087,31318.0,9005.0,9008.0,5683.0,7622.0
2025-08-10,region,Магаданская область,6688,2161,4527,14886.0,4583.0,5618.0,2026.0,2659.0
2025-08-10,region,Сахалинская область,22822,7581,15241,53873.0,16568.0,18192.0,7128.0,11985.0
2025-08-10,region,Забайкальский край,30075,7178,22897,61718.0,16450.0,19005.0,5547.0,20716.0
2025-08-10,region,Еврейская автономная область,3764,974,2790,7394.0,1999.0,2302.0,525.0,2568.0
2025-08-10,region,Чукотский автономный округ,1665,446,1219,3626.0,1149.0,1228.0,373.0,876.0
2025-08-10,FO,Юго-Западные субъекты Российской Федерации,118315,15868,102447,153479.0,39170.0,35366.0,17236.0,61707.0
2025-08-10,region,Запорожская область,16498,2152,14346,18885.0,6092.0,4787.0,1450.0,6556.0
2025-08-10,region,Донецкая Народная Республика,55425,8170,47255,73133.0,18920.0,14758.0,9406.0,30049.0
2025-08-10,region,Луганская Народная Республика,38162,4216,33946,53846.0,11242.0,14268.0,5579.0,22757.0
2025-08-10,region,Херсонская область,8230,1330,6900,7615.0,2916.0,1553.0,801.0,2345.0
2026-01-10,RF,Российская Федерация,6835555,2196359,4639196,15128928.0,5047820.0,5272226.0,2033665.0,2775217.0
2026-01-10,FO,Центральный федеральный округ,2133523,780495,1353028,5120491.0,1833752.0,1870409.0,734732.0,681598.0
2026-01-10,region,Белгородская область,63942,17085,46857,135292.0,38931.0,48202.0,22841.0,25318.0
2026-01-10,region,Брянская область,38341,8881,29460,87997.0,21958.0,33694.0,10804.0,21541.0
2026-01-10,region,Владимирская область,54786,14991,39795,129643.0,35807.0,47195.0,19480.0,27161.0
2026-01-10,region,Воронежская область,92595,27014,65581,229238.0,66596.0,87026.0,28484.0,47132.0
2026-01-10,region,Ивановская область,44241,15588,28653,112369.0,33842.0,37845.0,12908.0,27774.0
2026-01-10,region,Калужская область,46323,13299,33024,104100.0,31203.0,40364.0,14055.0,18478.0
2026-01-10,region,Костромская область,24008,7434,16574,74621.0,18822.0,25701.0,8847.0,21251.0
2026-01-10,region,Курская область,35559,8729,26830,76289.0,20566.0,25920.0,9215.0,20588.0
2026-01-10,region,Липецкая область,41769,11232,30537,94934.0,29072.0,34599.0,14660.0,16603.0
2026-01-10,region,Московская область,478705,132072,346633,863499.0,300380.0,308648.0,124594.0,129877.0
2026-01-10,region,Орловская область,25839,6795,19044,61099.0,16124.0,21704.0,7939.0,15332.0
2026-01-10,region,Рязанская область,43441,13576,29865,118804.0,34601.0,42204.0,17364.0,24635.0
2026-01-10,region,Смоленская область,40572,15825,24747,99235.0,32261.0,34317.0,13852.0,18805.0
2026-01-10,region,Тамбовская область,31278,7421,23857,71907.0,19113.0,24722.0,11001.0,17071.0
2026-01-10,region,Тверская область,49064,16641,32423,127241.0,40095.0,46594.0,15999.0,24553.0
2026-01-10,region,Тульская область,55734,16065,39669,132116.0,40034.0,46549.0,20316.0,25217.0
2026-01-10,region,Ярославская область,52534,19773,32761,142556.0,47023.0,53152.0,18591.0,23790.0
2026-01-10,region,г.Москва,914792,428074,486718,2459551.0,1007324.0,911973.0,363782.0,176472.0
2026-01-10,FO,Северо-Западный федеральный округ,751666,276880,474786,1798392.0,649167.0,668223.0,236121.0,244881.0
2026-01-10,region,Республика Карелия,27133,9787,17346,54157.0,19526.0,20086.0,5405.0,9140.0
2026-01-10,region,Республика Коми,25971,7238,18733,51835.0,15662.0,16259.0,6957.0,12957.0
2026-01-10,region,Архангельская область,35092,10218,24874,72677.0,21174.0,26352.0,8539.0,16612.0
2026-01-10,region,Вологодская область,49053,18734,30319,121135.0,37803.0,42981.0,15578.0,24773.0
2026-01-10,region,Калининградская область,61737,24297,37440,133320.0,51228.0,43120.0,11429.0,27543.0
2026-01-10,region,Ленинградская область,89697,21644,68053,171512.0,49402.0,56672.0,29480.0,35958.0
2026-01-10,region,Мурманская область,26033,8580,17453,43827.0,16761.0,15089.0,3805.0,8172.0
2026-01-10,region,Новгородская область,22221,6574,15647,51389.0,15607.0,20780.0,5757.0,9245.0
2026-01-10,region,Псковская область,20728,6458,14270,53255.0,15492.0,21732.0,6556.0,9475.0
2026-01-10,region,г.Санкт-Петербург,391982,162835,229147,1040153.0,405341.0,403593.0,141916.0,89303.0
2026-01-10,region,Ненецкий автономный округ,2019,515,1504,5132.0,1171.0,1559.0,699.0,1703.0
2026-01-10,FO,Южный федеральный округ,787415,171570,615845,1416450.0,408080.0,424818.0,158406.0,425146.0
2026-01-10,region,Республика Адыгея (Адыгея),18802,3483,15319,32156.0,8881.0,10500.0,3247.0,9528.0
2026-01-10,region,Республика Калмыкия,29690,4459,25231,37162.0,6814.0,4825.0,636.0,24887.0
2026-01-10,region,Краснодарский край,323115,68709,254406,546342.0,161374.0,161650.0,65643.0,157675.0
2026-01-10,region,Астраханская область,31591,7012,24579,60393.0,17816.0,19225.0,4005.0,19347.0
2026-01-10,region,Волгоградская область,80565,18107,62458,159740.0,44884.0,54631.0,20358.0,39867.0
2026-01-10,region,Ростовская область,189024,42517,146507,372021.0,106833.0,118919.0,43723.0,102546.0
2026-01-10,region,Республика Крым,89643,19917,69726,163211.0,45849.0,42266.0,16756.0,58340.0
2026-01-10,region,г.Севастополь,24985,7366,17619,45425.0,15629.0,12802.0,4038.0,12956.0
2026-01-10,FO,Северо-Кавказский федеральный округ,277162,56896,220266,364478.0,115663.0,104737.0,45162.0,98916.0
2026-01-10,region,Республика Дагестан,70266,12774,57492,56433.0,20791.0,16858.0,5411.0,13373.0
2026-01-10,region,Республика Ингушетия,7500,2930,4570,7872.0,4398.0,1621.0,601.0,1252.0
2026-01-10,region,Кабардино-Балкарская Республика,24502,5996,18506,28002.0,10909.0,9006.0,3001.0,5086.0
2026-01-10,region,Карачаево-Черкесская Республика,15265,2960,12305,17736.0,5849.0,4749.0,2544.0,4594.0
2026-01-10,region,Республика Северная Осетия - Алания,20657,5389,15268,28823.0,10528.0,9886.0,2898.0,5511.0
2026-01-10,region,Чеченская Республика,32503,6269,26234,37821.0,13309.0,8092.0,4419.0,12001.0
2026-01-10,region,Ставропольский край,106469,20578,85891,187791.0,49879.0,54525.0,26288.0,57099.0
2026-01-10,FO,Приволжский федеральный округ,1186172,373221,812951,2814470.0,877885.0,989630.0,395535.0,551420.0
2026-01-10,region,Республика Башкортостан,150956,45406,105550,306014.0,100510.0,108513.0,39330.0,57661.0
2026-01-10,region,Республика Марий Эл,23571,6452,17119,59417.0,15960.0,22800.0,6561.0,14096.0
2026-01-10,region,Республика Мордовия,26100,6103,19997,63258.0,14111.0,20379.0,10322.0,18446.0
2026-01-10,region,Республика Татарстан (Татарстан),185525,66317,119208,427690.0,157129.0,150612.0,58244.0,61705.0
2026-01-10,region,Удмуртская Республика,76409,21378,55031,186732.0,51250.0,62817.0,25943.0,46722.0
2026-01-10,region,Чувашская Республика - Чувашия,50595,12902,37693,114086.0,30411.0,45989.0,14653.0,23033.0
2026-01-10,region,Кировская область,48820,15957,32863,124455.0,33040.0,44160.0,18190.0,29065.0
2026-01-10,region,Нижегородская область,135594,49029,86565,372376.0,118095.0,136444.0,56079.0,61758.0
2026-01-10,region,Оренбургская область,65223,15806,49417,132730.0,37023.0,43975.0,19246.0,32486.0
2026-01-10,region,Пензенская область,48328,12136,36192,116603.0,30011.0,38402.0,16561.0,31629.0
2026-01-10,region,Пермский край,107516,33974,73542,257328.0,77567.0,86134.0,35318.0,58309.0
2026-01-10,region,Самарская область,140103,50841,89262,349748.0,125256.0,123925.0,54273.0,46294.0
2026-01-10,region,Саратовская область,80726,22785,57941,192988.0,55278.0,64968.0,24975.0,47767.0
2026-01-10,region,Ульяновская область,46706,14135,32571,111045.0,32244.0,40512.0,15840.0,22449.0
2026-01-10,FO,Уральский федеральный округ,560055,184899,375156,1276840.0,410143.0,440727.0,177111.0,248859.0
2026-01-10,region,Курганская область,24418,6174,18244,62527.0,14803.0,19092.0,8846.0,19786.0
2026-01-10,region,Свердловская область,220159,79783,140376,520570.0,172813.0,181328.0,69849.0,96580.0
2026-01-10,region,Тюменская область,80542,27232,53310,184831.0,63281.0,65789.0,20895.0,34866.0
2026-01-10,region,Челябинская область,150331,50846,99485,332143.0,110130.0,114871.0,43261.0,63881.0
2026-01-10,region,Ханты-Мансийский автономный округ - Югра,65248,16627,48621,137467.0,38639.0,47121.0,26690.0,25017.0
2026-01-10,region,Ямало-Ненецкий автономный округ,19357,4237,15120,39302.0,10477.0,12526.0,7570.0,8729.0
2026-01-10,FO,Сибирский федеральный округ,674053,223898,450155,1516728.0,490824.0,525723.0,200749.0,299432.0
2026-01-10,region,Республика Алтай,9715,2428,7287,17270.0,4698.0,4919.0,2837.0,4816.0
2026-01-10,region,Республика Тыва,10321,1489,8832,8888.0,2789.0,2342.0,804.0,2953.0
2026-01-10,region,Республика Хакасия,18902,4508,14394,34801.0,9013.0,10156.0,3061.0,12571.0
2026-01-10,region,Алтайский край,81922,26290,55632,199178.0,56464.0,70047.0,31426.0,41241.0
2026-01-10,region,Красноярский край,117275,39613,77662,247753.0,83374.0,83706.0,31412.0,49261.0
2026-01-10,region,Иркутская область,93857,29770,64087,195617.0,63777.0,65018.0,24639.0,42183.0
2026-01-10,region,Кемеровская область,75384,22177,53207,173004.0,53398.0,63751.0,22753.0,33102.0
2026-01-10,region,Новосибирская область,156202,60657,95545,377086.0,137358.0,139057.0,48233.0,52438.0
2026-01-10,region,Омская область,67753,21392,46361,164631.0,48263.0,52679.0,22222.0,41467.0
2026-01-10,region,Томская область,42722,15574,27148,98500.0,31690.0,34048.0,13362.0,19400.0
2026-01-10,FO,Дальневосточный федеральный округ,344259,112081,232178,668801.0,223172.0,212474.0,68838.0,164317.0
2026-01-10,region,Республика Бурятия,34602,9542,25060,55837.0,17759.0,15298.0,4313.0,18467.0
2026-01-10,region,Республика Саха (Якутия),46201,11486,34715,56802.0,19208.0,17764.0,3678.0,16152.0
2026-01-10,region,Приморский край,93931,35943,57988,197017.0,73020.0,62098.0,20028.0,41871.0
2026-01-10,region,Хабаровский край,54888,21702,33186,120559.0,44614.0,40123.0,11710.0,24112.0
2026-01-10,region,Амурская область,30153,9431,20722,67353.0,18943.0,22352.0,7620.0,18438.0
2026-01-10,region,Камчатский край,15829,5172,10657,31325.0,9040.0,9129.0,5682.0,7474.0
2026-01-10,region,Магаданская область,6970,2215,4755,14859.0,4564.0,5618.0,2132.0,2545.0
2026-01-10,region,Сахалинская область,24049,7752,16297,53201.0,16481.0,17759.0,7247.0,11714.0
2026-01-10,region,Забайкальский край,31930,7362,24568,60894.0,16430.0,18826.0,5530.0,20108.0
2026-01-10,region,Еврейская автономная область,3933,1005,2928,7290.0,1964.0,2282.0,525.0,2519.0
2026-01-10,region,Чукотский автономный округ,1773,471,1302,3664.0,1149.0,1225.0,373.0,917.0
2026-01-10,FO,Юго-Западные субъекты Российской Федерации,121250,16419,104831,152278.0,39134.0,35485.0,17011.0,60648.0
2026-01-10,region,Запорожская область,17000,2329,14671,19014.0,6202.0,4961.0,1450.0,6401.0
2026-01-10,region,Донецкая Народная Республика,57077,8361,48716,72927.0,18870.0,14815.0,9552.0,29690.0
2026-01-10,region,Луганская Народная Республика,38494,4294,34200,52870.0,11144.0,14168.0,5324.0,22234.0
2026-01-10,region,Херсонская область,8679,1435,7244,7467.0,2918.0,1541.0,685.0,2323.0
2026-08-10,RF,Российская Федерация,6696310,2025711,4670599,15100565.0,4776262.0,5277618.0,2118759.0,2927926.0
2026-08-10,FO,Центральный федеральный округ,2076635,712109,1364526,5124852.0,1733197.0,1882675.0,772103.0,736877.0
2026-08-10,region,Белгородская область,62798,15653,47145,136415.0,37949.0,47461.0,23644.0,27361.0
2026-08-10,region,Брянская область,38085,8265,29820,88931.0,20999.0,33494.0,11362.0,23076.0
2026-08-10,region,Владимирская область,54156,13976,40180,128685.0,34279.0,47186.0,18955.0,28265.0
2026-08-10,region,Воронежская область,92124,25368,66756,229972.0,66227.0,83118.0,31258.0,49369.0
2026-08-10,region,Ивановская область,43220,13971,29249,113040.0,32086.0,36941.0,13646.0,30367.0
2026-08-10,region,Калужская область,45273,12530,32743,104421.0,30624.0,39853.0,15027.0,18917.0
2026-08-10,region,Костромская область,23668,6894,16774,74005.0,18009.0,26047.0,8293.0,21656.0
2026-08-10,region,Курская область,35293,8068,27225,74658.0,18930.0,24848.0,9409.0,21471.0
2026-08-10,region,Липецкая область,41294,10411,30883,95207.0,28389.0,34496.0,14688.0,17634.0
2026-08-10,region,Московская область,469866,122380,347486,883701.0,291372.0,311351.0,133063.0,147915.0
2026-08-10,region,Орловская область,25350,6240,19110,60792.0,14908.0,21114.0,8844.0,15926.0
2026-08-10,region,Рязанская область,42742,12508,30234,117466.0,32137.0,41723.0,18204.0,25402.0
2026-08-10,region,Смоленская область,39678,14562,25116,98770.0,31167.0,34388.0,14447.0,18768.0
2026-08-10,region,Тамбовская область,30925,6895,24030,69288.0,17581.0,23869.0,10347.0,17491.0
2026-08-10,region,Тверская область,48185,15471,32714,124988.0,38542.0,45036.0,16502.0,24908.0
2026-08-10,region,Тульская область,54586,14970,39616,131739.0,38037.0,47239.0,20265.0,26198.0
2026-08-10,region,Ярославская область,52600,18513,34087,140299.0,43305.0,53759.0,18636.0,24599.0
2026-08-10,region,г.Москва,876792,385434,491358,2452475.0,938656.0,930752.0,385513.0,197554.0
2026-08-10,FO,Северо-Западный федеральный округ,740047,259939,480108,1795229.0,616663.0,672370.0,246630.0,259566.0
2026-08-10,region,Республика Карелия,26595,8957,17638,52381.0,18425.0,19552.0,5351.0,9053.0
2026-08-10,region,Республика Коми,25503,6693,18810,48561.0,14961.0,14767.0,6124.0,12709.0
2026-08-10,region,Архангельская область,34447,9544,24903,71585.0,19908.0,25742.0,8911.0,17024.0
2026-08-10,region,Вологодская область,48530,17428,31102,119909.0,36448.0,42475.0,15590.0,25396.0
2026-08-10,region,Калининградская область,61416,22754,38662,132123.0,47887.0,43382.0,11793.0,29061.0
2026-08-10,region,Ленинградская область,90334,20763,69571,176809.0,50020.0,59166.0,28399.0,39224.0
2026-08-10,region,Мурманская область,25122,7816,17306,42414.0,15342.0,14992.0,3677.0,8403.0
2026-08-10,region,Новгородская область,21798,6098,15700,51754.0,14396.0,20073.0,7643.0,9642.0
2026-08-10,region,Псковская область,20529,6011,14518,52504.0,14693.0,21010.0,6977.0,9824.0
2026-08-10,region,г.Санкт-Петербург,383806,153384,230422,1042468.0,383403.0,409994.0,151515.0,97556.0
2026-08-10,region,Ненецкий автономный округ,1967,491,1476,4721.0,1180.0,1217.0,650.0,1674.0
2026-08-10,FO,Южный федеральный округ,775721,159262,616459,1417999.0,387878.0,421701.0,172645.0,435775.0
2026-08-10,region,Республика Адыгея (Адыгея),18523,3240,15283,33300.0,8665.0,10910.0,3563.0,10162.0
2026-08-10,region,Республика Калмыкия,28104,4302,23802,41847.0,7617.0,5304.0,490.0,28436.0
2026-08-10,region,Краснодарский край,318842,63103,255739,541813.0,151899.0,159615.0,74060.0,156239.0
2026-08-10,region,Астраханская область,30867,6407,24460,60003.0,16944.0,19128.0,4755.0,19176.0
2026-08-10,region,Волгоградская область,80634,16939,63695,158141.0,43173.0,52987.0,21079.0,40902.0
2026-08-10,region,Ростовская область,185415,39413,146002,369567.0,99572.0,118235.0,47743.0,104017.0
2026-08-10,region,Республика Крым,88745,18980,69765,166686.0,44576.0,42588.0,16503.0,63019.0
2026-08-10,region,г.Севастополь,24591,6878,17713,46642.0,15432.0,12934.0,4452.0,13824.0
2026-08-10,FO,Северо-Кавказский федеральный округ,266165,52046,214119,368490.0,112003.0,105571.0,46376.0,104540.0
2026-08-10,region,Республика Дагестан,66865,11418,55447,59299.0,20735.0,16691.0,6106.0,15767.0
2026-08-10,region,Республика Ингушетия,6975,2577,4398,7244.0,3589.0,1757.0,766.0,1132.0
2026-08-10,region,Кабардино-Балкарская Республика,22984,5307,17677,26756.0,10772.0,8276.0,2566.0,5142.0
2026-08-10,region,Карачаево-Черкесская Республика,14720,2613,12107,17545.0,5617.0,4948.0,2324.0,4656.0
2026-08-10,region,Республика Северная Осетия - Алания,19861,4904,14957,29203.0,10398.0,9943.0,2822.0,6040.0
2026-08-10,region,Чеченская Республика,29806,5892,23914,41114.0,13273.0,9394.0,5368.0,13079.0
2026-08-10,region,Ставропольский край,104954,19335,85619,187329.0,47619.0,54562.0,26424.0,58724.0
2026-08-10,FO,Приволжский федеральный округ,1167108,345301,821807,2780097.0,825480.0,979288.0,405525.0,569804.0
2026-08-10,region,Республика Башкортостан,148803,41881,106922,300505.0,94221.0,105976.0,40014.0,60294.0
2026-08-10,region,Республика Марий Эл,23804,6024,17780,59168.0,15071.0,22182.0,7516.0,14399.0
2026-08-10,region,Республика Мордовия,24969,5581,19388,60207.0,13159.0,19378.0,8840.0,18830.0
2026-08-10,region,Республика Татарстан (Татарстан),183510,61643,121867,430898.0,149599.0,152769.0,62484.0,66046.0
2026-08-10,region,Удмуртская Республика,73997,19849,54148,181044.0,46736.0,60212.0,26275.0,47821.0
2026-08-10,region,Чувашская Республика - Чувашия,51187,11957,39230,113629.0,29658.0,44782.0,14751.0,24438.0
2026-08-10,region,Кировская область,48035,14530,33505,121065.0,31619.0,42845.0,17184.0,29417.0
2026-08-10,region,Нижегородская область,132742,45193,87549,369242.0,111165.0,137255.0,58172.0,62650.0
2026-08-10,region,Оренбургская область,64030,14444,49586,129261.0,34677.0,43414.0,18591.0,32579.0
2026-08-10,region,Пензенская область,47774,11187,36587,117157.0,27949.0,40818.0,16463.0,31927.0
2026-08-10,region,Пермский край,105653,31686,73967,255850.0,71039.0,86255.0,38453.0,60103.0
2026-08-10,region,Самарская область,137283,47179,90104,341542.0,117356.0,121141.0,54620.0,48425.0
2026-08-10,region,Саратовская область,79260,21113,58147,190848.0,52979.0,62692.0,25516.0,49661.0
2026-08-10,region,Ульяновская область,46061,13034,33027,109681.0,30252.0,39569.0,16646.0,23214.0
2026-08-10,FO,Уральский федеральный округ,550237,170682,379555,1267803.0,384269.0,442293.0,183628.0,257613.0
2026-08-10,region,Курганская область,23987,5687,18300,62267.0,13686.0,19225.0,9520.0,19836.0
2026-08-10,region,Свердловская область,216707,73757,142950,522541.0,163752.0,182476.0,76408.0,99905.0
2026-08-10,region,Тюменская область,79494,25085,54409,182938.0,59428.0,65720.0,20214.0,37576.0
2026-08-10,region,Челябинская область,147966,46997,100969,331858.0,103338.0,116763.0,45341.0,66416.0
2026-08-10,region,Ханты-Мансийский автономный округ - Югра,63477,15229,48248,130516.0,34330.0,46187.0,24659.0,25340.0
2026-08-10,region,Ямало-Ненецкий автономный округ,18606,3927,14679,37683.0,9735.0,11922.0,7486.0,8540.0
2026-08-10,FO,Сибирский федеральный округ,661375,206249,455126,1489728.0,454042.0,522262.0,208097.0,305327.0
2026-08-10,region,Республика Алтай,9767,2275,7492,16672.0,4562.0,4565.0,2671.0,4874.0
2026-08-10,region,Республика Тыва,9444,1274,8170,8458.0,2417.0,2328.0,1085.0,2628.0
2026-08-10,region,Республика Хакасия,18636,4123,14513,34004.0,8169.0,9821.0,3512.0,12502.0
2026-08-10,region,Алтайский край,80878,24233,56645,196671.0,52336.0,70039.0,31908.0,42388.0
2026-08-10,region,Красноярский край,114997,36588,78409,242085.0,76573.0,82634.0,33383.0,49495.0
2026-08-10,region,Иркутская область,92140,27290,64850,189845.0,59828.0,64456.0,23250.0,42311.0
2026-08-10,region,Кемеровская область,74701,20476,54225,169144.0,48105.0,63036.0,23327.0,34676.0
2026-08-10,region,Новосибирская область,153211,56086,97125,375338.0,127844.0,138062.0,53556.0,55876.0
2026-08-10,region,Омская область,65880,19480,46400,161933.0,45179.0,53370.0,21661.0,41723.0
2026-08-10,region,Томская область,41721,14424,27297,95578.0,29029.0,33951.0,13744.0,18854.0
2026-08-10,FO,Дальневосточный федеральный округ,338285,104072,234213,669588.0,215291.0,214764.0,68159.0,171374.0
2026-08-10,region,Республика Бурятия,34394,8745,25649,57415.0,17414.0,15988.0,3814.0,20199.0
2026-08-10,region,Республика Саха (Якутия),44952,10431,34521,56362.0,17818.0,17313.0,4177.0,17054.0
2026-08-10,region,Приморский край,92434,33452,58982,196864.0,69271.0,62824.0,21159.0,43610.0
2026-08-10,region,Хабаровский край,53908,20131,33777,121885.0,43784.0,40695.0,11229.0,26177.0
2026-08-10,region,Амурская область,29762,8940,20822,66762.0,18218.0,22020.0,7806.0,18718.0
2026-08-10,region,Камчатский край,15303,4815,10488,29946.0,8364.0,9406.0,4731.0,7445.0
2026-08-10,region,Магаданская область,6801,2093,4708,15278.0,4132.0,6205.0,2139.0,2802.0
2026-08-10,region,Сахалинская область,23326,7222,16104,53339.0,16422.0,17649.0,6989.0,12279.0
2026-08-10,region,Забайкальский край,31722,6835,24887,61256.0,16402.0,19284.0,5591.0,19979.0
2026-08-10,region,Еврейская автономная область,3938,936,3002,6982.0,2154.0,2156.0,319.0,2353.0
2026-08-10,region,Чукотский автономный округ,1745,472,1273,3499.0,1312.0,1224.0,205.0,758.0
2026-08-10,FO,Юго-Западные субъекты Российской Федерации,120737,16051,104686,186779.0,47439.0,36694.0,15596.0,87050.0
2026-08-10,region,Запорожская область,16570,2304,14266,23710.0,7109.0,4892.0,1514.0,10195.0
2026-08-10,region,Донецкая Народная Республика,57637,8161,49476,88730.0,22754.0,15505.0,8674.0,41797.0
2026-08-10,region,Луганская Народная Республика,38468,4203,34265,64053.0,13808.0,14369.0,4750.0,31126.0
2026-08-10,region,Херсонская область,8062,1383,6679,10286.0,3768.0,1928.0,658.0,3932.0
