region_std,activity,share_2010,share_2011,share_avg_2010_2011,mln_rub_2010,mln_rub_2011
алтайский край,гостиницы и рестораны,0.000706295203588202,0.0006121114502445313,0.0006592033269163666,25.4,29.3
алтайский край,государственное управление и обеспечение военной безопасности; социальное страхование,0.04115420871301335,0.038193247554165595,0.03967372813358947,1480.0,1828.2
алтайский край,добыча полезных ископаемых,0.04995509186008681,0.03329844506978698,0.04162676846493689,1796.5,1593.9
алтайский край,здравоохранение и предоставление социальных услуг,0.06753183194623258,0.07574722512957753,0.07163952853790506,2428.6,3625.8
алтайский край,из них связь,0.0652099559816808,0.07467132957709993,0.06994064277939037,2345.1,3574.3
алтайский край,обрабатывающие производства,0.12067359429180001,0.16953189142438127,0.14510274285809063,4339.7,8115.0
алтайский край,образование,0.027284128100816686,0.04307551533307846,0.03517982171694757,981.2,2061.9
алтайский край,"операции с недвижимым имуществом, аренда и предоставление услуг",0.1569532538241436,0.10584932030559611,0.13140128706486986,5644.4,5066.7
алтайский край,"оптовая и розничная торговля; ремонт автотранспортных средств, мотоциклов, бытовых изделий и предметов личного пользования",0.047747224176429195,0.03511179912716668,0.04142951165179794,1717.1,1680.7
алтайский край,"предоставление прочих коммунальных, социальных и персональных услуг",0.019601082244461557,0.0230158083527099,0.021308445298585728,704.9,1101.7
алтайский край,"производство и распределение электроэнергии, газа и воды",0.09743815050761491,0.10081872517867177,0.09912843784314335,3504.1,4825.9
алтайский край,"рыболов-ство, рыбоводство",2.7806897779063075e-06,3.13367636643958e-05,1.7058726721151052e-05,0.1,1.5
алтайский край,"сельское хозяйство, охота и лесное хозяйство",0.14223506282968554,0.16399781896124896,0.15311644089546725,5115.1,7850.1
алтайский край,строи-тельство,0.023377258962858326,0.014513099811770508,0.018945179387314416,840.7,694.7
алтайский край,транспорт и связь,0.18510773782544496,0.1836898412479553,0.18439878953670014,6656.9,8792.7
алтайский край,финансовая деятельность,0.020235079513824198,0.012513814289982056,0.016374446901903126,727.7,599.0
амурская область,гостиницы и рестораны,0.00018494875953210726,9.909732950392938e-05,0.0001420230445180183,13.4,11.2
амурская область,государственное управление и обеспечение военной безопасности; социальное страхование,0.01011007211621407,0.008753302506985477,0.009431687311599775,732.5,989.3
амурская область,добыча полезных ископаемых,0.11588834063696904,0.16158704373200541,0.13873769218448723,8396.4,18262.6
амурская область,здравоохранение и предоставление социальных услуг,0.023727269590421308,0.030411377789103185,0.027069323689762247,1719.1,3437.1
амурская область,из них связь,0.04941168351678686,0.027789722545173343,0.0386007030309801,3580.0,3140.8
амурская область,обрабатывающие производства,0.006266174390117663,0.003294986206005652,0.004780580298061657,454.0,372.4
амурская область,образование,0.0064442220765329,0.007807453888773865,0.007125837982653383,466.9,882.4
амурская область,"операции с недвижимым имуществом, аренда и предоставление услуг",0.03299817121562403,0.05742513285235737,0.045211652033990704,2390.8,6490.2
амурская область,"оптовая и розничная торговля; ремонт автотранспортных средств, мотоциклов, бытовых изделий и предметов личного пользования",0.00516338290604189,0.003187925698238014,0.004175654302139952,374.1,360.3
амурская область,"предоставление прочих коммунальных, социальных и персональных услуг",0.006596045685104033,0.007951675895105478,0.007273860790104756,477.9,898.7
амурская область,"производство и распределение электроэнергии, газа и воды",0.10584451882267693,0.12045368880961103,0.11314910381614399,7668.7,13613.7
амурская область,"рыболов-ство, рыбоводство",0.0,,,0.0,
амурская область,"сельское хозяйство, охота и лесное хозяйство",0.0138628756771678,0.01811711534752195,0.015989995512344875,1004.4,2047.6
амурская область,строи-тельство,0.014682723163451917,0.025788310408227908,0.020235516785839913,1063.8,2914.6
амурская область,транспорт и связь,0.6555370760153204,0.5523968281776178,0.6039669520964691,47495.3,62432.0
амурская область,финансовая деятельность,0.0026941789448259204,0.002726061358942915,0.0027101201518844177,195.2,308.1
архангельская область,гостиницы и рестораны,0.004022428083861531,0.0012583961303295572,0.002640412107095544,297.0,153.7
архангельская область,государственное управление и обеспечение военной безопасности; социальное страхование,0.05371363562489842,0.1396066468205234,0.09666014122271091,3966.0,17051.5
архангельская область,добыча полезных ископаемых,0.4788951189121837,0.33918155946146866,0.4090383391868262,35359.7,41427.5
архангельская область,здравоохранение и предоставление социальных услуг,0.024676309659244812,0.02723031678505579,0.0259533132221503,1822.0,3325.9
архангельская область,из них связь,0.024192805677447315,0.01673413045400509,0.0204634680657262,1786.3,2043.9
архангельская область,обрабатывающие производства,0.07430928002600358,0.0610956643054341,0.06770247216571884,5486.7,7462.2
архангельская область,образование,0.020813695216425593,0.011128249969706794,0.015970972593066193,1536.8,1359.2
архангельская область,"операции с недвижимым имуществом, аренда и предоставление услуг",0.040045506257110355,0.045278517368650295,0.042662011812880325,2956.8,5530.3
архангельская область,"оптовая и розничная торговля; ремонт автотранспортных средств, мотоциклов, бытовых изделий и предметов личного пользования",0.00992198927352511,0.0036753026864342108,0.006798645979979661,732.6,448.9
архангельская область,"предоставление прочих коммунальных, социальных и персональных услуг",0.014788179207974431,0.003682671303983311,0.009235425255978872,1091.9,449.8
архангельская область,"производство и распределение электроэнергии, газа и воды",0.020534698521046644,0.019622628533252112,0.020078663527149376,1516.2,2396.7
архангельская область,"рыболов-ство, рыбоводство",0.004283818191668021,0.007061591817887073,0.0056727050047775465,316.3,862.5
архангельская область,"сельское хозяйство, охота и лесное хозяйство",0.05225635191505499,0.0243107067650459,0.03828352934005044,3858.4,2969.3
архангельская область,строи-тельство,0.029263502898315183,0.021660460653219756,0.02546198177576747,2160.7,2645.6
архангельская область,транспорт и связь,0.16726258193834986,0.2898290153234495,0.2285457986308997,12350.0,35399.6
архангельская область,финансовая деятельность,0.0052142586272279105,0.005379090810842675,0.005296674719035293,385.0,657.0
астраханская область,гостиницы и рестораны,0.003511090048721044,0.007848156759591973,0.005679623404156509,150.4,401.0
астраханская область,государственное управление и обеспечение военной безопасности; социальное страхование,0.02295048289160677,0.012435707743253716,0.01769309531743024,983.1,635.4
астраханская область,добыча полезных ископаемых,0.35115802940071017,0.2178714859437751,0.28451475767224266,15042.1,11132.1
астраханская область,здравоохранение и предоставление социальных услуг,0.04220778462824233,0.04845111439911693,0.045329449513679634,1808.0,2475.6
астраханская область,из них связь,0.03424946948456544,0.031999342398835104,0.03312440594170027,1467.1,1635.0
астраханская область,обрабатывающие производства,0.02133033894625278,0.013054165981665453,0.017192252463959116,913.7,667.0
астраханская область,образование,0.0044075385717987576,0.007926442612555484,0.0061669905921771205,188.8,405.0
астраханская область,"операции с недвижимым имуществом, аренда и предоставление услуг",0.06090947504067869,0.04415126392509609,0.05253036948288739,2609.1,2255.9
астраханская область,"оптовая и розничная торговля; ремонт автотранспортных средств, мотоциклов, бытовых изделий и предметов личного пользования",0.031424722836325775,0.044276521289837716,0.03785062206308175,1346.1,2262.3
астраханская область,"предоставление прочих коммунальных, социальных и персональных услуг",0.02333334111500454,0.03281351526965562,0.02807342819233008,999.5,1676.6
астраханская область,"производство и распределение электроэнергии, газа и воды",0.10698319392469366,0.08150340152031126,0.09424329772250245,4582.7,4164.4
астраханская область,"рыболов-ство, рыбоводство",0.0018605975856586913,0.0030551054119010153,0.0024578514987798534,79.7,156.1
астраханская область,"сельское хозяйство, охота и лесное хозяйство",0.007395700315391135,0.004865465761682206,0.006130583038536671,316.8,248.6
астраханская область,строи-тельство,0.03667268189850989,0.07381768790561857,0.05524518490206423,1570.9,3771.7
астраханская область,транспорт и связь,0.2790382788188357,0.3985728489004752,0.33880556385965543,11952.8,20365.0
астраханская область,финансовая деятельность,0.006814409476207929,0.009355159429139559,0.008084784452673743,291.9,478.0
белгородская область,гостиницы и рестораны,0.001391617425016243,0.00028833720091310977,0.0008399773129646764,90.6,22.9
белгородская область,государственное управление и обеспечение военной безопасности; социальное страхование,0.03297027376156033,0.03306938098158042,0.03301982737157037,2146.5,2626.4
белгородская область,добыча полезных ископаемых,0.0768415506857479,0.08062613241602651,0.0787338415508872,5002.7,6403.4
белгородская область,здравоохранение и предоставление социальных услуг,0.01954869201786063,0.02813491159128139,0.02384180180457101,1272.7,2234.5
белгородская область,из них связь,0.014870031226911978,0.01839188425213011,0.016630957739521043,968.1,1460.7
белгородская область,обрабатывающие производства,0.2077595727458025,0.1259555104512792,0.16685754159854085,13526.0,10003.5
белгородская область,образование,0.025824794444589513,0.02531953176053155,0.02557216310256053,1681.3,2010.9
белгородская область,"операции с недвижимым имуществом, аренда и предоставление услуг",0.07486932466618847,0.07906105319884314,0.0769651889325158,4874.3,6279.1
белгородская область,"оптовая и розничная торговля; ремонт автотранспортных средств, мотоциклов, бытовых изделий и предметов личного пользования",0.016799249202431185,0.02188844498110699,0.01934384709176909,1093.7,1738.4
белгородская область,"предоставление прочих коммунальных, социальных и персональных услуг",0.05121950844877665,0.03394950195729336,0.04258450520303501,3334.6,2696.3
белгородская область,"производство и распределение электроэнергии, газа и воды",0.09961277400348058,0.09951788509070032,0.09956532954709045,6485.2,7903.8
белгородская область,"сельское хозяйство, охота и лесное хозяйство",0.2657267361041778,0.26960283754024444,0.2676647868222111,17299.9,21412.1
белгородская область,строи-тельство,0.012002316290371882,0.014409305359168685,0.013205810824770283,781.4,1144.4
белгородская область,транспорт и связь,0.1073480779244318,0.17910272988596201,0.1432254039051969,6988.8,14224.5
белгородская область,финансовая деятельность,0.008083976277991707,0.00907317847065445,0.00857857737432308,526.3,720.6
брянская область,гостиницы и рестораны,0.0017915543688288298,0.000296919327018849,0.0010442368479238395,57.3,11.0
брянская область,государственное управление и обеспечение военной безопасности; социальное страхование,0.016023937417535345,0.011258641027232901,0.013641289222384122,512.5,417.1
брянская область,добыча полезных ископаемых,0.0004502335586585541,0.00018894866264835845,0.00031959111065345627,14.4,7.0
брянская область,здравоохранение и предоставление социальных услуг,0.02524434550423032,0.04790928304779592,0.036576814276013114,807.4,1774.9
брянская область,из них связь,0.05212391428053302,0.05648485306542213,0.054304383672977574,1667.1,2092.6
брянская область,обрабатывающие производства,0.11228324693434719,0.14912098382869374,0.13070211538152046,3591.2,5524.5
брянская область,образование,0.0073913342546445965,0.010859149569062086,0.009125241911853342,236.4,402.3
брянская область,"операции с недвижимым имуществом, аренда и предоставление услуг",0.07425414433737501,0.039071884169071265,0.056663014253223135,2374.9,1447.5
брянская область,"оптовая и розничная торговля; ремонт автотранспортных средств, мотоциклов, бытовых изделий и предметов личного пользования",0.009895758424682804,0.010940127567339954,0.010417942996011379,316.5,405.3
брянская область,"предоставление прочих коммунальных, социальных и персональных услуг",0.28887798045235963,0.10496098210116311,0.19691948127676137,9239.3,3888.5
брянская область,"производство и распределение электроэнергии, газа и воды",0.0673912091897672,0.050595053324011874,0.058993131256889535,2155.4,1874.4
брянская область,"сельское хозяйство, охота и лесное хозяйство",0.09073456855743917,0.27164339448971714,0.18118898152357815,2902.0,10063.6
брянская область,строи-тельство,0.007472626424957947,0.0215374482753036,0.014505037350130773,239.0,797.9
брянская область,транспорт и связь,0.2892156556213536,0.27197540428265643,0.280595529952005,9250.1,10075.9
брянская область,финансовая деятельность,0.008976531575754922,0.00964717886150333,0.009311855218629126,287.1,357.4
в том числе ненецкий автономный округ,гостиницы и рестораны,0.002004904304375318,0.001161512887924439,0.0015832085961498786,78.0,50.1
в том числе ненецкий автономный округ,государственное управление и обеспечение военной безопасности; социальное страхование,0.040547904360923905,0.007806015755771629,0.02417696005834777,1577.5,336.7
в том числе ненецкий автономный округ,добыча полезных ископаемых,0.8680952895030408,0.9177481951341651,0.8929217423186029,33772.9,39585.6
в том числе ненецкий автономный округ,здравоохранение и предоставление социальных услуг,0.0024547225777928573,0.005392572809006477,0.003923647693399667,95.5,232.6
в том числе ненецкий автономный округ,из них связь,0.00027760213445196714,0.0028748023573379328,0.0015762022458949499,10.8,124.0
в том числе ненецкий автономный округ,обрабатывающие производства,0.00021591277124041888,0.0003964445186328924,0.00030617864493665567,8.4,17.1
в том числе ненецкий автономный округ,образование,0.0011592459503503441,0.0018083434183254739,0.001483794684337909,45.1,78.0
в том числе ненецкий автономный округ,"операции с недвижимым имуществом, аренда и предоставление услуг",0.03036915943101844,0.01837555119698424,0.024372355314001337,1181.5,792.6
в том числе ненецкий автономный округ,"оптовая и розничная торговля; ремонт автотранспортных средств, мотоциклов, бытовых изделий и предметов личного пользования",0.00021591277124041888,0.00020633662080893228,0.0002111246960246756,8.4,8.9
в том числе ненецкий автономный округ,"предоставление прочих коммунальных, социальных и персональных услуг",0.0077086000113097165,0.0027867035754195126,0.005247651793364614,299.9,120.2
в том числе ненецкий автономный округ,"производство и распределение электроэнергии, газа и воды",0.004549590536851684,0.005309110805083763,0.004929350670967723,177.0,229.0
в том числе ненецкий автономный округ,"рыболов-ство, рыбоводство",6.425975334536276e-05,0.00024111245577672987,0.0001526861045610463,2.5,10.4
в том числе ненецкий автономный округ,"сельское хозяйство, охота и лесное хозяйство",0.0024547225777928573,0.0019868593711601682,0.0022207909744765128,95.5,85.7
в том числе ненецкий автономный округ,строи-тельство,0.034525480277396506,0.030982950567309788,0.03275421542235315,1343.2,1336.4
в том числе ненецкий автономный округ,транспорт и связь,0.0049043043753180865,0.0043284322589918715,0.0046163683171549785,190.8,186.7
в том числе ненецкий автономный округ,финансовая деятельность,0.0007299907980033209,0.0014675402356410577,0.0010987655168221892,28.4,63.3
владимирская область,гостиницы и рестораны,0.004104035739572303,0.0030240197674641332,0.0035640277535182183,131.0,126.3
владимирская область,государственное управление и обеспечение военной безопасности; социальное страхование,0.029555323028339776,0.04125404639224625,0.03540468471029301,943.4,1723.0
владимирская область,добыча полезных ископаемых,0.0019956265390134024,0.001029555423602199,0.0015125909813078007,63.7,43.0
владимирская область,здравоохранение и предоставление социальных услуг,0.03586488637146849,0.033999272128258665,0.03493207924986358,1144.8,1420.0
владимирская область,из них связь,0.07474984179098866,0.07528444461470685,0.07501714320284775,2386.0,3144.3
владимирская область,обрабатывающие производства,0.2393467377615148,0.2303067596299347,0.23482674869572473,7639.9,9618.9
владимирская область,образование,0.018465027976365768,0.018697205355603656,0.018581116665984714,589.4,780.9
владимирская область,"операции с недвижимым имуществом, аренда и предоставление услуг",0.11426136755242827,0.0979083264696305,0.10608484701102938,3647.2,4089.2
владимирская область,"оптовая и розничная торговля; ремонт автотранспортных средств, мотоциклов, бытовых изделий и предметов личного пользования",0.02223698143472077,0.020727584423544738,0.021482282929132755,709.8,865.7
владимирская область,"предоставление прочих коммунальных, социальных и персональных услуг",0.030100439225809683,0.009024173003620205,0.019562306114714944,960.8,376.9
владимирская область,"производство и распределение электроэнергии, газа и воды",0.08843727091021875,0.10057798762618039,0.09450762926819957,2822.9,4200.7
владимирская область,"рыболов-ство, рыбоводство",,4.788629877219531e-06,,,0.2
владимирская область,"сельское хозяйство, охота и лесное хозяйство",0.08431443806038885,0.09034468557856228,0.08732956181947557,2691.3,3773.3
владимирская область,строи-тельство,0.0031955087437891216,0.005523684563372728,0.004359596653580925,102.0,230.7
владимирская область,транспорт и связь,0.3167156435817267,0.3273483440917885,0.3220319938367576,10109.5,13671.9
владимирская область,финансовая деятельность,0.011406713074643325,0.020227172601375295,0.01581694283800931,364.1,844.8
волгоградская область,гостиницы и рестораны,0.0021508274207173916,0.002371741733443861,0.002261284577080626,124.5,195.7
волгоградская область,государственное управление и обеспечение военной безопасности; социальное страхование,0.018825354541009975,0.014012303485987698,0.016418829013498837,1089.7,1156.2
волгоградская область,добыча полезных ископаемых,0.039808446791639245,0.03934643184363229,0.03957743931763577,2304.3,3246.6
волгоградская область,здравоохранение и предоставление социальных услуг,0.03853004334478714,0.016335568127281454,0.0274328057360343,2230.3,1347.9
волгоградская область,из них связь,0.0401401406589306,0.04519276915693489,0.04266645490793275,2323.5,3729.0
волгоградская область,обрабатывающие производства,0.19428968276591224,0.26404381359588525,0.22916674818089874,11246.4,21787.1
волгоградская область,образование,0.010717858086851967,0.012911873494180326,0.011814865790516146,620.4,1065.4
волгоградская область,"операции с недвижимым имуществом, аренда и предоставление услуг",0.1830483702947411,0.13248668091893176,0.15776752560683643,10595.7,10931.9
волгоградская область,"оптовая и розничная торговля; ремонт автотранспортных средств, мотоциклов, бытовых изделий и предметов личного пользования",0.03244207882221036,0.029733424470266577,0.03108775164623847,1877.9,2453.4
волгоградская область,"предоставление прочих коммунальных, социальных и персональных услуг",0.03171995363196147,0.015574477780524813,0.023647215706243143,1836.1,1285.1
волгоградская область,"производство и распределение электроэнергии, газа и воды",0.09645381249276579,0.12367112171143527,0.11006246710210052,5583.2,10204.5
волгоградская область,"рыболов-ство, рыбоводство",0.000310963000585647,7.271563822515671e-05,0.00019183931940540186,18.0,6.0
волгоградская область,"сельское хозяйство, охота и лесное хозяйство",0.05261493969909147,0.03404546181701837,0.043330200758054924,3045.6,2809.2
волгоградская область,строи-тельство,0.023982157634055288,0.017987425042296265,0.020984791338175775,1388.2,1484.2
волгоградская область,транспорт и связь,0.26346858496286585,0.2840830315634347,0.2737758082631503,15250.8,23440.6
волгоградская область,финансовая деятельность,0.011640381655256053,0.013323928777456214,0.012482155216356133,673.8,1099.4
вологодская область,гостиницы и рестораны,0.0011573739708218979,0.0015908485170986243,0.0013741112439602612,64.1,172.5
вологодская область,государственное управление и обеспечение военной безопасности; социальное страхование,0.010553589484327604,0.0022308768480356943,0.006392233166181649,584.5,241.9
вологодская область,добыча полезных ископаемых,2.5278058645096054e-05,3.504477892738999e-05,3.016141878624302e-05,1.4,3.8
вологодская область,здравоохранение и предоставление социальных услуг,0.0188953488372093,0.005132215650813823,0.012013782244011562,1046.5,556.5
вологодская область,из них связь,0.031454932832587025,0.016867605436367443,0.024161269134477234,1742.1,1829.0
вологодская область,обрабатывающие производства,0.28295536617073525,0.2111881378956717,0.24707175203320347,15671.2,22899.7
вологодская область,образование,0.00900260002888921,0.004292985418605273,0.006647792723747241,498.6,465.5
вологодская область,"операции с недвижимым имуществом, аренда и предоставление услуг",0.04730427560306226,0.022761583913339795,0.03503292975820103,2619.9,2468.1
вологодская область,"оптовая и розничная торговля; ремонт автотранспортных средств, мотоциклов, бытовых изделий и предметов личного пользования",0.012566806297847753,0.005142360192082278,0.008854583244965016,696.0,557.6
вологодская область,"предоставление прочих коммунальных, социальных и персональных услуг",0.012451249458327315,0.015522992602784953,0.013987121030556134,689.6,1683.2
вологодская область,"производство и распределение электроэнергии, газа и воды",0.14630398671096345,0.09380749534042775,0.1200557410256956,8102.9,10171.8
вологодская область,"сельское хозяйство, охота и лесное хозяйство",0.04347284414271269,0.028397337703478746,0.03593509092309572,2407.7,3079.2
вологодская область,строи-тельство,0.0069460494005488945,0.0018204840421754693,0.004383266721362182,384.7,197.4
вологодская область,транспорт и связь,0.40025639173768596,0.6025866735772512,0.5014215326574686,22167.8,65340.1
вологодская область,финансовая деятельность,0.008107034522605807,0.005491885750331773,0.00679946013646879,449.0,595.5
воронежская область,гостиницы и рестораны,0.0002830906420849626,0.001116648128848057,0.0006998693854665098,25.6,127.5
воронежская область,государственное управление и обеспечение военной безопасности; социальное страхование,0.0146919619950813,0.01308010965046724,0.01388603582277427,1328.6,1493.5
воронежская область,добыча полезных ископаемых,0.0015757975194182487,0.0016508876257871274,0.0016133425726026882,142.5,188.5
воронежская область,здравоохранение и предоставление социальных услуг,0.03438998389921973,0.04071080127166516,0.037550392585442446,3109.9,4648.4
воронежская область,из них связь,0.029034483978838975,0.03046566416479099,0.029750074071814982,2625.6,3478.6
воронежская область,обрабатывающие производства,0.21919398786248873,0.13869645562746866,0.17894522174497868,19821.8,15836.5
воронежская область,образование,0.025503591712521458,0.026974715583153064,0.02623915364783726,2306.3,3080.0
воронежская область,"операции с недвижимым имуществом, аренда и предоставление услуг",0.07999632866823547,0.07512808610889728,0.07756220738856637,7234.1,8578.2
воронежская область,"оптовая и розничная торговля; ремонт автотранспортных средств, мотоциклов, бытовых изделий и предметов личного пользования",0.017716387409543694,0.01404611975722756,0.015881253583385626,1602.1,1603.8
воронежская область,"предоставление прочих коммунальных, социальных и персональных услуг",0.012213813054017234,0.021393226543820774,0.016803519798919003,1104.5,2442.7
воронежская область,"производство и распределение электроэнергии, газа и воды",0.37566349369238666,0.3421514963084926,0.3589074950004396,33971.4,39067.2
воронежская область,"рыболов-ство, рыбоводство",8.404253436897327e-05,,,7.6,
воронежская область,"сельское хозяйство, охота и лесное хозяйство",0.06198026327429714,0.09267741568211874,0.07732883947820794,5604.9,10582.0
воронежская область,строи-тельство,0.007374732390877404,0.006783965808672196,0.0070793490997748,666.9,774.6
воронежская область,транспорт и связь,0.13628160441621404,0.2095926642786453,0.1729371343474297,12324.0,23931.5
воронежская область,финансовая деятельность,0.013050920929245034,0.015996531822282167,0.014523726375763601,1180.2,1826.5
дальневосточный федеральный округ,гостиницы и рестораны,0.0018838742585022042,0.0021389790881372584,0.0020114266733197313,1272.0,1984.0
дальневосточный федеральный округ,государственное управление и обеспечение военной безопасности; социальное страхование,0.01552211678746714,0.014120819759423071,0.014821468273445106,10480.6,13097.7
дальневосточный федеральный округ,добыча полезных ископаемых,0.196256747772489,0.20470245496365513,0.20047960136807208,132513.4,189870.8
дальневосточный федеральный округ,здравоохранение и предоставление социальных услуг,0.012707561252201741,0.014853614157712835,0.013780587704957287,8580.2,13777.4
дальневосточный федеральный округ,из них связь,0.03273424058466452,0.022888909037650236,0.02781157481115738,22102.3,21230.5
дальневосточный федеральный округ,обрабатывающие производства,0.037914154278934534,0.03369398777612263,0.03580407102752858,25599.8,31252.7
дальневосточный федеральный округ,образование,0.04629221111299202,0.04837790671787135,0.04733505891543169,31256.7,44872.7
дальневосточный федеральный округ,"операции с недвижимым имуществом, аренда и предоставление услуг",0.05708213054922783,0.05032034553999681,0.05370123804461232,38542.1,46674.4
дальневосточный федеральный округ,"оптовая и розничная торговля; ремонт автотранспортных средств, мотоциклов, бытовых изделий и предметов личного пользования",0.004698726000412023,0.004269656694934469,0.004484191347673246,3172.6,3960.3
дальневосточный федеральный округ,"предоставление прочих коммунальных, социальных и персональных услуг",0.01667436063425544,0.014919702574095303,0.015797031604175372,11258.6,13838.7
дальневосточный федеральный округ,"производство и распределение электроэнергии, газа и воды",0.0781255391886574,0.09732990938555776,0.08772772428710758,52750.7,90277.9
дальневосточный федеральный округ,"рыболов-ство, рыбоводство",0.003302704085267229,0.003807684648933049,0.003555194367100139,2230.0,3531.8
дальневосточный федеральный округ,"сельское хозяйство, охота и лесное хозяйство",0.006581563535658762,0.00811464410417475,0.007348103819916756,4443.9,7526.7
дальневосточный федеральный округ,строи-тельство,0.03942510437211374,0.018775471127933048,0.029100287750023393,26620.0,17415.1
дальневосточный федеральный округ,транспорт и связь,0.47165206145754696,0.4760230039438505,0.4738375327006987,318461.5,441532.9
дальневосточный федеральный округ,финансовая деятельность,0.011880848507629467,0.008551819517601996,0.010216334012615732,8022.0,7932.2
еврейская автономная область,гостиницы и рестораны,0.00014842400690846287,0.00019084058294816116,0.00016963229492831202,2.2,4.1
еврейская автономная область,государственное управление и обеспечение военной безопасности; социальное страхование,0.019065738341968914,0.013619501114788284,0.0163426197283786,282.6,292.6
еврейская автономная область,добыча полезных ископаемых,0.09096367659758203,0.10957042250243204,0.10026704955000704,1348.3,2354.0
еврейская автономная область,здравоохранение и предоставление социальных услуг,0.005808775906735751,0.008099088154385377,0.006953932030560564,86.1,174.0
еврейская автономная область,из них связь,0.03444111614853195,0.02493960593746945,0.0296903610430007,510.5,535.8
еврейская автономная область,обрабатывающие производства,0.009458657167530225,0.006525817007154194,0.007992237087342209,140.2,140.2
еврейская автономная область,образование,0.018026770293609672,0.004426570594724421,0.011226670444167046,267.2,95.1
еврейская автономная область,"операции с недвижимым имуществом, аренда и предоставление услуг",0.01668420768566494,0.009574611685960183,0.013129409685812561,247.3,205.7
еврейская автономная область,"оптовая и розничная торговля; ремонт автотранспортных средств, мотоциклов, бытовых изделий и предметов личного пользования",0.00021588946459412782,0.001363811970824664,0.000789850717709396,3.2,29.3
еврейская автономная область,"предоставление прочих коммунальных, социальных и персональных услуг",0.013783193005181348,0.003909904626255009,0.008846548815718178,204.3,84.0
еврейская автономная область,"производство и распределение электроэнергии, газа и воды",0.08753643134715026,0.07747196738022426,0.08250419936368726,1297.5,1664.4
еврейская автономная область,"сельское хозяйство, охота и лесное хозяйство",0.0013358160621761658,0.002699696051461792,0.002017756056818979,19.8,58.0
еврейская автономная область,строи-тельство,0.004047927461139897,0.004133327747755295,0.004090627604447596,60.0,88.8
еврейская автономная область,транспорт и связь,0.731170390759931,0.7564687975646879,0.7438195941623094,10837.7,16251.9
еврейская автономная область,финансовая деятельность,0.0017541018998272885,0.0019502976647629152,0.0018521997822951019,26.0,41.9
забайкальский край,гостиницы и рестораны,2.289718021225686e-05,8.72524212546898e-05,5.507480073347334e-05,0.8,3.8
забайкальский край,государственное управление и обеспечение военной безопасности; социальное страхование,0.05079739430089184,0.03275869194843841,0.041778043124665126,1774.8,1426.7
забайкальский край,добыча полезных ископаемых,0.08014299289042554,0.07457097066022529,0.0773569817753254,2800.1,3247.7
забайкальский край,здравоохранение и предоставление социальных услуг,0.03918852393327762,0.0584981562185719,0.04884334007592476,1369.2,2547.7
забайкальский край,из них связь,0.052231330211684426,0.07151713591631115,0.06187423306399779,1824.9,3114.7
забайкальский край,обрабатывающие производства,0.0034259905892589327,0.014483901928278508,0.00895494625876872,119.7,630.8
забайкальский край,образование,0.010561324372903476,0.03367713848796146,0.022119231430432467,369.0,1466.7
забайкальский край,"операции с недвижимым имуществом, аренда и предоставление услуг",0.06471029342736442,0.06742775269908476,0.0660690230632246,2260.9,2936.6
забайкальский край,"оптовая и розничная торговля; ремонт автотранспортных средств, мотоциклов, бытовых изделий и предметов личного пользования",0.004112905995626638,0.005758659802809528,0.004935782899218083,143.7,250.8
забайкальский край,"предоставление прочих коммунальных, социальных и персональных услуг",0.00588171316702348,0.006890645162771688,0.006386179164897584,205.5,300.1
забайкальский край,"производство и распределение электроэнергии, газа и воды",0.15013967279929474,0.14846458699755233,0.14930212989842354,5245.7,6465.9
забайкальский край,"сельское хозяйство, охота и лесное хозяйство",0.006299586705897168,0.00548542195730142,0.005892504331599295,220.1,238.9
забайкальский край,строи-тельство,0.15230345632935302,0.03151878912008229,0.09191112272471766,5321.3,1372.7
забайкальский край,транспорт и связь,0.4235892474841723,0.5104634022015163,0.46702632484284434,14799.7,22231.6
забайкальский край,финансовая деятельность,0.008829725119351551,0.009914630394151332,0.009372177756751442,308.5,431.8
ивановская область,гостиницы и рестораны,0.00019959110794642328,0.000947168098330889,0.0005733796031386562,3.7,21.7
ивановская область,государственное управление и обеспечение военной безопасности; социальное страхование,0.03094741044023325,0.032260458132551156,0.0316039342863922,573.7,739.1
ивановская область,добыча полезных ископаемых,0.0009332232885062493,0.000340456735805573,0.0006368400121559111,17.3,7.8
ивановская область,здравоохранение и предоставление социальных услуг,0.05938644614546416,0.035568999231789925,0.047477722688627044,1100.9,814.9
ивановская область,из них связь,0.032840828788589856,0.05033085410992387,0.041585841449256866,608.8,1153.1
ивановская область,обрабатывающие производства,0.09750834776323099,0.06448163279558627,0.08099499027940862,1807.6,1477.3
ивановская область,образование,0.012148085813387707,0.019580627138766675,0.01586435647607719,225.2,448.6
ивановская область,"операции с недвижимым имуществом, аренда и предоставление услуг",0.08667648439143591,0.07814355052727145,0.08241001745935368,1606.8,1790.3
ивановская область,"оптовая и розничная торговля; ремонт автотранспортных средств, мотоциклов, бытовых изделий и предметов личного пользования",0.03535999223212985,0.013360744465395629,0.02436036834876274,655.5,306.1
ивановская область,"предоставление прочих коммунальных, социальных и персональных услуг",0.024226045021280725,0.021322194287310563,0.022774119654295644,449.1,488.5
ивановская область,"производство и распределение электроэнергии, газа и воды",0.20602117823485938,0.14132009916893637,0.17367063870189786,3819.2,3237.7
ивановская область,"сельское хозяйство, охота и лесное хозяйство",0.027155179389251206,0.022548711502199874,0.02485194544572554,503.4,516.6
ивановская область,строи-тельство,0.005119242201112316,0.003024827152734129,0.004072034676923223,94.9,69.3
ивановская область,транспорт и связь,0.3995706094002017,0.5420071234024723,0.470788866401337,7407.2,12417.6
ивановская область,финансовая деятельность,0.01474816457096003,0.02509340736084922,0.019920785965904624,273.4,574.9
иркутская область,гостиницы и рестораны,0.0008020086126148773,0.00033060515669415736,0.0005663068846545173,80.4,44.3
иркутская область,государственное управление и обеспечение военной безопасности; социальное страхование,0.022317585435363992,0.016792204584142743,0.019554895009753367,2237.3,2250.1
иркутская область,добыча полезных ископаемых,0.2510157279475064,0.2711141393780593,0.2610649336627828,25163.9,36328.4
иркутская область,здравоохранение и предоставление социальных услуг,0.015886553687194695,0.020689315483142495,0.018287934585168593,1592.6,2772.3
иркутская область,из них связь,0.036505357198077175,0.06023431920338336,0.048369838200730264,3659.6,8071.2
иркутская область,обрабатывающие производства,0.20666684622083367,0.23881782163292078,0.22274233392687723,20718.0,32000.8
иркутская область,образование,0.020421293927178816,0.018314630136413806,0.01936796203179631,2047.2,2454.1
иркутская область,"операции с недвижимым имуществом, аренда и предоставление услуг",0.07461872171398418,0.05567749056506615,0.06514810613952517,7480.4,7460.6
иркутская область,"оптовая и розничная торговля; ремонт автотранспортных средств, мотоциклов, бытовых изделий и предметов личного пользования",0.02008512862562258,0.021396049305691854,0.020740588965657218,2013.5,2867.0
иркутская область,"предоставление прочих коммунальных, социальных и персональных услуг",0.006438014410219425,0.027167086950648782,0.016802550680434104,645.4,3640.3
иркутская область,"производство и распределение электроэнергии, газа и воды",0.10220223185829586,0.07800117465579376,0.09010170325704481,10245.6,10451.9
иркутская область,"сельское хозяйство, охота и лесное хозяйство",0.016581827322757592,0.018393736562169066,0.01748778194246333,1662.3,2464.7
иркутская область,строи-тельство,0.014091012017161387,0.022309504637054493,0.018200258327107942,1412.6,2989.4
иркутская область,транспорт и связь,0.22980938330126296,0.18720162511464833,0.20850550420795566,23038.0,25084.4
иркутская область,финансовая деятельность,0.01906466244315365,0.023794615837554208,0.02142963914035393,1911.2,3188.4
кабардино-балкарская республика,гостиницы и рестораны,0.0005735162921109648,1.0350145419543145e-05,0.000291933218765254,5.4,0.1
кабардино-балкарская республика,государственное управление и обеспечение военной безопасности; социальное страхование,0.0619078975317558,0.13284411645983626,0.09737600699579603,582.9,1283.5
кабардино-балкарская республика,добыча полезных ископаемых,0.0003186201622838693,3.105043625862943e-05,0.00017483529927124939,3.0,0.3
кабардино-балкарская республика,здравоохранение и предоставление социальных услуг,0.025818853817069543,0.05961683761656851,0.042717845716819025,243.1,576.0
кабардино-балкарская республика,из них связь,0.0602192106716513,0.07356883364211265,0.06689402215688198,567.0,710.8
кабардино-балкарская республика,обрабатывающие производства,0.26759845363014567,0.11370669757910097,0.19065257560462331,2519.6,1098.6
кабардино-балкарская республика,образование,0.01710990271464378,0.032313153999813694,0.024711528357228736,161.1,312.2
кабардино-балкарская республика,"операции с недвижимым имуществом, аренда и предоставление услуг",0.07111602022175963,0.10264239212560936,0.0868792061736845,669.6,991.7
кабардино-балкарская республика,"оптовая и розничная торговля; ремонт автотранспортных средств, мотоциклов, бытовых изделий и предметов личного пользования",0.023588512681082457,0.03535609675315938,0.029472304717120916,222.1,341.6
кабардино-балкарская республика,"предоставление прочих коммунальных, социальных и персональных услуг",0.021124516759420536,0.015256114348406595,0.018190315553913566,198.9,147.4
кабардино-балкарская республика,"производство и распределение электроэнергии, газа и воды",0.2223225285696079,0.21015970274382353,0.21624111565671572,2093.3,2030.5
кабардино-балкарская республика,"сельское хозяйство, охота и лесное хозяйство",0.06664471727770933,0.0755664117080845,0.07110556449289691,627.5,730.1
кабардино-балкарская республика,строи-тельство,0.11508560261693358,0.10161772772907458,0.10835166517300408,1083.6,981.8
кабардино-балкарская республика,транспорт и связь,0.08723820043332342,0.10654439694877713,0.09689129869105027,821.4,1029.4
кабардино-балкарская республика,финансовая деятельность,0.019573898636305705,0.014334951406067255,0.01695442502118648,184.3,138.5
калининградская область,гостиницы и рестораны,0.0007236309633368716,0.0008525424495094651,0.0007880867064231684,28.7,39.6
калининградская область,государственное управление и обеспечение военной безопасности; социальное страхование,0.021461835400430146,0.02902734809781848,0.025244591749124315,851.2,1348.3
калининградская область,добыча полезных ископаемых,0.018431157986036697,0.035240574131364735,0.026835866058700718,731.0,1636.9
калининградская область,здравоохранение и предоставление социальных услуг,0.012672366626240826,0.07303446984131085,0.042853418233775836,502.6,3392.4
калининградская область,из них связь,0.026799559265880173,0.03943654694473329,0.03311805310530673,1062.9,1831.8
калининградская область,обрабатывающие производства,0.15252224471837644,0.21783105450458887,0.18517664961148267,6049.2,10118.1
калининградская область,образование,0.015244156112664551,0.041826249265328,0.028535202688996276,604.6,1942.8
калининградская область,"операции с недвижимым имуществом, аренда и предоставление услуг",0.10193867542756001,0.16483563799669745,0.13338715671212872,4043.0,7656.5
калининградская область,"оптовая и розничная торговля; ремонт автотранспортных средств, мотоциклов, бытовых изделий и предметов личного пользования",0.008544896636754905,0.03260759580876353,0.02057624622275922,338.9,1514.6
калининградская область,"предоставление прочих коммунальных, социальных и персональных услуг",0.030813567954494452,0.02100139291657786,0.025907480435536156,1222.1,975.5
калининградская область,"производство и распределение электроэнергии, газа и воды",0.3073691854235006,0.141474683149154,0.2244219342863273,12190.6,6571.4
калининградская область,"рыболов-ство, рыбоводство",0.002390251405029109,0.0021787195931908553,0.0022844854991099822,94.8,101.2
калининградская область,"сельское хозяйство, охота и лесное хозяйство",0.019111925791266506,0.026779736185475345,0.022945830988370927,758.0,1243.9
калининградская область,строи-тельство,0.007422890439246516,0.012084143356304615,0.009753516897775566,294.4,561.3
калининградская область,транспорт и связь,0.2928587457231393,0.19614719705140873,0.244502971387274,11615.1,9110.9
калининградская область,финансовая деятельность,0.008494469391923068,0.005078655652507142,0.006786562522215105,336.9,235.9
калужская область,гостиницы и рестораны,0.027585637779014436,0.002055853800431046,0.014820745789722742,1303.7,99.3
калужская область,государственное управление и обеспечение военной безопасности; социальное страхование,0.03744807988133753,0.030415456376769887,0.03393176812905371,1769.8,1469.1
калужская область,добыча полезных ископаемых,0.0003956826159910792,0.0013477953918233745,0.0008717390039072268,18.7,65.1
калужская область,здравоохранение и предоставление социальных услуг,0.013508223638968178,0.019438480697126982,0.01647335216804758,638.4,938.9
калужская область,из них связь,0.02412182792672889,0.03565964336215946,0.029890735644444173,1140.0,1722.4
калужская область,обрабатывающие производства,0.5308896934200309,0.44239158114411475,0.48664063728207285,25089.9,21368.0
калужская область,образование,0.011887406078277447,0.023684760802549013,0.017786083440413228,561.8,1144.0
калужская область,"операции с недвижимым имуществом, аренда и предоставление услуг",0.09179625096011224,0.12254586334472715,0.1071710571524197,4338.3,5919.1
калужская область,"оптовая и розничная торговля; ремонт автотранспортных средств, мотоциклов, бытовых изделий и предметов личного пользования",0.01824160338213419,0.016848477570904182,0.017545040476519187,862.1,813.8
калужская область,"предоставление прочих коммунальных, социальных и персональных услуг",0.021521325600242065,0.03959537153398163,0.030558348567111846,1017.1,1912.5
калужская область,"производство и распределение электроэнергии, газа и воды",0.06818436693955367,0.10154427124848088,0.08486431909401727,3222.4,4904.7
калужская область,"рыболов-ство, рыбоводство",0.0014134544785135874,0.0002484415468798847,0.0008309480126967361,66.8,12.0
калужская область,"сельское хозяйство, охота и лесное хозяйство",0.05539556623875108,0.032342948711313,0.043869257475032036,2618.0,1562.2
калужская область,строи-тельство,0.0033114614653798873,0.0033332574206384534,0.0033223594430091706,156.5,161.0
калужская область,транспорт и связь,0.10540180829071459,0.15048104494514616,0.12794142661793037,4981.3,7268.4
калужская область,финансовая деятельность,0.013019439230979198,0.013724325118889632,0.013371882174934416,615.3,662.9
камчатский край,гостиницы и рестораны,0.0003421894360718093,0.00026341407547385905,0.0003028017557728342,9.5,6.9
камчатский край,государственное управление и обеспечение военной безопасности; социальное страхование,0.06912226608650548,0.04839565557655233,0.05875896083152891,1919.0,1267.7
камчатский край,добыча полезных ископаемых,0.03304829553640896,0.04721601862986505,0.040132157083137,917.5,1236.8
камчатский край,здравоохранение и предоставление социальных услуг,0.020106330864766736,0.04350531600145068,0.03180582343310871,558.2,1139.6
камчатский край,из них связь,0.025271590352419097,0.022642157704861707,0.023956874028640402,701.6,593.1
камчатский край,обрабатывающие производства,0.03576780105466386,0.026746072648838496,0.031256936851751176,993.0,700.6
камчатский край,образование,0.009844249776676368,0.03704594475939606,0.023445097268036213,273.3,970.4
камчатский край,"операции с недвижимым имуществом, аренда и предоставление услуг",0.13502434947987205,0.18986810208249824,0.16244622578118514,3748.6,4973.5
камчатский край,"оптовая и розничная торговля; ремонт автотранспортных средств, мотоциклов, бытовых изделий и предметов личного пользования",0.0034723222776128866,0.0004924697932772147,0.0019823960354450505,96.4,12.9
камчатский край,"предоставление прочих коммунальных, социальных и персональных услуг",0.035115840129095466,0.03106759052472847,0.03309171532691197,974.9,813.8
камчатский край,"производство и распределение электроэнергии, газа и воды",0.03840085871538483,0.036622191681459845,0.03751152519842234,1066.1,959.3
камчатский край,"рыболов-ство, рыбоводство",0.02502665475607296,0.037840004581114355,0.031433329668593656,694.8,991.2
камчатский край,"сельское хозяйство, охота и лесное хозяйство",0.007481341670748926,0.007791712000610815,0.00763652683567987,207.7,204.1
камчатский край,строи-тельство,0.013849667175748493,0.014854263299547615,0.014351965237648055,384.5,389.1
камчатский край,транспорт и связь,0.5669574676540933,0.4715722766229552,0.5192648721385242,15740.1,12352.6
камчатский край,финансовая деятельность,0.006447569374405671,0.006722785317528489,0.00658517734596708,179.0,176.1
карачаево-черкесская республика,гостиницы и рестораны,,0.0012542517006802721,,,11.8
карачаево-черкесская республика,государственное управление и обеспечение военной безопасности; социальное страхование,0.03933021806853582,0.048596938775510204,0.04396357842202302,222.2,457.2
карачаево-черкесская республика,добыча полезных ископаемых,0.01991291418861512,0.00864158163265306,0.01427724791063409,112.5,81.3
карачаево-черкесская республика,здравоохранение и предоставление социальных услуг,0.05081775700934579,0.10197704081632653,0.07639739891283616,287.1,959.4
карачаево-черкесская республика,из них связь,0.07092537524780515,0.0436437074829932,0.05728454136539918,400.7,410.6
карачаево-черкесская республика,обрабатывающие производства,0.1429835740583404,0.14096513605442176,0.14197435505638106,807.8,1326.2
карачаево-черкесская республика,образование,0.049047720192580004,0.034077380952380956,0.04156255057248048,277.1,320.6
карачаево-черкесская республика,"операции с недвижимым имуществом, аренда и предоставление услуг",0.024320305862361936,0.04212372448979592,0.03322201517607893,137.4,396.3
карачаево-черкесская республика,"оптовая и розничная торговля; ремонт автотранспортных средств, мотоциклов, бытовых изделий и предметов личного пользования",0.021753752478051544,0.03257865646258504,0.02716620447031829,122.9,306.5
карачаево-черкесская республика,"предоставление прочих коммунальных, социальных и персональных услуг",0.026603653355989805,0.015997023809523808,0.021300338582756807,150.3,150.5
карачаево-черкесская республика,"производство и распределение электроэнергии, газа и воды",0.3541666666666667,0.24506802721088433,0.2996173469387755,2000.9,2305.6
карачаево-черкесская республика,"сельское хозяйство, охота и лесное хозяйство",0.049755734919286324,0.05362457482993197,0.05169015487460915,281.1,504.5
карачаево-черкесская республика,строи-тельство,0.003469272160860946,0.02692389455782313,0.015196583359342038,19.6,253.3
карачаево-черкесская республика,транспорт и связь,0.20937765505522515,0.24457908163265307,0.2269783683439391,1182.9,2301.0
карачаево-черкесская республика,финансовая деятельность,0.008460775984140469,0.003582057823129252,0.0060214169036348604,47.8,33.7
кемеровская область,гостиницы и рестораны,0.0019978081677732434,0.0014208055799970402,0.0017093068738851418,187.4,194.9
кемеровская область,государственное управление и обеспечение военной безопасности; социальное страхование,0.008522133667651711,0.010797830811142207,0.009659982239396958,799.4,1481.2
кемеровская область,добыча полезных ископаемых,0.4943818308195491,0.5354570816842924,0.5149194562519208,46374.4,73451.7
кемеровская область,здравоохранение и предоставление социальных услуг,0.02220189589223349,0.01932120630694795,0.02076155109959072,2082.6,2650.4
кемеровская область,из них связь,0.027837122132814796,0.029398792934900275,0.028617957533857534,2611.2,4032.8
кемеровская область,обрабатывающие производства,0.09553659379037727,0.08285432478201314,0.08919545928619521,8961.6,11365.6
кемеровская область,образование,0.0187872856673788,0.022479929025330286,0.02063360734635454,1762.3,3083.7
кемеровская область,"операции с недвижимым имуществом, аренда и предоставление услуг",0.08524585620045456,0.05310998959728289,0.06917792289886873,7996.3,7285.4
кемеровская область,"оптовая и розничная торговля; ремонт автотранспортных средств, мотоциклов, бытовых изделий и предметов личного пользования",0.026188983697714777,0.020900932162183243,0.023544957929949012,2456.6,2867.1
кемеровская область,"предоставление прочих коммунальных, социальных и персональных услуг",0.015072044757725781,0.01181040082171988,0.013441222789722831,1413.8,1620.1
кемеровская область,"производство и распределение электроэнергии, газа и воды",0.07018020784027769,0.08574988135653762,0.07796504459840765,6583.1,11762.8
кемеровская область,"рыболов-ство, рыбоводство",3.62462527771026e-05,1.7495810117972787e-05,2.6871031447537693e-05,3.4,2.4
кемеровская область,"сельское хозяйство, охота и лесное хозяйство",0.01793016839582614,0.020077171102462023,0.01900366974914408,1681.9,2754.1
кемеровская область,строи-тельство,0.00445935515784177,0.004514648002525228,0.004487001580183499,418.3,619.3
кемеровская область,транспорт и связь,0.12975412247822024,0.12353937322718235,0.1266467478527013,12171.3,16946.6
кемеровская область,финансовая деятельность,0.009705467214198297,0.007948200738177388,0.008826833976187842,910.4,1090.3
кировская область,гостиницы и рестораны,0.0039035433155586545,0.00557113382204228,0.0047373385688004675,90.7,150.4
кировская область,государственное управление и обеспечение военной безопасности; социальное страхование,0.0438427737106902,0.025170115904772136,0.03450644480773117,1018.7,679.5
кировская область,добыча полезных ископаемых,0.0021518981893928636,0.0059193296859199225,0.004035613937656393,50.0,159.8
кировская область,здравоохранение и предоставление социальных услуг,0.06639466673552741,0.05318506610165097,0.05978986641858919,1542.7,1435.8
кировская область,из них связь,0.05010479744182344,0.056248448861510654,0.053176623151667046,1164.2,1518.5
кировская область,обрабатывающие производства,0.13544047204038684,0.21009916173697876,0.17276981688868281,3147.0,5671.9
кировская область,образование,0.020649615025413917,0.026977771027881597,0.023813693026647757,479.8,728.3
кировская область,"операции с недвижимым имуществом, аренда и предоставление услуг",0.197862734718295,0.11238206717216805,0.15512240094523153,4597.4,3033.9
кировская область,"оптовая и розничная торговля; ремонт автотранспортных средств, мотоциклов, бытовых изделий и предметов личного пользования",0.021540500875822564,0.023121687046002603,0.022331093960912582,500.5,624.2
кировская область,"предоставление прочих коммунальных, социальных и персональных услуг",0.03625518069489096,0.05338879772413257,0.04482198920951176,842.4,1441.3
кировская область,"производство и распределение электроэнергии, газа и воды",0.1349670544387204,0.1805914143790075,0.15777923440886393,3136.0,4875.3
кировская область,"сельское хозяйство, охота и лесное хозяйство",0.09641364647755785,0.11464904449869057,0.1055313454881242,2240.2,3095.1
кировская область,строи-тельство,0.008444048495177596,0.009308683041750166,0.00887636576846388,196.2,251.3
кировская область,транспорт и связь,0.21386424965462034,0.16141471238651225,0.1876394810205663,4969.2,4357.6
кировская область,финансовая деятельность,0.01826961562794541,0.01821731126117283,0.01824346344455912,424.5,491.8
костромская область,гостиницы и рестораны,0.002192850101595349,0.0007645193518960949,0.0014786847267457218,21.8,8.8
костромская область,государственное управление и обеспечение военной безопасности; социальное страхование,0.05349347174442231,0.04942443855610095,0.05145895515026163,531.8,568.9
костромская область,добыча полезных ископаемых,0.000402357816806486,0.0003127579166847661,0.00035755786674562606,4.0,3.6
костромская область,здравоохранение и предоставление социальных услуг,0.03768080954392742,0.08277659528256809,0.06022870241324775,374.6,952.8
костромская область,из них связь,0.10732894763313015,0.09444420311889144,0.1008865753760108,1067.0,1087.1
костромская область,обрабатывающие производства,0.1672199086647756,0.10747578298075669,0.13734784582276616,1662.4,1237.1
костромская область,образование,0.01337839740881566,0.017610008253333913,0.015494202831074787,133.0,202.7
костромская область,"операции с недвижимым имуществом, аренда и предоставление услуг",0.11906773693845939,0.13048955301681073,0.12477864497763505,1183.7,1502.0
костромская область,"оптовая и розничная торговля; ремонт автотранспортных средств, мотоциклов, бытовых изделий и предметов личного пользования",0.03342587563119883,0.045645280396160025,0.03953557801367943,332.3,525.4
костромская область,"предоставление прочих коммунальных, социальных и персональных услуг",0.01675820306999014,0.02302245775596195,0.019890330412976047,166.6,265.0
костромская область,"производство и распределение электроэнергии, газа и воды",0.21947613012251796,0.1643803483775683,0.19192823925004313,2181.9,1892.1
костромская область,"сельское хозяйство, охота и лесное хозяйство",0.029362061681453316,0.0726206507102211,0.05099135619583721,291.9,835.9
костромская область,строи-тельство,0.001679843885167079,0.001129403588028322,0.0014046237365977006,16.7,13.0
костромская область,транспорт и связь,0.2529623594262378,0.23590634637939273,0.24443435290281526,2514.8,2715.4
костромская область,финансовая деятельность,0.05288993501921258,0.0684418574345163,0.06066589622686444,525.8,787.8
краснодарский край,гостиницы и рестораны,0.007127112839622969,0.022614313381415133,0.014870713110519051,2852.2,11486.4
краснодарский край,государственное управление и обеспечение военной безопасности; социальное страхование,0.017749564519462125,0.020382886408081807,0.019066225463771964,7103.2,10353.0
краснодарский край,добыча полезных ископаемых,0.01128313768881339,0.00738355441864476,0.009333346053729076,4515.4,3750.3
краснодарский край,здравоохранение и предоставление социальных услуг,0.04698966816020686,0.03923700711579894,0.0431133376380029,18804.8,19929.5
краснодарский край,из них связь,0.024671774739055265,0.03487908969434727,0.029775432216701266,9873.4,17716.0
краснодарский край,обрабатывающие производства,0.11668829388832958,0.1409029778150798,0.12879563585170467,46697.5,71568.3
краснодарский край,образование,0.01147204790923114,0.026227240537550642,0.01884964422339089,4591.0,13321.5
краснодарский край,"операции с недвижимым имуществом, аренда и предоставление услуг",0.057179825288031866,0.05143504143614593,0.0543074333620889,22882.8,26125.2
краснодарский край,"оптовая и розничная торговля; ремонт автотранспортных средств, мотоциклов, бытовых изделий и предметов личного пользования",0.03743695808566979,0.03777793659353201,0.037607447339600905,14981.9,19188.4
краснодарский край,"предоставление прочих коммунальных, социальных и персональных услуг",0.08971686206130537,0.12070437018298528,0.10521061612214533,35903.8,61308.9
краснодарский край,"производство и распределение электроэнергии, газа и воды",0.06794445939567222,0.10321383366596047,0.08557914653081634,27190.7,52425.0
краснодарский край,"рыболов-ство, рыбоводство",0.00011319620350428458,8.800492827598346e-05,0.00010060056589013402,45.3,44.7
краснодарский край,"сельское хозяйство, охота и лесное хозяйство",0.039234353873321706,0.03682819213267442,0.038031273002998064,15701.2,18706.0
краснодарский край,строи-тельство,0.01547214686220374,0.014587161400054064,0.015029654131128903,6191.8,7409.2
краснодарский край,транспорт и связь,0.477296164997585,0.3611928979432244,0.4192445314704047,191009.2,183459.3
краснодарский край,финансовая деятельность,0.004295708464552222,0.01742477891961055,0.010860243692081386,1719.1,8850.5
красноярский край,гостиницы и рестораны,0.003511726950769212,0.006315622017181037,0.0049136744839751246,753.9,1588.0
красноярский край,государственное управление и обеспечение военной безопасности; социальное страхование,0.017467336374438876,0.012188593700286349,0.014827965037362612,3749.9,3064.7
красноярский край,добыча полезных ископаемых,0.3265724399072669,0.3116946388800509,0.3191335393936589,70108.8,78372.5
красноярский край,здравоохранение и предоставление социальных услуг,0.01688833695809637,0.02801185173401209,0.02245009434605423,3625.6,7043.3
красноярский край,из них связь,0.02265969879919341,0.023464842507158766,0.023062270653176085,4864.6,5900.0
красноярский край,обрабатывающие производства,0.19746442041599455,0.2289273783009863,0.21319589935849043,42391.8,57561.5
красноярский край,образование,0.010819789575867789,0.010143970728603244,0.010481880152235517,2322.8,2550.6
красноярский край,"операции с недвижимым имуществом, аренда и предоставление услуг",0.09169478206471283,0.0779140152720331,0.08480439866837297,19685.1,19590.7
красноярский край,"оптовая и розничная торговля; ремонт автотранспортных средств, мотоциклов, бытовых изделий и предметов личного пользования",0.006680153362645081,0.010944161629016864,0.008812157495830973,1434.1,2751.8
красноярский край,"предоставление прочих коммунальных, социальных и персональных услуг",0.013409216571401154,0.01386772192173083,0.013638469246565992,2878.7,3486.9
красноярский край,"производство и распределение электроэнергии, газа и воды",0.19389819392241592,0.14707803054406618,0.17048811223324106,41626.2,36981.3
красноярский край,"рыболов-ство, рыбоводство",8.151641018498636e-05,1.2328985046134267e-05,4.692269761556031e-05,17.5,3.1
красноярский край,"сельское хозяйство, охота и лесное хозяйство",0.01767695000062884,0.020505488386891504,0.019091219193760174,3794.9,5155.9
красноярский край,строи-тельство,0.006336852823751739,0.01631283805281578,0.01132484543828376,1360.4,4101.7
красноярский край,транспорт и связь,0.09159929141278185,0.10766823098950047,0.09963376120114116,19664.6,27072.1
красноярский край,финансовая деятельность,0.005898527440985612,0.008415128857779192,0.007156828149382403,1266.3,2115.9
курганская область,гостиницы и рестораны,0.00021454499066439367,0.00030097817908201655,0.0002577615848732051,3.7,6.6
курганская область,государственное управление и обеспечение военной безопасности; социальное страхование,0.041407183198227976,0.026613767471555284,0.03401047533489163,714.1,583.6
курганская область,добыча полезных ископаемых,0.03780630646302288,0.014802654080306451,0.026304480271664668,652.0,324.6
курганская область,здравоохранение и предоставление социальных услуг,0.05625137714689954,0.10604920537200446,0.081150291259452,970.1,2325.5
курганская область,из них связь,0.05117187953008849,0.08535011514695487,0.06826099733852167,882.5,1871.6
курганская область,обрабатывающие производства,0.1084032054181308,0.1100029641790364,0.1092030847985836,1869.5,2412.2
курганская область,образование,0.017731853552749078,0.014652164990765442,0.01619200927175726,305.8,321.3
курганская область,"операции с недвижимым имуществом, аренда и предоставление услуг",0.05254612717299285,0.04809266479695373,0.050319395984973286,906.2,1054.6
курганская область,"оптовая и розничная торговля; ремонт автотранспортных средств, мотоциклов, бытовых изделий и предметов личного пользования",0.024504517041830477,0.02219942084501904,0.023351968943424756,422.6,486.8
курганская область,"предоставление прочих коммунальных, социальных и персональных услуг",0.1416692759976342,0.07556832432678934,0.10861880016221177,2443.2,1657.1
курганская область,"производство и распределение электроэнергии, газа и воды",0.258370153892542,0.3101169710650523,0.2842435624787971,4455.8,6800.4
курганская область,"сельское хозяйство, охота и лесное хозяйство",0.031288777557434276,0.04294867409991563,0.03711872582867495,539.6,941.8
курганская область,строи-тельство,0.003206577833443505,0.0028638529767197936,0.0030352154050816496,55.3,62.8
курганская область,транспорт и связь,0.21751382945412795,0.21729712474633467,0.2174054771002313,3751.2,4765.0
курганская область,финансовая деятельность,0.009092068793561331,0.008482112319584102,0.008787090556572716,156.8,186.0
курская область,гостиницы и рестораны,0.00018430426727931946,0.0002141593345449014,0.0001992318009121104,5.8,10.7
курская область,государственное управление и обеспечение военной безопасности; социальное страхование,0.016063070191326894,0.020329124868902464,0.01819609753011468,505.5,1015.7
курская область,добыча полезных ископаемых,0.02386740261267187,0.022142474000656488,0.02300493830666418,751.1,1106.3
курская область,здравоохранение и предоставление социальных услуг,0.056937307950187005,0.0401338595915361,0.04853558377086155,1791.8,2005.2
курская область,из них связь,0.017391331979650267,0.025314834236672083,0.021353083108161176,547.3,1264.8
курская область,обрабатывающие производства,0.08705516735145234,0.20606531259256886,0.1465602399720106,2739.6,10295.6
курская область,образование,0.010953393263996797,0.013203823644791725,0.012078608454394261,344.7,659.7
курская область,"операции с недвижимым имуществом, аренда и предоставление услуг",0.09135771869449025,0.09728638106751422,0.09432204988100223,2875.0,4860.7
курская область,"оптовая и розничная торговля; ремонт автотранспортных средств, мотоциклов, бытовых изделий и предметов личного пользования",0.04177033781701128,0.04388665166884161,0.04282849474292645,1314.5,2192.7
курская область,"предоставление прочих коммунальных, социальных и персональных услуг",0.013368414697312017,0.01629612431649147,0.014832269506901745,420.7,814.2
курская область,"производство и распределение электроэнергии, газа и воды",0.3312011236204984,0.1888044705260714,0.2600027970732849,10422.8,9433.2
курская область,"рыболов-ство, рыбоводство",,4.00297821579255e-06,,,0.2
курская область,"сельское хозяйство, охота и лесное хозяйство",0.18227374267946628,0.24019870783863193,0.21123622525904912,5736.1,12001.0
курская область,строи-тельство,0.04922512766248169,0.035620501653230004,0.04242281465785584,1549.1,1779.7
курская область,транспорт и связь,0.08155781593087955,0.0652265285372317,0.07339217223405561,2566.6,3258.9
курская область,финансовая деятельность,0.014188250920726921,0.010585875891663396,0.012387063406195158,446.5,528.9
ленинградская область,гостиницы и рестораны,0.000870295719232931,4.264980939412456e-05,0.0004564727643135278,201.6,11.0
ленинградская область,государственное управление и обеспечение военной безопасности; социальное страхование,0.003793729553878471,0.003363131333496695,0.003578430443687583,878.8,867.4
ленинградская область,добыча полезных ископаемых,0.020717441399656547,0.012178846935262243,0.016448144167459395,4799.1,3141.1
ленинградская область,здравоохранение и предоставление социальных услуг,0.0015916569031804645,0.002814887420012221,0.0022032721615963427,368.7,726.0
ленинградская область,из них связь,0.016284804274118977,0.006926329045605829,0.011605566659862404,3772.3,1786.4
ленинградская область,обрабатывающие производства,0.17700545747940602,0.3010246810569709,0.23901506926818844,41002.5,77638.6
ленинградская область,образование,0.00308790936491724,0.0013678957049315587,0.0022279025349243994,715.3,352.8
ленинградская область,"операции с недвижимым имуществом, аренда и предоставление услуг",0.037755983930611185,0.025080414276984923,0.031418199103798054,8746.0,6468.6
ленинградская область,"оптовая и розничная торговля; ремонт автотранспортных средств, мотоциклов, бытовых изделий и предметов личного пользования",0.0030434448514842084,0.0037128597705285166,0.0033781523110063627,705.0,957.6
ленинградская область,"предоставление прочих коммунальных, социальных и персональных услуг",0.005626703573651797,0.008065854407508849,0.006846278990580323,1303.4,2080.3
ленинградская область,"производство и распределение электроэнергии, газа и воды",0.14662497075271083,0.1795498816661652,0.163087426209438,33965.0,46308.5
ленинградская область,"рыболов-ство, рыбоводство",3.7125710245055586e-05,2.016172807722252e-05,2.8643719161139053e-05,8.6,5.2
ленинградская область,"сельское хозяйство, охота и лесное хозяйство",0.03135697924500119,0.030528345838774416,0.030942662541887805,7263.7,7873.7
ленинградская область,строи-тельство,0.0036642212623259514,0.009738502386838424,0.0067013618245821875,848.8,2511.7
ленинградская область,транспорт и связь,0.5634474071144948,0.421857019228085,0.49265221317128993,130520.0,108803.0
ленинградская область,финансовая деятельность,0.0013766731392032823,0.0006540929858898921,0.0010153830625465872,318.9,168.7
липецкая область,гостиницы и рестораны,0.0013436990114214413,0.001763078618859323,0.001553388815140382,89.6,131.8
липецкая область,государственное управление и обеспечение военной безопасности; социальное страхование,0.008788031480948267,0.012765598831391894,0.01077681515617008,586.0,954.3
липецкая область,добыча полезных ископаемых,0.002700894999520107,0.003689355713819433,0.00319512535666977,180.1,275.8
липецкая область,здравоохранение и предоставление социальных услуг,0.011413943276706017,0.014677161309654393,0.013045552293180204,761.1,1097.2
липецкая область,из них связь,0.017280629139072846,0.015443659070357269,0.016362144104715058,1152.3,1154.5
липецкая область,обрабатывающие производства,0.4647953858335732,0.539555565068035,0.5021754754508041,30993.3,40334.8
липецкая область,образование,0.011736371052884153,0.014590211301895778,0.013163291177389964,782.6,1090.7
липецкая область,"операции с недвижимым имуществом, аренда и предоставление услуг",0.0340303771955082,0.059798864566667914,0.046914620881088054,2269.2,4470.3
липецкая область,"оптовая и розничная торговля; ремонт автотранспортных средств, мотоциклов, бытовых изделий и предметов личного пользования",0.02189059650638257,0.01734853308648449,0.01961956479643353,1459.7,1296.9
липецкая область,"предоставление прочих коммунальных, социальных и персональных услуг",0.00962634369901142,0.019318954031537435,0.014472648865274428,641.9,1444.2
липецкая область,"производство и распределение электроэнергии, газа и воды",0.16547443372684517,0.10891491741086955,0.13719467556885737,11034.1,8142.0
липецкая область,"рыболов-ство, рыбоводство",0.00020395431423361166,0.00011370385629972871,0.00015882908526667017,13.6,8.5
липецкая область,"сельское хозяйство, охота и лесное хозяйство",0.05788853296861502,0.07471681051319232,0.06630267174090367,3860.1,5585.5
липецкая область,строи-тельство,0.0037386625395911316,0.01156301333946888,0.0076508379395300065,249.3,864.4
липецкая область,транспорт и связь,0.19950481092235336,0.11257885696857492,0.15604183394546414,13303.3,8415.9
липецкая область,финансовая деятельность,0.006862462808330934,0.008606713075675934,0.007734587942003435,457.6,643.4
магаданская область,гостиницы и рестораны,0.00025753814139874116,0.0002636028726283778,0.0002605705070135595,2.5,4.1
магаданская область,государственное управление и обеспечение военной безопасности; социальное страхование,0.05711165823658484,0.014851771604184213,0.035981714920384524,554.4,231.0
магаданская область,добыча полезных ископаемых,0.2400667538862506,0.3093154683451526,0.2746911111157016,2330.4,4811.0
магаданская область,здравоохранение и предоставление социальных услуг,0.03796112204217445,0.02981927129879064,0.03389019667048254,368.5,463.8
магаданская область,из них связь,0.04265861774128749,0.024997267531198363,0.033827942636242926,414.1,388.8
магаданская область,обрабатывающие производства,0.010672380579563833,0.005914991288246526,0.00829368593390518,103.6,92.0
магаданская область,образование,0.009096247154203537,0.01013906658865736,0.009617656871430447,88.3,157.7
магаданская область,"операции с недвижимым имуществом, аренда и предоставление услуг",0.050662903175960367,0.055960961057497566,0.053311932116728966,491.8,870.4
магаданская область,"оптовая и розничная торговля; ремонт автотранспортных средств, мотоциклов, бытовых изделий и предметов личного пользования",0.005130159776662924,0.004847721121019436,0.00498894044884118,49.8,75.4
магаданская область,"предоставление прочих коммунальных, социальных и персональных услуг",0.0407940415975606,0.026456727338189625,0.033625384467875115,396.0,411.5
магаданская область,"производство и распределение электроэнергии, газа и воды",0.32132518826038137,0.3098555327671229,0.3155903605137521,3119.2,4819.4
магаданская область,"рыболов-ство, рыбоводство",0.009868861578399762,0.006808669319840296,0.008338765449120029,95.8,105.9
магаданская область,"сельское хозяйство, охота и лесное хозяйство",0.005645236059460406,0.0014723184837048418,0.003558777271582624,54.8,22.9
магаданская область,строи-тельство,0.02442491733025661,0.023839986626976218,0.024132451978616416,237.1,370.8
магаданская область,транспорт и связь,0.16840934142346484,0.18546069423995576,0.17693501783171028,1634.8,2884.6
магаданская область,финансовая деятельность,0.018573650757677213,0.014999646386390376,0.016786648572033797,180.3,233.3
москва,гостиницы и рестораны,0.01992462750972683,0.029187554089457283,0.024556090799592055,10834.6,19338.5
москва,государственное управление и обеспечение военной безопасности; социальное страхование,0.024584974087833056,0.0183281569452297,0.021456565516531377,13368.8,12143.5
москва,добыча полезных ископаемых,0.0007023069837340259,0.0014179852143157493,0.0010601460990248876,381.9,939.5
москва,здравоохранение и предоставление социальных услуг,0.02631876571984259,0.013619600826974408,0.0199691832734085,14311.6,9023.8
москва,из них связь,0.05668384213963275,0.07547922466772056,0.06608153340367665,30823.5,50009.5
москва,обрабатывающие производства,0.040333642711298495,0.046445166157077444,0.04338940443418797,21932.6,30772.7
москва,образование,0.02896597939642057,0.02901232462337739,0.02898915200989898,15751.1,19222.4
москва,"операции с недвижимым имуществом, аренда и предоставление услуг",0.237317970728198,0.16230187826064907,0.19980992449442353,129048.6,107534.7
москва,"оптовая и розничная торговля; ремонт автотранспортных средств, мотоциклов, бытовых изделий и предметов личного пользования",0.11913050018638074,0.07396585183707191,0.09654817601172633,64780.7,49006.8
москва,"предоставление прочих коммунальных, социальных и персональных услуг",0.04160879239058934,0.036298912188756395,0.038953852289672866,22626.0,24050.2
москва,"производство и распределение электроэнергии, газа и воды",0.16261413407976358,0.15153862338161775,0.15707637873069066,88426.2,100403.4
москва,"сельское хозяйство, охота и лесное хозяйство",4.6710126700299176e-05,1.69041345400068e-05,3.180713062015299e-05,25.4,11.2
москва,строи-тельство,0.013974419401400531,0.018357437321129353,0.01616592836126494,7599.0,12162.9
москва,транспорт и связь,0.22805244701297012,0.34486336176749627,0.2864579043902332,124010.2,228492.6
москва,финансовая деятельность,0.05639328308378049,0.07464247000799021,0.06551787654588535,30665.5,49455.1
московская область,гостиницы и рестораны,0.006943473759692168,0.012237638495168648,0.009590556127430408,1833.0,3786.4
московская область,государственное управление и обеспечение военной безопасности; социальное страхование,0.012463024013509658,0.014443800558553953,0.013453412286031806,3290.1,4469.0
московская область,добыча полезных ископаемых,0.0009095079376443478,0.0010546010566695357,0.0009820544971569417,240.1,326.3
московская область,здравоохранение и предоставление социальных услуг,0.010394755234026883,0.014869777939090407,0.012632266586558645,2744.1,4600.8
московская область,из них связь,0.017254892156450517,0.026797790993778083,0.0220263415751143,4555.1,8291.4
московская область,обрабатывающие производства,0.251177985134981,0.215519668164267,0.233348826649624,66308.2,66683.1
московская область,образование,0.009762910486009071,0.00995196927274543,0.00985743987937725,2577.3,3079.2
московская область,"операции с недвижимым имуществом, аренда и предоставление услуг",0.34146966027738285,0.29395315735533334,0.31771140881635807,90144.2,90950.9
московская область,"оптовая и розничная торговля; ремонт автотранспортных средств, мотоциклов, бытовых изделий и предметов личного пользования",0.04473786587239084,0.05159756061693677,0.048167713244663804,11810.3,15964.6
московская область,"предоставление прочих коммунальных, социальных и персональных услуг",0.023172186406322383,0.019355468428062666,0.021263827417192523,6117.2,5988.7
московская область,"производство и распределение электроэнергии, газа и воды",0.12396543945597711,0.13995263829640076,0.13195903887618893,32725.5,43302.2
московская область,"рыболов-ство, рыбоводство",0.00025796539172669755,0.00011764473938943027,0.0001878050655580639,68.1,36.4
московская область,"сельское хозяйство, охота и лесное хозяйство",0.02840725500200955,0.03575721357788357,0.03208223428994656,7499.2,11063.5
московская область,строи-тельство,0.010388315569328862,0.007894155932930864,0.009141235751129864,2742.4,2442.5
московская область,транспорт и связь,0.12768226239815383,0.17782196278612478,0.1527521125921393,33706.7,55019.2
московская область,финансовая деятельность,0.008267014257038838,0.0054727427804429195,0.006869878518740879,2182.4,1693.3
мурманская область,гостиницы и рестораны,0.003435485458392796,0.00968736812556584,0.0065614267919793185,111.7,521.1
мурманская область,государственное управление и обеспечение военной безопасности; социальное страхование,0.04574085920968456,0.10469273140651812,0.07521679530810134,1487.2,5631.6
мурманская область,добыча полезных ископаемых,0.47187945967226025,0.393817261770868,0.43284836072156413,15342.5,21184.1
мурманская область,здравоохранение и предоставление социальных услуг,0.04016780670242606,0.017915403305714454,0.029041605004070256,1306.0,963.7
мурманская область,из них связь,0.041105875695093747,0.022025702850067948,0.031565789272580844,1336.5,1184.8
мурманская область,обрабатывающие производства,0.03134073126322524,0.028417023444137293,0.029878877353681263,1019.0,1528.6
мурманская область,образование,0.014560061020619065,0.012613470107841918,0.013586765564230491,473.4,678.5
мурманская область,"операции с недвижимым имуществом, аренда и предоставление услуг",0.01919504453520988,0.021512612540596415,0.02035382853790315,624.1,1157.2
мурманская область,"оптовая и розничная торговля; ремонт автотранспортных средств, мотоциклов, бытовых изделий и предметов личного пользования",0.010970793760149599,0.005692327998557399,0.008331560879353498,356.7,306.2
мурманская область,"предоставление прочих коммунальных, социальных и персональных услуг",0.05261183012647015,0.04505713706761452,0.04883448359704234,1710.6,2423.7
мурманская область,"производство и распределение электроэнергии, газа и воды",0.11277434673490477,0.07926129867618983,0.0960178227055473,3666.7,4263.6
мурманская область,"рыболов-ство, рыбоводство",0.01489222971310467,0.035118800855894125,0.0250055152844994,484.2,1889.1
мурманская область,"сельское хозяйство, охота и лесное хозяйство",0.007163156340731264,0.0053651399751262745,0.00626414815792877,232.9,288.6
мурманская область,строи-тельство,0.011041533389104867,0.004136325864399154,0.007588929626752011,359.0,222.5
мурманская область,транспорт и связь,0.15579634368387382,0.2331846734719297,0.19449050857790176,5065.5,12543.4
мурманская область,финансовая деятельность,0.00843031838984302,0.003524707343326201,0.00597751286658461,274.1,189.6
нижегородская область,гостиницы и рестораны,0.0071566465606740515,0.007160028730496848,0.0071583376455854495,834.1,1045.7
нижегородская область,государственное управление и обеспечение военной безопасности; социальное страхование,0.020273018215514506,0.02586840254740087,0.023070710381457686,2362.8,3778.0
нижегородская область,добыча полезных ископаемых,5.491252606199968e-05,0.0023184333251852663,0.001186672925623633,6.4,338.6
нижегородская область,здравоохранение и предоставление социальных услуг,0.0203184926511596,0.028130004813522232,0.024224248732340914,2368.1,4108.3
нижегородская область,из них связь,0.04845344018395696,0.059141960561983856,0.05379770037297041,5647.2,8637.5
нижегородская область,обрабатывающие производства,0.40794000806527725,0.28296937490628016,0.3454546914857787,47545.0,41326.8
нижегородская область,образование,0.018475490995203736,0.018140747937819977,0.018308119466511855,2153.3,2649.4
нижегородская область,"операции с недвижимым имуществом, аренда и предоставление услуг",0.11285982719714456,0.09929550028107409,0.10607766373910932,13153.7,14501.8
нижегородская область,"оптовая и розничная торговля; ремонт автотранспортных средств, мотоциклов, бытовых изделий и предметов личного пользования",0.023602948116242955,0.027995801348744822,0.02579937473249389,2750.9,4088.7
нижегородская область,"предоставление прочих коммунальных, социальных и персональных услуг",0.029563531218629074,0.013232050800119688,0.021397791009374383,3445.6,1932.5
нижегородская область,"производство и распределение электроэнергии, газа и воды",0.07378441685471347,0.07345380148431771,0.07361910916951558,8599.5,10727.7
нижегородская область,"рыболов-ство, рыбоводство",8.58008219718745e-07,,,0.1,
нижегородская область,"сельское хозяйство, охота и лесное хозяйство",0.03297068185913221,0.029571322636769422,0.03127100224795082,3842.7,4318.8
нижегородская область,строи-тельство,0.006014637620228401,0.010446644194433433,0.008230640907330916,701.0,1525.7
нижегородская область,транспорт и связь,0.23196767025028098,0.36485197563248517,0.2984098229413831,27035.6,53285.5
нижегородская область,финансовая деятельность,0.015016859861517474,0.016565226649795376,0.015791043255656424,1750.2,2419.3
новгородская область,гостиницы и рестораны,0.009671111340199542,0.01350121898344599,0.011586165161822766,300.2,379.9
новгородская область,государственное управление и обеспечение военной безопасности; социальное страхование,0.016526582669961244,0.018046641220831466,0.017286611945396355,513.0,507.8
новгородская область,добыча полезных ископаемых,0.0003447065001336945,0.0008422713606414055,0.0005934889303875501,10.7,23.7
новгородская область,здравоохранение и предоставление социальных услуг,0.009281303055001628,0.024731503791998066,0.017006403423499846,288.1,695.9
новгородская область,из них связь,0.03802402636521492,0.0687641711267956,0.05339409874600526,1180.3,1934.9
новгородская область,обрабатывающие производства,0.15859720562225965,0.21560369888621161,0.18710045225423563,4923.0,6066.7
новгородская область,образование,0.006153172105190249,0.01560156655365304,0.010877369329421644,191.0,439.0
новгородская область,"операции с недвижимым имуществом, аренда и предоставление услуг",0.08820620536131361,0.08915282427447384,0.08867951481789373,2738.0,2508.6
новгородская область,"оптовая и розничная торговля; ремонт автотранспортных средств, мотоциклов, бытовых изделий и предметов личного пользования",0.06188931377634024,0.04681536132375205,0.05435233755004615,1921.1,1317.3
новгородская область,"предоставление прочих коммунальных, социальных и персональных услуг",0.007093866479386873,0.017915147379718676,0.012504506929552774,220.2,504.1
новгородская область,"производство и распределение электроэнергии, газа и воды",0.08320635033133704,0.11496826378375305,0.09908730705754504,2582.8,3235.0
новгородская область,"рыболов-ство, рыбоводство",0.0007280716731795792,,,22.6,
новгородская область,"сельское хозяйство, охота и лесное хозяйство",0.10430109951708874,0.08439772266882743,0.09434941109295808,3237.6,2374.8
новгородская область,строи-тельство,0.0057343698153081895,0.022098073082144554,0.013916221448726371,178.0,621.8
новгородская область,транспорт и связь,0.44234864324165857,0.3284929384253435,0.385420790833501,13730.9,9243.2
новгородская область,финансовая деятельность,0.005917998511641092,0.007829214377607665,0.006873606444624378,183.7,220.3
новосибирская область,гостиницы и рестораны,0.013448222118317636,0.009309371403912543,0.01137879676111509,906.0,828.4
новосибирская область,государственное управление и обеспечение военной безопасности; социальное страхование,0.018465329266210972,0.0263671875,0.022416258383105486,1244.0,2346.3
новосибирская область,добыча полезных ископаемых,0.021561685926123838,0.037262208716916,0.029411947321519916,1452.6,3315.8
новосибирская область,здравоохранение и предоставление социальных услуг,0.03766244368742532,0.07501326057249712,0.056337852129961216,2537.3,6675.1
новосибирская область,из них связь,0.10721765784219862,0.11101796245684695,0.10911781014952279,7223.2,9879.0
новосибирская область,обрабатывающие производства,0.12196617163553239,0.09451866369390102,0.1082424176647167,8216.8,8410.8
новосибирская область,образование,0.024009381099755825,0.030244219289413118,0.027126800194584473,1617.5,2691.3
новосибирская область,"операции с недвижимым имуществом, аренда и предоставление услуг",0.16874550056034257,0.14345354754027617,0.15609952405030936,11368.3,12765.3
новосибирская область,"оптовая и розничная торговля; ремонт автотранспортных средств, мотоциклов, бытовых изделий и предметов личного пользования",0.0502823978209724,0.05141843174626007,0.05085041478361624,3387.5,4575.5
новосибирская область,"предоставление прочих коммунальных, социальных и персональных услуг",0.030081861970179383,0.02418368814729574,0.02713277505873756,2026.6,2152.0
новосибирская область,"производство и распределение электроэнергии, газа и воды",0.07509629728586378,0.07670454545454546,0.07590042137020461,5059.2,6825.6
новосибирская область,"рыболов-ство, рыбоводство",2.3749619634998035e-05,1.123777330264672e-06,1.2436698482631354e-05,1.6,0.1
новосибирская область,"сельское хозяйство, охота и лесное хозяйство",0.051786045614113214,0.06699848065304947,0.05939226313358134,3488.8,5961.9
новосибирская область,строи-тельство,0.015667327202962766,0.01427084831703107,0.014969087759996919,1055.5,1269.9
новосибирская область,транспорт и связь,0.3139922368430818,0.2974649830983889,0.30572860997073537,21153.5,26470.1
новосибирская область,финансовая деятельность,0.057211349349483076,0.052790563866513235,0.055000956607998155,3854.3,4697.6
омская область,гостиницы и рестораны,0.0003540120716160554,0.00013588447728900017,0.0002449482744525278,18.1,7.8
омская область,государственное управление и обеспечение военной безопасности; социальное страхование,0.011486811583431452,0.01659358520740675,0.0140401983954191,587.3,952.5
омская область,добыча полезных ископаемых,0.030986813539299253,0.010161719949060741,0.020574266744179996,1584.3,583.3
омская область,здравоохранение и предоставление социальных услуг,0.021078387269647673,0.030981660821892038,0.026030024045769855,1077.7,1778.4
омская область,из них связь,0.04077593187321283,0.03882289200494062,0.039799411939076726,2084.8,2228.5
омская область,обрабатывающие производства,0.41410024213643354,0.39674608940153344,0.4054231657689835,21172.2,22773.9
омская область,образование,0.025085960389765335,0.028206481689566684,0.02664622103966601,1282.6,1619.1
омская область,"операции с недвижимым имуществом, аренда и предоставление услуг",0.10891445425420807,0.12456251295693334,0.11673848360557071,5568.6,7150.1
омская область,"оптовая и розничная торговля; ремонт автотранспортных средств, мотоциклов, бытовых изделий и предметов личного пользования",0.025279591301864725,0.02895384631465619,0.027116718808260457,1292.5,1662.0
омская область,"предоставление прочих коммунальных, социальных и персональных услуг",0.02624187825896472,0.028295329232409495,0.027268603745687108,1341.7,1624.2
омская область,"производство и распределение электроэнергии, газа и воды",0.09355502442878882,0.10537144370288686,0.09946323406583785,4783.3,6048.5
омская область,"сельское хозяйство, охота и лесное хозяйство",0.05415211175046256,0.07966663008238432,0.06690937091642345,2768.7,4573.0
омская область,строи-тельство,0.040621418317093115,0.033410160326262116,0.037015789321677615,2076.9,1917.8
омская область,транспорт и связь,0.1255725802981525,0.09800058186430019,0.11178658108122634,6420.3,5625.4
омская область,финансовая деятельность,0.022568758532473275,0.018914073973418908,0.020741416252946093,1153.9,1085.7
оренбургская область,гостиницы и рестораны,0.00015034916615561138,0.0002413513847392719,0.00019585027544744165,11.4,21.1
оренбургская область,государственное управление и обеспечение военной безопасности; социальное страхование,0.012213891471641378,0.010880257685497413,0.011547074578569395,926.1,951.2
оренбургская область,добыча полезных ископаемых,0.3993643131746754,0.41673148457410064,0.408047898874388,30281.2,36432.5
оренбургская область,здравоохранение и предоставление социальных услуг,0.019293490804302097,0.022860894670137858,0.021077192737219978,1462.9,1998.6
оренбургская область,из них связь,0.024666495215863154,0.02650175465888242,0.025584124937372787,1870.3,2316.9
оренбургская область,обрабатывающие производства,0.16456375661899014,0.14860839765557443,0.1565860771372823,12477.8,12992.0
оренбургская область,образование,0.013518236430658042,0.01613165203307086,0.014824944231864451,1025.0,1410.3
оренбургская область,"операции с недвижимым имуществом, аренда и предоставление услуг",0.041243150210686655,0.03737514927182801,0.039309149741257335,3127.2,3267.5
оренбургская область,"оптовая и розничная торговля; ремонт автотранспортных средств, мотоциклов, бытовых изделий и предметов личного пользования",0.004064702895540301,0.006556521977846003,0.005310612436693151,308.2,573.2
оренбургская область,"предоставление прочих коммунальных, социальных и персональных услуг",0.012439415220874795,0.010913429202831247,0.01167642221185302,943.2,954.1
оренбургская область,"производство и распределение электроэнергии, газа и воды",0.05641654632139112,0.06306591752416946,0.05974123192278029,4277.7,5513.5
оренбургская область,"рыболов-ство, рыбоводство",0.00012001556245754943,3.431536275913818e-06,6.172354936673162e-05,9.1,0.3
оренбургская область,"сельское хозяйство, охота и лесное хозяйство",0.04217953536832248,0.03593161634509359,0.03905557585670803,3198.2,3141.3
оренбургская область,строи-тельство,0.034221580380752674,0.035325378269682156,0.03477347932521742,2594.8,3088.3
оренбургская область,транспорт и связь,0.19176772372681292,0.1887356390206853,0.1902516813737491,14540.5,16500.1
оренбургская область,финансовая деятельность,0.00844197379440411,0.006638878848467934,0.007540426321436022,640.1,580.4
орловская область,гостиницы и рестораны,0.001180805959503903,0.04783368595345414,0.02450724595647902,14.9,1040.0
орловская область,государственное управление и обеспечение военной безопасности; социальное страхование,0.051139200380393865,0.04764051145248827,0.04938985591644107,645.3,1035.8
орловская область,добыча полезных ископаемых,0.006902563696160399,0.00011038542912335571,0.0035064745626418774,87.1,2.4
орловская область,здравоохранение и предоставление социальных услуг,0.07510401394777509,0.03044338147364548,0.052773697710710284,947.7,661.9
орловская область,из них связь,0.05516503546380315,0.055395087848404016,0.05528006165610358,696.1,1204.4
орловская область,обрабатывающие производства,0.12922296627966873,0.1550731303467942,0.14214804831323147,1630.6,3371.6
орловская область,образование,0.039648135673812264,0.03522215067611075,0.03743514317496151,500.3,765.8
орловская область,"операции с недвижимым имуществом, аренда и предоставление услуг",0.20198121805285887,0.15297580719345047,0.17747851262315467,2548.7,3326.0
орловская область,"оптовая и розничная торговля; ремонт автотранспортных средств, мотоциклов, бытовых изделий и предметов личного пользования",0.11991124143123191,0.03229693680434183,0.07610408911778688,1513.1,702.2
орловская область,"предоставление прочих коммунальных, социальных и персональных услуг",0.019970677972817687,0.01957041670499494,0.019770547338906312,252.0,425.5
орловская область,"производство и распределение электроэнергии, газа и воды",0.06814597614613464,0.08520375310459019,0.07667486462536241,859.9,1852.5
орловская область,"рыболов-ство, рыбоводство",1.5849744422871182e-05,5.0593321681538044e-05,3.3221533052204616e-05,0.2,1.1
орловская область,"сельское хозяйство, охота и лесное хозяйство",0.180005547410548,0.13025480636555975,0.15513017688805386,2271.4,2832.0
орловская область,строи-тельство,0.008812457899116378,0.012984086100634716,0.010898271999875548,111.2,282.3
орловская область,транспорт и связь,0.07616594682410746,0.23572348450004602,0.15594471566207674,961.1,5125.1
орловская область,финансовая деятельность,0.021801323453659312,0.014616870573084353,0.018209097013371832,275.1,317.8
пензенская область,гостиницы и рестораны,0.001967012472316121,0.0017976919359356772,0.001882352204125899,40.5,58.4
пензенская область,государственное управление и обеспечение военной безопасности; социальное страхование,0.060962816179041854,0.028957000070799512,0.044959908124920685,1255.2,940.7
пензенская область,добыча полезных ископаемых,0.000903368690989626,0.002200941325674673,0.0015521550083321496,18.6,71.5
пензенская область,здравоохранение и предоставление социальных услуг,0.05953976764968723,0.03862267246607011,0.04908122005787867,1225.9,1254.7
пензенская область,из них связь,0.027232194894509853,0.0338975746550063,0.030564884774758078,560.7,1101.2
пензенская область,обрабатывающие производства,0.1457240548626491,0.16704067278005055,0.15638236382134985,3000.4,5426.5
пензенская область,образование,0.0316130473637176,0.02248038391804495,0.027046715640881278,650.9,730.3
пензенская область,"операции с недвижимым имуществом, аренда и предоставление услуг",0.06946225278781522,0.09691837432009383,0.08319031355395452,1430.2,3148.5
пензенская область,"оптовая и розничная торговля; ремонт автотранспортных средств, мотоциклов, бытовых изделий и предметов личного пользования",0.018951315227104946,0.008477471903367902,0.013714393565236424,390.2,275.4
пензенская область,"предоставление прочих коммунальных, социальных и персональных услуг",0.062128453199673625,0.09623192688565263,0.07918019004266313,1279.2,3126.2
пензенская область,"производство и распределение электроэнергии, газа и воды",0.10094416598671176,0.07819344273396929,0.08956880436034052,2078.4,2540.2
пензенская область,"сельское хозяйство, охота и лесное хозяйство",0.2279208921008665,0.19942067530420704,0.21367078370253678,4692.8,6478.4
пензенская область,строи-тельство,0.01961184287212962,0.011327921788087829,0.015469882330108724,403.8,368.0
пензенская область,транспорт и связь,0.16934763181411977,0.23551611304527167,0.20243187242969574,3486.8,7651.0
пензенская область,финансовая деятельность,0.03090395150949994,0.012817789762390683,0.02186087063594531,636.3,416.4
пермский край,гостиницы и рестораны,0.00027964764396859953,0.0006174794041947046,0.00044856352408165207,29.4,74.3
пермский край,государственное управление и обеспечение военной безопасности; социальное страхование,0.023236436375880676,0.019129395593208226,0.02118291598454445,2442.9,2301.8
пермский край,добыча полезных ископаемых,0.14412411789716387,0.1618253123340472,0.15297471511560554,15152.1,19472.1
пермский край,здравоохранение и предоставление социальных услуг,0.03576255822425649,0.037657101968870066,0.03670983009656328,3759.8,4531.2
пермский край,из них связь,0.020238309254149295,0.03639721128682542,0.02831776027048736,2127.7,4379.6
пермский край,обрабатывающие производства,0.30707879500400925,0.30298791884508913,0.3050333569245492,32283.9,36457.9
пермский край,образование,0.015945622800985045,0.012488375513908247,0.014216999157446647,1676.4,1502.7
пермский край,"операции с недвижимым имуществом, аренда и предоставление услуг",0.07770304654230907,0.09343468971036642,0.08556886812633774,8169.1,11242.8
пермский край,"оптовая и розничная торговля; ремонт автотранспортных средств, мотоциклов, бытовых изделий и предметов личного пользования",0.009621210607967294,0.01847368731607549,0.014047448962021394,1011.5,2222.9
пермский край,"предоставление прочих коммунальных, социальных и персональных услуг",0.03759834037683947,0.029693030460932173,0.03364568541888582,3952.8,3572.9
пермский край,"производство и распределение электроэнергии, газа и воды",0.17987240838448318,0.09730660968902476,0.13858950903675396,18910.4,11708.7
пермский край,"рыболов-ство, рыбоводство",2.853547387434689e-06,1.6621249103491377e-06,2.2578361488919135e-06,0.3,0.2
пермский край,"сельское хозяйство, охота и лесное хозяйство",0.02411913370106047,0.017218783008761892,0.02066895835491118,2535.7,2071.9
пермский край,строи-тельство,0.011646278070583447,0.01646500936191856,0.014055643716251003,1224.4,1981.2
пермский край,транспорт и связь,0.12404275374932347,0.1628067970936084,0.14342477542146592,13040.9,19590.2
пермский край,финансовая деятельность,0.008965845891319794,0.029894147575084417,0.019429996733202105,942.6,3597.1
приволжский федеральный округ,гостиницы и рестораны,0.0025442594115373854,0.002399501473358097,0.0024718804424477413,2358.3,2736.2
приволжский федеральный округ,государственное управление и обеспечение военной безопасности; социальное страхование,0.0197129128582251,0.016853599541602437,0.01828325619991377,18272.1,19218.5
приволжский федеральный округ,добыча полезных ископаемых,0.11290284646775924,0.10837359541644533,0.11063822094210228,104650.8,123580.6
приволжский федеральный округ,здравоохранение и предоставление социальных услуг,0.029837518240709834,0.0319120015588604,0.030874759899785116,27656.7,36389.9
приволжский федеральный округ,из них связь,0.03409596744107466,0.04056956984538203,0.03733276864322835,31603.9,46262.3
приволжский федеральный округ,обрабатывающие производства,0.2905395797780626,0.26705691962661016,0.27879824970233635,269304.1,304530.4
приволжский федеральный округ,образование,0.023701001456236,0.023994839344247343,0.02384792040024167,21968.7,27361.8
приволжский федеральный округ,"операции с недвижимым имуществом, аренда и предоставление услуг",0.10069475985915356,0.08582545499062456,0.09326010742488906,93335.0,97868.5
приволжский федеральный округ,"оптовая и розничная торговля; ремонт автотранспортных средств, мотоциклов, бытовых изделий и предметов личного пользования",0.022905778790653076,0.02115739070482133,0.022031584747737205,21231.6,24126.2
приволжский федеральный округ,"предоставление прочих коммунальных, социальных и персональных услуг",0.032377030698335175,0.03925186978183847,0.03581445024008682,30010.6,44759.7
приволжский федеральный округ,"производство и распределение электроэнергии, газа и воды",0.09679190066092702,0.08679983043359225,0.09179586554725963,89717.4,98979.6
приволжский федеральный округ,"рыболов-ство, рыбоводство",3.2581365487185274e-05,2.525606404236284e-05,2.8918714764774057e-05,30.2,28.8
приволжский федеральный округ,"сельское хозяйство, охота и лесное хозяйство",0.05408830326821304,0.04884470168992885,0.05146650247907095,50135.0,55698.6
приволжский федеральный округ,строи-тельство,0.01572083250351544,0.019521359000743827,0.017621095752129633,14571.8,22260.6
приволжский федеральный округ,транспорт и связь,0.18711284005721374,0.23405136557258216,0.21058210281489795,173436.8,266893.5
приволжский федеральный округ,финансовая деятельность,0.01103796246928775,0.013932402495369284,0.012485182482328517,10231.2,15887.4
приморский край,гостиницы и рестораны,0.005815196313869387,0.0066866305531532635,0.006250913433511325,1069.1,1718.0
приморский край,государственное управление и обеспечение военной безопасности; социальное страхование,0.008925409813327357,0.007267721322411577,0.008096565567869467,1640.9,1867.3
приморский край,добыча полезных ископаемых,0.006503272577740379,0.005854499230531513,0.006178885904135946,1195.6,1504.2
приморский край,здравоохранение и предоставление социальных услуг,0.007549257285585374,0.011852617010196529,0.009700937147890951,1387.9,3045.3
приморский край,из них связь,0.022582499800104325,0.020763194419037668,0.021672847109570997,4151.7,5334.7
приморский край,обрабатывающие производства,0.04930977519759755,0.030697394549345232,0.04000358487347139,9065.4,7887.1
приморский край,образование,0.1376391858616374,0.14091704141118264,0.13927811363641002,25304.4,36205.9
приморский край,"операции с недвижимым имуществом, аренда и предоставление услуг",0.06314799514158326,0.04517756935141241,0.05416278224649783,11609.5,11607.5
приморский край,"оптовая и розничная торговля; ремонт автотранспортных средств, мотоциклов, бытовых изделий и предметов личного пользования",0.0050781660075095506,0.005569208183065778,0.005323687095287664,933.6,1430.9
приморский край,"предоставление прочих коммунальных, социальных и персональных услуг",0.03240376859097755,0.02331680228046017,0.027860285435718862,5957.3,5990.8
приморский край,"производство и распределение электроэнергии, газа и воды",0.1025608947493526,0.12135183586540489,0.11195636530737874,18855.4,31179.0
приморский край,"рыболов-ство, рыбоводство",0.004625613081390447,0.0030008103355536474,0.003813211708472047,850.4,771.0
приморский край,"сельское хозяйство, охота и лесное хозяйство",0.0041736040890767755,0.005364872848932747,0.004769238469004761,767.3,1378.4
приморский край,строи-тельство,0.08230697557030099,0.007248650024559162,0.044777812797430074,15131.8,1862.4
приморский край,транспорт и связь,0.4626477936141083,0.5705587423218565,0.5166032679679824,85055.9,146594.0
приморский край,финансовая деятельность,0.02731363603974851,0.01513521550177363,0.02122442577076107,5021.5,3888.7
псковская область,гостиницы и рестораны,0.0018623307785975219,0.0030687578675194773,0.0024655443230584997,20.8,45.1
псковская область,государственное управление и обеспечение военной безопасности; социальное страхование,0.07477974357137741,0.05640118395536352,0.06559046376337047,835.2,828.9
псковская область,добыча полезных ископаемых,0.0004029081011388869,0.002830605926581159,0.0016167570138600229,4.5,41.6
псковская область,здравоохранение и предоставление социальных услуг,0.021801805028293104,0.04695675841186677,0.03437928172007994,243.5,690.1
псковская область,из них связь,0.08413616503115824,0.06666893478038989,0.07540254990577407,939.7,979.8
псковская область,обрабатывающие производства,0.18554365733113676,0.21420066002109345,0.1998721586761151,2072.3,3148.0
псковская область,образование,0.018659121839409785,0.008491817779743477,0.013575469809576631,208.4,124.8
псковская область,"операции с недвижимым имуществом, аренда и предоставление услуг",0.04535849867488003,0.09340319123600857,0.0693808449554443,506.6,1372.7
псковская область,"оптовая и розничная торговля; ремонт автотранспортных средств, мотоциклов, бытовых изделий и предметов личного пользования",0.11572416016044697,0.04599734630694383,0.0808607532336954,1292.5,676.0
псковская область,"предоставление прочих коммунальных, социальных и персональных услуг",0.03428300265023995,0.047643996870003064,0.04096349976012151,382.9,700.2
псковская область,"производство и распределение электроэнергии, газа и воды",0.07085810472029225,0.08407443949239614,0.07746627210634419,791.4,1235.6
псковская область,"рыболов-ство, рыбоводство",,6.804341169666247e-06,,,0.1
псковская область,"сельское хозяйство, охота и лесное хозяйство",0.04749838836759545,0.043813152791480965,0.04565577057953821,530.5,643.9
псковская область,строи-тельство,0.026260654680896788,0.04702480182356344,0.03664272825223011,293.3,691.1
псковская область,транспорт и связь,0.34118258004440943,0.29151158439084135,0.3163470822176254,3810.6,4284.2
псковская область,финансовая деятельность,0.015785044051285727,0.014581703126594769,0.015183373588940247,176.3,214.3
республика адыгея,гостиницы и рестораны,3.79516243295213e-06,7.228201551172053e-06,5.511681992062091e-06,0.03,0.1
республика адыгея,государственное управление и обеспечение военной безопасности; социальное страхование,0.05819249063859933,0.047807325059451955,0.05299990784902564,460.0,661.4
республика адыгея,добыча полезных ископаемых,0.0014295111830786359,0.004712787411364178,0.0030711492972214072,11.3,65.2
республика адыгея,здравоохранение и предоставление социальных услуг,0.054903349863374154,0.008319659985399032,0.031611504924386594,434.0,115.1
республика адыгея,из них связь,0.038356441655702865,0.012295170838543661,0.025325806247123262,303.2,170.1
республика адыгея,обрабатывающие производства,0.12392470397733023,0.19529154950956654,0.15960812674344838,979.6,2701.8
республика адыгея,образование,0.042771480619370514,0.06210470772767028,0.0524380941735204,338.1,859.2
республика адыгея,"операции с недвижимым имуществом, аренда и предоставление услуг",0.33860439226798905,0.3291289294310682,0.33386666084952865,2676.6,4553.4
республика адыгея,"оптовая и розничная торговля; ремонт автотранспортных средств, мотоциклов, бытовых изделий и предметов личного пользования",0.055586479101305535,0.05378504774227125,0.054685763421788394,439.4,744.1
республика адыгея,"предоставление прочих коммунальных, социальных и персональных услуг",0.023492055459973685,0.007495645008565419,0.015493850234269552,185.7,103.7
республика адыгея,"производство и распределение электроэнергии, газа и воды",0.039026920352191075,0.011796424931512789,0.025411672641851932,308.5,163.2
республика адыгея,"рыболов-ство, рыбоводство",6.325270721586883e-05,,,0.5,
республика адыгея,"сельское хозяйство, охота и лесное хозяйство",0.11571450258071046,0.04755433800516093,0.08163442029293569,914.7,657.9
республика адыгея,строи-тельство,0.03535826333367068,0.035620577244175874,0.03548942028892328,279.5,492.8
республика адыгея,транспорт и связь,0.09790254022872179,0.19169190513708284,0.14479722268290232,773.9,2652.0
республика адыгея,финансовая деятельность,0.01303005768646898,0.004698331008261834,0.008864194347365406,103.0,65.0
республика алтай,гостиницы и рестораны,0.0019120164063343252,0.08197700175279775,0.04194450907956604,12.4,851.2
республика алтай,государственное управление и обеспечение военной безопасности; социальное страхование,0.13027924691224768,0.03226303522930832,0.081271141070778,844.9,335.0
республика алтай,добыча полезных ископаемых,0.011456678950858093,0.009274418783828033,0.010365548867343064,74.3,96.3
республика алтай,здравоохранение и предоставление социальных услуг,0.08969515673908686,0.02640753510410848,0.05805134592159767,581.7,274.2
республика алтай,из них связь,0.10190739056018996,0.0914825586994626,0.09669497462982629,660.9,949.9
республика алтай,обрабатывающие производства,0.003330609223937212,0.0006741529749407708,0.0020023810994389915,21.6,7.0
республика алтай,образование,0.07187022959616363,0.04650692451412832,0.05918857705514598,466.1,482.9
республика алтай,"операции с недвижимым имуществом, аренда и предоставление услуг",0.04209519991365087,0.0349307548587168,0.03851297738618384,273.0,362.7
республика алтай,"оптовая и розничная торговля; ремонт автотранспортных средств, мотоциклов, бытовых изделий и предметов личного пользования",0.003469384608267929,0.0022824893580137527,0.002875936983140841,22.5,23.7
республика алтай,"предоставление прочих коммунальных, социальных и персональных услуг",0.08562441213205248,0.07732534622570642,0.08147487917887944,555.3,802.9
республика алтай,"производство и распределение электроэнергии, газа и воды",0.10630194439732933,0.09650981374116378,0.10140587906924656,689.4,1002.1
республика алтай,"рыболов-ство, рыбоводство",,0.0012134753548933876,,,12.6
республика алтай,"сельское хозяйство, охота и лесное хозяйство",0.013769602023036714,0.02819885586609396,0.020984228944565336,89.3,292.8
республика алтай,строи-тельство,0.0007863938445407305,0.0006548914613710346,0.0007206426529558826,5.1,6.8
республика алтай,транспорт и связь,0.43669529551447117,0.5589402315233931,0.49781776351893214,2832.1,5803.7
республика алтай,финансовая деятельность,0.002698410250875056,0.0028314424947512374,0.0027649263728131467,17.5,29.4
республика башкортостан,гостиницы и рестораны,0.0014134341770256102,0.0008137575156870081,0.001113595846356309,120.8,84.4
республика башкортостан,государственное управление и обеспечение военной безопасности; социальное страхование,0.021760802006889318,0.018754989567705785,0.02025789578729755,1859.8,1945.2
республика башкортостан,добыча полезных ископаемых,0.16630901789725924,0.1549214974680957,0.16061525768267748,14213.7,16067.9
республика башкортостан,здравоохранение и предоставление социальных услуг,0.04841480080874644,0.06284348473336906,0.05562914277105775,4137.8,6517.9
республика башкортостан,из них связь,0.03680779167290699,0.04472580999726177,0.04076680083508438,3145.8,4638.8
республика башкортостан,обрабатывающие производства,0.17580172607458439,0.2368516454485501,0.20632668576156726,15025.0,24565.4
республика башкортостан,образование,0.04302666803953872,0.02780370317519698,0.03541518560736785,3677.3,2883.7
республика башкортостан,"операции с недвижимым имуществом, аренда и предоставление услуг",0.13151724202486145,0.09509971422070183,0.11330847812278164,11240.2,9863.4
республика башкортостан,"оптовая и розничная торговля; ремонт автотранспортных средств, мотоциклов, бытовых изделий и предметов личного пользования",0.06311896248315112,0.03093724811119553,0.04702810529717332,5394.5,3208.7
республика башкортостан,"предоставление прочих коммунальных, социальных и персональных услуг",0.01602867118466377,0.01550574451099344,0.015767207847828604,1369.9,1608.2
республика башкортостан,"производство и распределение электроэнергии, газа и воды",0.07630087426988168,0.08024767539174132,0.07827427483081151,6521.1,8323.0
республика башкортостан,"рыболов-ство, рыбоводство",0.00017901939493784633,0.0001976543728860624,0.00018833688391195437,15.3,20.5
республика башкортостан,"сельское хозяйство, охота и лесное хозяйство",0.049905459038490335,0.0468643338951217,0.04838489646680602,4265.2,4860.6
республика башкортостан,строи-тельство,0.014451428410963005,0.0230802457470564,0.018765837079009702,1235.1,2393.8
республика башкортостан,транспорт и связь,0.17748778455893363,0.1943193169064873,0.18590355073271048,15169.1,20154.1
республика башкортостан,финансовая деятельность,0.01428527969147821,0.011758024767539175,0.013021652229508691,1220.9,1219.5
республика бурятия,гостиницы и рестораны,0.0022537997312945565,0.0008998124866286606,0.0015768061089616084,51.5,28.6
республика бурятия,государственное управление и обеспечение военной безопасности; социальное страхование,0.0722441280858457,0.06590339915178514,0.06907376361881543,1650.8,2094.7
республика бурятия,добыча полезных ископаемых,0.2474278237047216,0.17655516542706484,0.21199149456589322,5653.8,5611.7
республика бурятия,здравоохранение и предоставление социальных услуг,0.06903629274013909,0.05634525112948491,0.062690771934812,1577.5,1790.9
республика бурятия,из них связь,0.04599501975904036,0.04774983954392721,0.04687242965148379,1051.0,1517.7
республика бурятия,обрабатывающие производства,0.04181564355829027,0.0698455846264205,0.05583061409235539,955.5,2220.0
республика бурятия,образование,0.08301860369448104,0.04862448245051031,0.06582154307249567,1897.0,1545.5
республика бурятия,"операции с недвижимым имуществом, аренда и предоставление услуг",0.07508435337829263,0.05828330879299279,0.06668383108564271,1715.7,1852.5
республика бурятия,"оптовая и розничная торговля; ремонт автотранспортных средств, мотоциклов, бытовых изделий и предметов личного пользования",0.008665094112549945,0.007126137350398308,0.007895615731474126,198.0,226.5
республика бурятия,"предоставление прочих коммунальных, социальных и персональных услуг",0.027702043299212702,0.04646619096160381,0.03708411713040825,633.0,1476.9
республика бурятия,"производство и распределение электроэнергии, газа и воды",0.17395395246451908,0.1639546444167579,0.16895429844063847,3974.9,5211.2
республика бурятия,"рыболов-ство, рыбоводство",4.3763101578535074e-05,5.977775260819773e-05,5.17704270933664e-05,1.0,1.9
республика бурятия,"сельское хозяйство, охота и лесное хозяйство",0.02904994682783158,0.0412686726821963,0.03515930975501394,663.8,1311.7
республика бурятия,строи-тельство,0.018310481700459076,0.017565220674293048,0.017937851187376064,418.4,558.3
республика бурятия,транспорт и связь,0.1350485551612014,0.23416518795383898,0.1846068715575202,3085.9,7442.8
республика бурятия,финансовая деятельность,0.01634551843958285,0.012934017945910573,0.014639768192746712,373.5,411.1
республика дагестан,гостиницы и рестораны,0.0007814809063174717,0.0004460322804930843,0.000613756593405278,15.6,10.2
республика дагестан,государственное управление и обеспечение военной безопасности; социальное страхование,0.016391061060710047,0.021387685136192897,0.01888937309845147,327.2,489.1
республика дагестан,добыча полезных ископаемых,0.0088066886750392,0.008693256604120115,0.008749972639579658,175.8,198.8
республика дагестан,здравоохранение и предоставление социальных услуг,0.04457446861803117,0.06089215201829607,0.05273331031816362,889.8,1392.5
республика дагестан,из них связь,0.05977327034730816,0.06242702780705168,0.06110014907717992,1193.2,1427.6
республика дагестан,обрабатывающие производства,0.042290139814949335,0.03519719436949839,0.03874366709222386,844.2,804.9
республика дагестан,образование,0.06491301015424229,0.06540932207466231,0.0651611661144523,1295.8,1495.8
республика дагестан,"операции с недвижимым имуществом, аренда и предоставление услуг",0.057428827628355744,0.16489638495209527,0.11116260629022551,1146.4,3770.9
республика дагестан,"оптовая и розничная торговля; ремонт автотранспортных средств, мотоциклов, бытовых изделий и предметов личного пользования",,0.00010932163737575597,,,2.5
республика дагестан,"предоставление прочих коммунальных, социальных и персональных услуг",0.049368553408709506,0.03191317238273068,0.040640862895720095,985.5,729.8
республика дагестан,"производство и распределение электроэнергии, газа и воды",0.15589041233136797,0.21461149276509406,0.185250952548231,3111.9,4907.8
республика дагестан,"рыболов-ство, рыбоводство",,0.00043728654950302387,,,10.0
республика дагестан,"сельское хозяйство, охота и лесное хозяйство",0.012734131178583416,0.02000585963976334,0.016369995409173378,254.2,457.5
республика дагестан,строи-тельство,0.3166250043833064,0.24585124386159007,0.2812381241224482,6320.5,5622.2
республика дагестан,транспорт и связь,0.23019622184038754,0.13014522286308994,0.18017072235173875,4595.2,2976.2
республика ингушетия,государственное управление и обеспечение военной безопасности; социальное страхование,0.20228984754330928,0.10416598380805664,0.15322791567568295,1012.4,317.8
республика ингушетия,добыча полезных ископаемых,0.00045956800607429015,0.004424923792979121,0.0024422458995267053,2.3,13.5
республика ингушетия,здравоохранение и предоставление социальных услуг,0.1161707994485184,0.08699072404864137,0.10158076174857988,581.4,265.4
республика ингушетия,из них связь,0.03878354346913901,0.07273263627126422,0.055758089870201616,194.1,221.9
республика ингушетия,обрабатывающие производства,0.002557595859891702,0.0035399390343832968,0.0030487674471374993,12.8,10.8
республика ингушетия,образование,0.06939476891721783,0.14045035891048543,0.10492256391385163,347.3,428.5
республика ингушетия,"операции с недвижимым имуществом, аренда и предоставление услуг",0.19587587667592463,0.1619194336097545,0.17889765514283956,980.3,494.0
республика ингушетия,"оптовая и розничная торговля; ремонт автотранспортных средств, мотоциклов, бытовых изделий и предметов личного пользования",,0.0017371923039103214,,,5.3
республика ингушетия,"предоставление прочих коммунальных, социальных и персональных услуг",0.02201930185625512,0.020551312727391916,0.02128530729182352,110.2,62.7
республика ингушетия,"производство и распределение электроэнергии, газа и воды",0.15269646532259679,0.06234225966108361,0.1075193624918402,764.2,190.2
республика ингушетия,"сельское хозяйство, охота и лесное хозяйство",0.0013587228005674666,0.0189452292766069,0.010151976038587184,6.8,57.8
республика ингушетия,строи-тельство,0.08492017503546666,0.14205644236127044,0.11348830869836854,425.0,433.4
республика ингушетия,транспорт и связь,0.15209702879293466,0.2528762004654364,0.20248661462918555,761.2,771.5
республика ингушетия,финансовая деятельность,0.0001798309588986353,,,0.9,
республика калмыкия,гостиницы и рестораны,5.289046384936796e-05,1.67117884956048e-05,3.480112617248638e-05,0.2,0.1
республика калмыкия,государственное управление и обеспечение военной безопасности; социальное страхование,0.0947532659861427,0.059310137370901427,0.07703170167852207,358.3,354.9
республика калмыкия,добыча полезных ископаемых,0.009493838260961548,0.0031418162371737025,0.006317827249067626,35.9,18.8
республика калмыкия,здравоохранение и предоставление социальных услуг,0.1137409425080658,0.08782044854440323,0.1007806955262345,430.1,525.5
республика калмыкия,из них связь,0.06759401279949225,0.08845549650723619,0.07802475465336423,255.6,529.3
республика калмыкия,обрабатывающие производства,0.0021685090178240863,0.0008021658477890304,0.0014853374328065584,8.2,4.8
республика калмыкия,образование,0.017268736446818637,0.010845950733647516,0.014057343590233078,65.3,64.9
республика калмыкия,"операции с недвижимым имуществом, аренда и предоставление услуг",0.06703866292907389,0.03778535378856245,0.052412008358818166,253.5,226.1
республика калмыкия,"оптовая и розничная торговля; ремонт автотранспортных средств, мотоциклов, бытовых изделий и предметов личного пользования",0.0793885862379013,0.003743440623015475,0.04156601343045839,300.2,22.4
республика калмыкия,"предоставление прочих коммунальных, социальных и персональных услуг",0.012376368540752102,0.008656706440723286,0.010516537490737693,46.8,51.8
республика калмыкия,"производство и распределение электроэнергии, газа и воды",0.08975511715237741,0.06876900965941375,0.07926206340589559,339.4,411.5
республика калмыкия,"рыболов-ство, рыбоводство",0.0003702332469455757,,,1.4,
республика калмыкия,"сельское хозяйство, охота и лесное хозяйство",0.18765536573755753,0.1392760453223704,0.16346570552996398,709.6,833.4
республика калмыкия,строи-тельство,0.009916961971756491,0.02566930712924897,0.017793134550502732,37.5,153.6
республика калмыкия,транспорт и связь,0.2978790923996404,0.5511380727965507,0.42450858259809554,1126.4,3297.9
республика калмыкия,финансовая деятельность,0.018167874332257895,0.003008121929208864,0.01058799813073338,68.7,18.0
республика карелия,гостиницы и рестораны,0.00017082430995244474,1.1858644952170132e-05,9.134147745230743e-05,3.1,0.3
республика карелия,государственное управление и обеспечение военной безопасности; социальное страхование,0.043235081802802625,0.01761404063562337,0.030424561219212998,784.6,445.6
республика карелия,добыча полезных ископаемых,0.14305158343114402,0.15677523914933986,0.14991341129024194,2596.0,3966.1
республика карелия,здравоохранение и предоставление социальных услуг,0.01843249409002992,0.017957941339236304,0.018195217714633113,334.5,454.3
республика карелия,из них связь,0.029949358857791517,0.03920863309352518,0.03457899597565835,543.5,991.9
республика карелия,обрабатывающие производства,0.11898739757429481,0.2151711597754763,0.16707927867488556,2159.3,5443.4
республика карелия,образование,0.016007890981027482,0.029950984267531032,0.02297943762427926,290.5,757.7
республика карелия,"операции с недвижимым имуществом, аренда и предоставление услуг",0.05852110231274074,0.056411574037473315,0.05746633817510703,1062.0,1427.1
республика карелия,"оптовая и розничная торговля; ремонт автотранспортных средств, мотоциклов, бытовых изделий и предметов личного пользования",0.016542405757330292,0.007652778875800458,0.012097592316565375,300.2,193.6
республика карелия,"предоставление прочих коммунальных, социальных и персональных услуг",0.030594082866321714,0.01673254802751206,0.023663315446916886,555.2,423.3
республика карелия,"производство и распределение электроэнергии, газа и воды",0.1479393628804285,0.18520041109969168,0.1665698869900601,2684.7,4685.2
республика карелия,"рыболов-ство, рыбоводство",0.003934469590517598,0.0005494505494505495,0.0022419600699840735,71.4,13.9
республика карелия,"сельское хозяйство, охота и лесное хозяйство",0.02502300617722747,0.032955174322080796,0.028989090249654133,454.1,833.7
республика карелия,строи-тельство,0.005053093297625542,0.017645663688829156,0.011349378493227348,91.7,446.4
республика карелия,транспорт и связь,0.3685617144148165,0.2427464621709226,0.30565408829286955,6688.4,6141.0
республика карелия,финансовая деятельность,0.003945490513740336,0.002628666297731046,0.0032870784057356913,71.6,66.5
республика коми,гостиницы и рестораны,0.00019642752257712908,7.480102159751415e-05,0.0001356142720873216,20.4,14.6
республика коми,государственное управление и обеспечение военной безопасности; социальное страхование,0.0066689069674960594,0.007301296977987494,0.0069851019727417765,692.6,1425.1
республика коми,добыча полезных ископаемых,0.20503759565009325,0.14742359152494178,0.17623059358751753,21294.2,28774.8
республика коми,здравоохранение и предоставление социальных услуг,0.01743101686869494,0.00531445888377407,0.011372737876234504,1810.3,1037.3
республика коми,из них связь,0.022860697259932346,0.012527121774526154,0.01769390951722925,2374.2,2445.1
республика коми,обрабатывающие производства,0.09678966174988037,0.027766549085608747,0.062278105417744554,10052.1,5419.6
республика коми,образование,0.005969856078324512,0.0059359221659506765,0.005952889122137595,620.0,1158.6
республика коми,"операции с недвижимым имуществом, аренда и предоставление услуг",0.02488081952643635,0.012383155424739157,0.018631987475587752,2584.0,2417.0
республика коми,"оптовая и розничная торговля; ремонт автотранспортных средств, мотоциклов, бытовых изделий и предметов личного пользования",0.003022480359654942,0.0014104603593010716,0.0022164703594780067,313.9,275.3
республика коми,"предоставление прочих коммунальных, социальных и персональных услуг",0.01195511823685115,0.0032215672863367736,0.007588342761593962,1241.6,628.8
республика коми,"производство и распределение электроэнергии, газа и воды",0.03428430572981009,0.01367372921517846,0.023979017472494275,3560.6,2668.9
республика коми,"рыболов-ство, рыбоводство",1.3480320176861799e-05,3.5863503505657466e-06,8.533335263713773e-06,1.4,0.7
республика коми,"сельское хозяйство, охота и лесное хозяйство",0.009950402050549275,0.007035394716281262,0.008492898383415269,1033.4,1373.2
республика коми,строи-тельство,0.00493764870478195,0.0025150562672753216,0.003726352486028636,512.8,490.9
республика коми,транспорт и связь,0.5765581083644423,0.7632219771549483,0.6698900427596953,59878.5,148969.1
республика коми,финансовая деятельность,0.0023032089902181017,0.002717428894200103,0.0025103189422091025,239.2,530.4
республика марий эл,гостиницы и рестораны,0.0069392000683945795,0.0017505366932598426,0.004344868380827211,97.4,29.6
республика марий эл,государственное управление и обеспечение военной безопасности; социальное страхование,0.045838617289579796,0.05272900390913769,0.04928381059935874,643.4,891.6
республика марий эл,добыча полезных ископаемых,1.4248870776990922e-06,,,0.02,
республика марий эл,здравоохранение и предоставление социальных услуг,0.0285689859078668,0.02537686807695265,0.026972926992409725,401.0,429.1
республика марий эл,из них связь,0.058833587438195514,0.04672631896434465,0.05277995320127008,825.8,790.1
республика марий эл,обрабатывающие производства,0.25973554095837903,0.13229562779804957,0.1960155843782143,3645.7,2237.0
республика марий эл,образование,0.021893389948846553,0.04179406355157874,0.031843726750212645,307.3,706.7
республика марий эл,"операции с недвижимым имуществом, аренда и предоставление услуг",0.05893332953363446,0.07765049588683018,0.06829191271023233,827.2,1313.0
республика марий эл,"оптовая и розничная торговля; ремонт автотранспортных средств, мотоциклов, бытовых изделий и предметов личного пользования",0.019599321753751016,0.014471497595969034,0.017035409674860023,275.1,244.7
республика марий эл,"предоставление прочих коммунальных, социальных и персональных услуг",0.09834570610279135,0.12471982541944872,0.11153276576112003,1380.4,2108.9
республика марий эл,"производство и распределение электроэнергии, газа и воды",0.09860931021216568,0.0968768296361131,0.09774306992413939,1384.1,1638.1
республика марий эл,"сельское хозяйство, охота и лесное хозяйство",0.09494735042247902,0.15845905459190615,0.12670320250719258,1332.7,2679.4
республика марий эл,строи-тельство,0.006112765563329106,0.012738702828654394,0.00942573419599175,85.8,215.4
республика марий эл,транспорт и связь,0.2521622661404084,0.25356760560881425,0.25286493587461134,3539.4,4287.6
республика марий эл,финансовая деятельность,0.008299967227597212,0.007569888403285805,0.007934927815441509,116.5,128.0
республика мордовия,гостиницы и рестораны,0.0006863375734427371,0.0014055544739038943,0.0010459460236733158,22.3,52.7
республика мордовия,государственное управление и обеспечение военной безопасности; социальное страхование,0.02361863021793526,0.023160977327099465,0.023389803772517363,767.4,868.4
республика мордовия,добыча полезных ископаемых,,0.00023470359336535618,,,8.8
республика мордовия,здравоохранение и предоставление социальных услуг,0.044993582897575664,0.07948983973478495,0.06224171131618031,1461.9,2980.4
республика мордовия,из них связь,0.04138338570632754,0.031127564070080358,0.03625547488820395,1344.6,1167.1
республика мордовия,обрабатывающие производства,0.2787669314554973,0.20431481219711903,0.24154087182630818,9057.5,7660.6
республика мордовия,образование,0.02298461434291641,0.0446203536023001,0.03380248397260825,746.8,1673.0
республика мордовия,"операции с недвижимым имуществом, аренда и предоставление услуг",0.19957650201746313,0.1562059097297975,0.17789120587363033,6484.5,5856.8
республика мордовия,"оптовая и розничная торговля; ремонт автотранспортных средств, мотоциклов, бытовых изделий и предметов личного пользования",0.014671619787450794,0.01146046978057881,0.013066044784014803,476.7,429.7
республика мордовия,"предоставление прочих коммунальных, социальных и персональных услуг",0.06442647724160007,0.10506986432532052,0.0847481707834603,2093.3,3939.5
республика мордовия,"производство и распределение электроэнергии, газа и воды",0.047320359603955524,0.04036901805884126,0.04384468883139839,1537.5,1513.6
республика мордовия,"рыболов-ство, рыбоводство",1.5388734830554642e-06,,,0.05,
республика мордовия,"сельское хозяйство, охота и лесное хозяйство",0.09898342017709356,0.09846882576191988,0.09872612296950672,3216.1,3692.0
республика мордовия,строи-тельство,0.011089122318897675,0.013551465430561077,0.012320293874729375,360.3,508.1
республика мордовия,транспорт и связь,0.18414775647634904,0.2110118658668964,0.1975798111716227,5983.2,7911.7
республика мордовия,финансовая деятельность,0.008734645889822815,0.010636340117511823,0.00968549300366732,283.8,398.8
республика саха (якутия),гостиницы и рестораны,0.0007404883544896826,0.0009762517472879456,0.0008583700508888141,76.5,144.5
республика саха (якутия),государственное управление и обеспечение военной безопасности; социальное страхование,0.019444353026129076,0.010331378352614023,0.01488786568937155,2008.8,1529.2
республика саха (якутия),добыча полезных ископаемых,0.28230997520089984,0.22538713955535614,0.253848557378128,29165.5,33360.7
республика саха (якутия),здравоохранение и предоставление социальных услуг,0.01846865072374267,0.013591180899786576,0.016029915811764623,1908.0,2011.7
республика саха (якутия),из них связь,0.05954300737003703,0.012580473208476701,0.03606174028925686,6151.4,1862.1
республика саха (якутия),обрабатывающие производства,0.014524219292964297,0.005323105548015033,0.009923662420489665,1500.5,787.9
республика саха (якутия),образование,0.03461516868615103,0.03346212649925581,0.03403864759270342,3576.1,4952.9
республика саха (якутия),"операции с недвижимым имуществом, аренда и предоставление услуг",0.0651987896645249,0.06437856678136217,0.06478867822294354,6735.7,9529.0
республика саха (якутия),"оптовая и розничная торговля; ремонт автотранспортных средств, мотоциклов, бытовых изделий и предметов личного пользования",0.002132412869203622,0.006297330475066395,0.0042148716721350085,220.3,932.1
республика саха (якутия),"предоставление прочих коммунальных, социальных и персональных услуг",0.016432065759237714,0.028662616179024977,0.022547340969131344,1697.6,4242.5
республика саха (якутия),"производство и распределение электроэнергии, газа и воды",0.09397716779175724,0.18757748364862772,0.14077732572019247,9708.8,27764.3
республика саха (якутия),"рыболов-ство, рыбоводство",8.034056656554726e-05,1.2160921419503821e-05,4.6250743992525545e-05,8.3,1.8
республика саха (якутия),"сельское хозяйство, охота и лесное хозяйство",0.004673304281668219,0.0060061439677438315,0.005339724124706026,482.8,889.0
республика саха (якутия),строи-тельство,0.05008314764660218,0.04986383146043884,0.04997348955352051,5174.1,7380.6
республика саха (якутия),транспорт и связь,0.3929737818724579,0.36473170642724967,0.3788527441498538,40598.2,53985.8
республика саха (якутия),финансовая деятельность,0.004347102222239431,0.003398977536751318,0.0038730398794953745,449.1,503.1
республика северная осетия-алания,гостиницы и рестораны,0.0027984978651165184,0.0018284500936343396,0.0023134739793754288,27.2,24.8
республика северная осетия-алания,государственное управление и обеспечение военной безопасности; социальное страхование,0.04756417511188847,0.06676791954819589,0.05716604733004218,462.3,905.6
республика северная осетия-алания,добыча полезных ископаемых,0.0019856988528216472,0.0014155742660394886,0.001700636559430568,19.3,19.2
республика северная осетия-алания,здравоохранение и предоставление социальных услуг,0.04322238798292093,0.04121385493312886,0.04221812145802489,420.1,559.0
республика северная осетия-алания,из них связь,0.06675240495910283,0.05315039002020142,0.05995139748965213,648.8,720.9
республика северная осетия-алания,обрабатывающие производства,0.07125880960954782,0.06653936328649158,0.0688990864480197,692.6,902.5
республика северная осетия-алания,образование,0.04601059725294511,0.01927982659215241,0.03264521192254876,447.2,261.5
республика северная осетия-алания,"операции с недвижимым имуществом, аренда и предоставление услуг",0.10349297803384948,0.039466505448486365,0.07147974174116792,1005.9,535.3
республика северная осетия-алания,"оптовая и розничная торговля; ремонт автотранспортных средств, мотоциклов, бытовых изделий и предметов личного пользования",0.038386748289521065,0.008419717769880708,0.023403233029700887,373.1,114.2
республика северная осетия-алания,"предоставление прочих коммунальных, социальных и персональных услуг",0.02034055249755646,0.021970892254154564,0.02115572237585551,197.7,298.0
республика северная осетия-алания,"производство и распределение электроэнергии, газа и воды",0.34503832501671894,0.28439771738649605,0.3147180212016075,3353.6,3857.4
республика северная осетия-алания,"сельское хозяйство, охота и лесное хозяйство",0.0037553372087041513,0.007549729418877273,0.005652533313790712,36.5,102.4
республика северная осетия-алания,строи-тельство,0.0065023920983589695,0.007217954200274268,0.006860173149316619,63.2,97.9
республика северная осетия-алания,транспорт и связь,0.2522351972838109,0.4317427783594084,0.34198898782160964,2451.6,5855.9
республика северная осетия-алания,финансовая деятельность,0.01738772570605484,0.0021823436601442116,0.009785034683099526,169.0,29.6
республика татарстан,гостиницы и рестораны,0.0024486456148366115,0.0022122953252304914,0.0023304704700335514,523.1,546.4
республика татарстан,государственное управление и обеспечение военной безопасности; социальное страхование,0.01319722152917006,0.008406236373066518,0.010801728951118288,2819.3,2076.2
республика татарстан,добыча полезных ископаемых,0.10260906443575127,0.10332034595051569,0.10296470519313347,21920.2,25518.4
республика татарстан,здравоохранение и предоставление социальных услуг,0.019759086225935425,0.029280927091021945,0.024520006658478685,4221.1,7231.9
республика татарстан,из них связь,0.015619653388619393,0.021003039476758145,0.01831134643268877,3336.8,5187.4
республика татарстан,обрабатывающие производства,0.3515358217988909,0.29535316760282987,0.3234444947008604,75098.0,72947.3
республика татарстан,образование,0.02748090959858783,0.026517177477181658,0.026999043537884744,5870.7,6549.3
республика татарстан,"операции с недвижимым имуществом, аренда и предоставление услуг",0.12362219799530307,0.09301438599289912,0.10831829199410109,26409.2,22973.0
республика татарстан,"оптовая и розничная торговля; ремонт автотранспортных средств, мотоциклов, бытовых изделий и предметов личного пользования",0.02285699038938193,0.019951146494520077,0.021404068441951002,4882.9,4927.6
республика татарстан,"предоставление прочих коммунальных, социальных и персональных услуг",0.035251415659816605,0.052754174067639395,0.044002794863728004,7530.7,13029.4
республика татарстан,"производство и распределение электроэнергии, газа и воды",0.04585394350842094,0.046978884807191416,0.046416414157806174,9795.7,11603.0
республика татарстан,"рыболов-ство, рыбоводство",9.83015827022918e-06,7.287942140217578e-06,8.559050205223378e-06,2.1,1.8
республика татарстан,"сельское хозяйство, охота и лесное хозяйство",0.07587477876292607,0.06043930905449883,0.06815704390871245,16209.0,14927.5
республика татарстан,строи-тельство,0.01576570145434851,0.027426145816336574,0.021595923635342542,3368.0,6773.8
республика татарстан,транспорт и связь,0.15759803359386376,0.22456295628084977,0.19108049493735677,33667.4,55463.3
республика татарстан,финансовая деятельность,0.0061358911717220984,0.009775964609752967,0.007955927890737532,1310.8,2414.5
республика тыва,гостиницы и рестораны,0.0005439675870348139,0.00045937033452004,0.0005016689607774269,2.9,2.8
республика тыва,государственное управление и обеспечение военной безопасности; социальное страхование,0.15461809723889555,0.08271947238035864,0.11866878480962709,824.3,504.2
республика тыва,добыча полезных ископаемых,0.2602415966386555,0.42091447508736235,0.34057803586300894,1387.4,2565.6
республика тыва,здравоохранение и предоставление социальных услуг,0.03753376350540216,0.04777451479008416,0.04265413914774316,200.1,291.2
республика тыва,из них связь,0.10954381752701081,0.07730546486637245,0.09342464119669164,584.0,471.2
республика тыва,обрабатывающие производства,0.01600015006002401,0.036897281511984646,0.02644871578600433,85.3,224.9
республика тыва,образование,0.048488145258103243,0.07802733253490395,0.0632577388965036,258.5,475.6
республика тыва,"операции с недвижимым имуществом, аренда и предоставление услуг",0.06313775510204082,0.036749626761603205,0.049943690931822014,336.6,224.0
республика тыва,"оптовая и розничная торговля; ремонт автотранспортных средств, мотоциклов, бытовых изделий и предметов личного пользования",0.0007878151260504202,0.00013124866700572573,0.000459531896528073,4.2,0.8
республика тыва,"предоставление прочих коммунальных, социальных и персональных услуг",0.06090561224489796,0.03341919183633291,0.047162402040615434,324.7,203.7
республика тыва,"производство и распределение электроэнергии, газа и воды",0.032563025210084036,0.014978754122028447,0.02377088966605624,173.6,91.3
республика тыва,"сельское хозяйство, охота и лесное хозяйство",0.02650435174069628,0.03172936524863419,0.029116858494665235,141.3,193.4
республика тыва,строи-тельство,0.04441776710684274,0.11569569996554722,0.08005673353619498,236.8,705.2
республика тыва,транспорт и связь,0.25060024009603843,0.09815759683690711,0.17437891846647277,1336.0,598.3
республика тыва,финансовая деятельность,0.0036952280912364945,0.002329663839351631,0.003012445965294063,19.7,14.2
республика хакасия,гостиницы и рестораны,0.0070447876875380615,0.0006660109020861511,0.0038553992948121064,101.8,19.5
республика хакасия,государственное управление и обеспечение военной безопасности; социальное страхование,0.0423240879145214,0.031968523300135256,0.03714630560732833,611.6,936.0
республика хакасия,добыча полезных ископаемых,0.13625228367380834,0.06989357487328716,0.10307292927354775,1968.9,2046.4
республика хакасия,здравоохранение и предоставление социальных услуг,0.02505120965509605,0.02365192562536716,0.02435156764023161,362.0,692.5
республика хакасия,из них связь,0.06109865470852018,0.043403418172875935,0.05225103644069806,882.9,1270.8
республика хакасия,обрабатывающие производства,0.050005536178929305,0.04671298004016558,0.04835925810954744,722.6,1367.7
республика хакасия,образование,0.02169490117920611,0.019894941049496566,0.02079492111435134,313.5,582.5
республика хакасия,"операции с недвижимым имуществом, аренда и предоставление услуг",0.06174915573271328,0.050104512480019674,0.05592683410636648,892.3,1467.0
республика хакасия,"оптовая и розничная торговля; ремонт автотранспортных средств, мотоциклов, бытовых изделий и предметов личного пользования",0.0005466976692686708,0.0006557645805155949,0.0006012311248921329,7.9,19.2
республика хакасия,"предоставление прочих коммунальных, социальных и персональных услуг",0.03449731495321929,0.02214913179501892,0.028323223374119105,498.5,648.5
республика хакасия,"производство и распределение электроэнергии, газа и воды",0.49213170569672815,0.6003012418541743,0.5462164737754512,7111.5,17576.1
республика хакасия,"сельское хозяйство, охота и лесное хозяйство",0.026483695953053204,0.017060125414976025,0.021771910684014614,382.7,499.5
республика хакасия,строи-тельство,0.008096661684105631,0.00829610503162698,0.008196383357866306,117.0,242.9
республика хакасия,транспорт и связь,0.09399739799590323,0.1054892960093993,0.09974334700265126,1358.3,3088.6
республика хакасия,финансовая деятельность,0.00013148424957094612,0.003159282484254819,0.0016453833669128827,1.9,92.5
российская федерация,гостиницы и рестораны,0.004968665759229138,0.005026464764662387,0.004997565261945763,45470.3,54169.4
российская федерация,государственное управление и обеспечение военной безопасности; социальное страхование,0.015412094124725363,0.015471401645827733,0.015441747885276549,141042.4,166732.8
российская федерация,добыча полезных ископаемых,0.15130673025759253,0.1459727517309877,0.14863974099429011,1384670.0,1573124.8
российская федерация,здравоохранение и предоставление социальных услуг,0.02304996590416308,0.019886156410599334,0.02146806115738121,210939.7,214309.9
российская федерация,из них связь,0.022994324208273687,0.029212741209534855,0.02610353270890427,210430.5,314821.0
российская федерация,обрабатывающие производства,0.14178290876581268,0.12847923575213202,0.13513107225897236,1297513.6,1384600.0
российская федерация,образование,0.018950226306644204,0.01833362319879577,0.018641924752719988,173421.3,197578.5
российская федерация,"операции с недвижимым имуществом, аренда и предоставление услуг",0.1326614296233351,0.15170219630363405,0.1421818129634846,1214039.2,1634870.1
российская федерация,"оптовая и розничная торговля; ремонт автотранспортных средств, мотоциклов, бытовых изделий и предметов личного пользования",0.03289594538459399,0.031735596079766885,0.032315770732180435,301044.3,342009.4
российская федерация,"предоставление прочих коммунальных, социальных и персональных услуг",0.027400803406207163,0.02851649807099739,0.027958650738602278,250756.0,307317.7
российская федерация,"производство и распределение электроэнергии, газа и воды",0.09872682467910274,0.0942443538660368,0.09648558927256977,903489.7,1015656.2
российская федерация,"рыболов-ство, рыбоводство",0.0005170678334230554,0.0007234774702529417,0.0006202726518379986,4731.9,7796.8
российская федерация,"сельское хозяйство, охота и лесное хозяйство",0.03344748877782283,0.035257779259515135,0.03435263401866898,306091.7,379967.4
российская федерация,строи-тельство,0.03937170122572908,0.031271953620313535,0.03532182742302131,360306.6,337012.8
российская федерация,транспорт и связь,0.2667129072616729,0.2772249899221374,0.2719689485919051,2440799.3,2987609.0
российская федерация,финансовая деятельность,0.012780401447405294,0.016153076504708194,0.014466738976056744,116958.7,174079.1
ростовская область,гостиницы и рестораны,0.0006407303019733002,0.004160709703434877,0.0024007200027040885,68.7,454.0
ростовская область,государственное управление и обеспечение военной безопасности; социальное страхование,0.020394249655385957,0.025349169690971077,0.022871709673178517,2186.7,2766.0
ростовская область,добыча полезных ископаемых,0.009431885798917008,0.012965101360020529,0.011198493579468768,1011.3,1414.7
ростовская область,здравоохранение и предоставление социальных услуг,0.022473125700653043,0.03224550020162029,0.027359312951136666,2409.6,3518.5
ростовская область,из них связь,0.03540897619318532,0.05865867517137725,0.04703382568228129,3796.6,6400.6
ростовская область,обрабатывающие производства,0.1609380217008918,0.16264434180138568,0.16179118175113874,17256.0,17747.1
ростовская область,образование,0.01832470010650859,0.022092085487004656,0.020208392796756625,1964.8,2410.6
ростовская область,"операции с недвижимым имуществом, аренда и предоставление услуг",0.1434405818241508,0.1030307196011584,0.12323565071265459,15379.9,11242.3
ростовская область,"оптовая и розничная торговля; ремонт автотранспортных средств, мотоциклов, бытовых изделий и предметов личного пользования",0.029466132693660038,0.0329007661571172,0.03118344942538862,3159.4,3590.0
ростовская область,"предоставление прочих коммунальных, социальных и персональных услуг",0.019304914877067453,0.02460225814729279,0.021953586512180122,2069.9,2684.5
ростовская область,"производство и распределение электроэнергии, газа и воды",0.27579475738984943,0.27046629275266687,0.2731305250712581,29571.1,29512.2
ростовская область,"рыболов-ство, рыбоводство",0.00013989744584569873,0.0013050331757029218,0.0007224653107743102,15.0,142.4
ростовская область,"сельское хозяйство, охота и лесное хозяйство",0.07441051879568818,0.07556545327907914,0.07498798603738366,7978.4,8245.4
ростовская область,строи-тельство,0.012608490469253341,0.021546794237325414,0.017077642353289377,1351.9,2351.1
ростовская область,транспорт и связь,0.2000365598658477,0.19846401994207996,0.19925028990396382,21448.2,21655.6
ростовская область,финансовая деятельность,0.01259543337430774,0.012661754463140143,0.012628593918723941,1350.5,1381.6
рязанская область,гостиницы и рестораны,0.0006895259244067425,0.0018130261362717401,0.0012512760303392413,19.5,69.5
рязанская область,государственное управление и обеспечение военной безопасности; социальное страхование,0.04960343419270658,0.06496372643392108,0.057283580313313834,1402.8,2490.3
рязанская область,добыча полезных ископаемых,0.004324565156663826,0.010567725004369526,0.007446145080516676,122.3,405.1
рязанская область,здравоохранение и предоставление социальных услуг,0.07847158622786886,0.04731606915064291,0.06289382768925589,2219.2,1813.8
рязанская область,из них связь,0.03343316725777308,0.042857850924904205,0.03814550909133864,945.5,1642.9
рязанская область,обрабатывающие производства,0.39702902727340234,0.3627356607893316,0.379882344031367,11228.1,13905.0
рязанская область,образование,0.036626202692333534,0.04378132035258794,0.04020376152246073,1035.8,1678.3
рязанская область,"операции с недвижимым имуществом, аренда и предоставление услуг",0.04252076533841579,0.0250484560582464,0.033784610698331094,1202.5,960.2
рязанская область,"оптовая и розничная торговля; ремонт автотранспортных средств, мотоциклов, бытовых изделий и предметов личного пользования",0.024002574230117785,0.024166725361757412,0.0240846497959376,678.8,926.4
рязанская область,"предоставление прочих коммунальных, социальных и персональных услуг",0.017220467958260696,0.019656333722025267,0.018438400840142984,487.0,753.5
рязанская область,"производство и распределение электроэнергии, газа и воды",0.08741774309324865,0.07624883588070028,0.08183328948697446,2472.2,2922.9
рязанская область,"рыболов-ство, рыбоводство",0.000272274339381124,0.0001982589731750392,0.0002352666562780816,7.7,7.6
рязанская область,"сельское хозяйство, охота и лесное хозяйство",0.08745663942744597,0.11191979902800932,0.09968821922772764,2473.3,4290.3
рязанская область,строи-тельство,0.058535446936560084,0.10868765603111623,0.08361155148383816,1655.4,4166.4
рязанская область,транспорт и связь,0.10625417693588823,0.09428779376892918,0.1002709853524087,3004.9,3614.4
рязанская область,финансовая деятельность,0.00957557027329979,0.008606004638216504,0.009090787455758146,270.8,329.9
самарская область,гостиницы и рестораны,0.0012213616626363304,0.001815838319487535,0.0015185999910619326,129.5,243.3
самарская область,государственное управление и обеспечение военной безопасности; социальное страхование,0.018603365865252214,0.017032906751888417,0.017818136308570313,1972.5,2282.2
самарская область,добыча полезных ископаемых,0.11671784753633906,0.1098891913212929,0.11330351942881597,12375.5,14723.8
самарская область,здравоохранение и предоставление социальных услуг,0.02205524515888076,0.022990916330379578,0.02252308074463017,2338.5,3080.5
самарская область,из них связь,0.05471605934968858,0.06463578373238736,0.05967592154103797,5801.5,8660.4
самарская область,обрабатывающие производства,0.27315871476913905,0.30614451923572084,0.2896516170024299,28962.8,41019.6
самарская область,образование,0.012970012034420707,0.016567938698850714,0.014768975366635712,1375.2,2219.9
самарская область,"операции с недвижимым имуществом, аренда и предоставление услуг",0.048172578874498724,0.041070187785893775,0.044621383330196246,5107.7,5502.9
самарская область,"оптовая и розничная торговля; ремонт автотранспортных средств, мотоциклов, бытовых изделий и предметов личного пользования",0.021913774696027132,0.024242523754046078,0.023078149225036607,2323.5,3248.2
самарская область,"предоставление прочих коммунальных, социальных и персональных услуг",0.01894478124893897,0.01782700949415506,0.018385895371547015,2008.7,2388.6
самарская область,"производство и распределение электроэнергии, газа и воды",0.18914883824455905,0.1610244820979836,0.17508666017127134,20055.3,21575.3
самарская область,"сельское хозяйство, охота и лесное хозяйство",0.018447748356113222,0.01273027300267114,0.015589010679392182,1956.0,1705.7
самарская область,строи-тельство,0.0251675953416606,0.02057427659404557,0.022870935967853084,2668.5,2756.7
самарская область,транспорт и связь,0.22177381325144394,0.23290794602788165,0.2273408796396628,23514.5,31206.8
самарская область,финансовая деятельность,0.01170432296009024,0.015181244248539229,0.013442783604314733,1241.0,2034.1
санкт-петербург,гостиницы и рестораны,0.005885332966520501,0.006751126642784675,0.0063182298046525875,1754.2,1817.3
санкт-петербург,государственное управление и обеспечение военной безопасности; социальное страхование,0.005899088447744269,0.009776558623131254,0.00783782353543776,1758.3,2631.7
санкт-петербург,добыча полезных ископаемых,0.00017445976186242505,0.00012556434299572003,0.00015001205242907254,52.0,33.8
санкт-петербург,здравоохранение и предоставление социальных услуг,0.04497941710309566,0.025582806155030356,0.03528111162906301,13406.7,6886.5
санкт-петербург,из них связь,0.05168169145449116,0.06583769434146888,0.058759692897980026,15404.4,17722.5
санкт-петербург,обрабатывающие производства,0.14828811358672495,0.15229023046257828,0.1502891720246516,44199.2,40994.2
санкт-петербург,образование,0.028535242549393918,0.03178783935342536,0.03016154095140964,8505.3,8556.8
санкт-петербург,"операции с недвижимым имуществом, аренда и предоставление услуг",0.16729751763888842,0.16400634954364046,0.16565193359126446,49865.2,44148.0
санкт-петербург,"оптовая и розничная торговля; ремонт автотранспортных средств, мотоциклов, бытовых изделий и предметов личного пользования",0.027748160623760752,0.04249089937132385,0.0351195299975423,8270.7,11437.9
санкт-петербург,"предоставление прочих коммунальных, социальных и персональных услуг",0.048956764174016905,0.048029847164419076,0.04849330566921799,14592.2,12928.9
санкт-петербург,"производство и распределение электроэнергии, газа и воды",0.13323492013433402,0.13774111232919256,0.1354880162317633,39712.4,37077.8
санкт-петербург,"сельское хозяйство, охота и лесное хозяйство",0.0027786072072011623,0.0016639132907628107,0.0022212602489819866,828.2,447.9
санкт-петербург,строи-тельство,0.20841265101673137,0.14719075786996808,0.17780170444334972,62120.1,39621.5
санкт-петербург,транспорт и связь,0.16624203607962074,0.22106754210027538,0.19365478908994804,49550.6,59508.0
санкт-петербург,финансовая деятельность,0.011568359709188996,0.011495452750472073,0.011531906229830535,3448.1,3094.4
саратовская область,гостиницы и рестораны,0.002009656743947834,0.0018790866668053447,0.0019443717053765895,108.3,135.5
саратовская область,государственное управление и обеспечение военной безопасности; социальное страхование,0.015874989330077305,0.007869975523336037,0.01187248242670667,855.5,567.5
саратовская область,добыча полезных ископаемых,0.07353154029148373,0.027910330816327943,0.05072093555390584,3962.6,2012.6
саратовская область,здравоохранение и предоставление социальных услуг,0.027125726946472244,0.016491585713394215,0.02180865632993323,1461.8,1189.2
саратовская область,из них связь,0.036916076882823834,0.04722540025932783,0.042070738571075836,1989.4,3405.4
саратовская область,обрабатывающие производства,0.2575144090347338,0.2661105679556785,0.26181248849520616,13877.4,19189.1
саратовская область,образование,0.030916796870650843,0.026089488902294428,0.028503142886472634,1666.1,1881.3
саратовская область,"операции с недвижимым имуществом, аренда и предоставление услуг",0.08817995242142297,0.07056213120323951,0.07937104181233123,4752.0,5088.2
саратовская область,"оптовая и розничная торговля; ремонт автотранспортных средств, мотоциклов, бытовых изделий и предметов личного пользования",0.027652728345623847,0.013568253836179699,0.020610491090901774,1490.2,978.4
саратовская область,"предоставление прочих коммунальных, социальных и персональных услуг",0.017893924267672175,0.014888468232341091,0.016391196250006634,964.3,1073.6
саратовская область,"производство и распределение электроэнергии, газа и воды",0.12940296679520058,0.16669232209348284,0.1480476444443417,6973.5,12020.1
саратовская область,"рыболов-ство, рыбоводство",2.226766475288459e-05,1.3867798279006233e-05,1.806773151594541e-05,1.2,1.0
саратовская область,"сельское хозяйство, охота и лесное хозяйство",0.04288009975913809,0.03868144973963209,0.04078077474938509,2310.8,2789.3
саратовская область,строи-тельство,0.0074355443887340455,0.00471782497451792,0.006076684681625983,400.7,340.2
саратовская область,транспорт и связь,0.270307182435266,0.3355591149571138,0.3029331486961899,14566.8,24197.0
саратовская область,финансовая деятельность,0.009254070343552953,0.008966918367205432,0.009110494355379192,498.7,646.6
сахалинская область,гостиницы и рестораны,6.20282236688123e-05,0.00019651334272164451,0.0001292707831952284,7.5,33.1
сахалинская область,государственное управление и обеспечение военной безопасности; социальное страхование,0.005575096743352849,0.006453474427142827,0.0060142855852478375,674.1,1087.0
сахалинская область,добыча полезных ископаемых,0.6743534798247,0.6955491805809196,0.6849513302028098,81537.9,117155.8
сахалинская область,здравоохранение и предоставление социальных услуг,0.003540571007015806,0.0035419897361852904,0.003541280371600548,428.1,596.6
сахалинская область,из них связь,0.006861975623735142,0.008749296470359139,0.00780563604704714,829.7,1473.7
сахалинская область,обрабатывающие производства,0.006277256235283804,0.0035354590812912176,0.0049063576582875105,759.0,595.5
сахалинская область,образование,0.004606629411137126,0.0009795982341109168,0.0027931138226240217,557.0,165.0
сахалинская область,"операции с недвижимым имуществом, аренда и предоставление услуг",0.037057314905712964,0.016872243766786754,0.02696477933624986,4480.7,2841.9
сахалинская область,"оптовая и розничная торговля; ремонт автотранспортных средств, мотоциклов, бытовых изделий и предметов личного пользования",0.003701844388554718,0.0011007121976009937,0.002401278293077856,447.6,185.4
сахалинская область,"предоставление прочих коммунальных, социальных и персональных услуг",0.0010213980830797757,0.0016855026585702378,0.0013534503708250067,123.5,283.9
сахалинская область,"производство и распределение электроэнергии, газа и воды",0.01522420721727329,0.013476303221868909,0.0143502552195711,1840.8,2269.9
сахалинская область,"рыболов-ство, рыбоводство",0.0030435181746830565,0.008605622062689538,0.005824570118686297,368.0,1449.5
сахалинская область,"сельское хозяйство, охота и лесное хозяйство",0.0024778207748234887,0.002526769748106704,0.0025022952614650964,299.6,425.6
сахалинская область,строи-тельство,0.010562992969307608,0.006350171340636584,0.008456582154972097,1277.2,1069.6
сахалинская область,транспорт и связь,0.2318267642687658,0.23710492506370356,0.23446584466623469,28030.8,39937.1
сахалинская область,финансовая деятельность,0.000669077772640922,0.0020215345376652554,0.0013453061551530886,80.9,340.5
свердловская область,гостиницы и рестораны,0.0018281466429813241,0.0006449031450303526,0.0012365248940058382,289.7,167.3
свердловская область,государственное управление и обеспечение военной безопасности; социальное страхование,0.015403255577677301,0.013318618388489963,0.014360936983083633,2440.9,3455.1
свердловская область,добыча полезных ископаемых,0.023312182701075622,0.02218227823118448,0.02274723046613005,3694.2,5754.5
свердловская область,здравоохранение и предоставление социальных услуг,0.020329848895507884,0.009493529381833546,0.014911689138670716,3221.6,2462.8
свердловская область,из них связь,0.047643508249377624,0.056134327966978495,0.051888918108178056,7549.9,14562.3
свердловская область,обрабатывающие производства,0.27876743665064857,0.20674137726332864,0.2427544069569886,44175.3,53632.6
свердловская область,образование,0.021917566173292147,0.02039829033208079,0.02115792825268647,3473.2,5291.7
свердловская область,"операции с недвижимым имуществом, аренда и предоставление услуг",0.15747303057744066,0.11902683999771797,0.1382499352875793,24954.2,30877.8
свердловская область,"оптовая и розничная торговля; ремонт автотранспортных средств, мотоциклов, бытовых изделий и предметов личного пользования",0.02516620232036424,0.023994791433774268,0.024580496877069254,3988.0,6224.7
свердловская область,"предоставление прочих коммунальных, социальных и персональных услуг",0.02242303578358833,0.012347987115814276,0.017385511449701303,3553.3,3203.3
свердловская область,"производство и распределение электроэнергии, газа и воды",0.2148826408105183,0.200619615848967,0.20775112832974266,34051.7,52044.5
свердловская область,"рыболов-ство, рыбоводство",2.9028217320380015e-05,1.1564312224094784e-06,1.5092324271394747e-05,4.6,0.3
свердловская область,"сельское хозяйство, охота и лесное хозяйство",0.018944698090763663,0.019183266594402566,0.019063982342583115,3002.1,4976.5
свердловская область,строи-тельство,0.010493700561317376,0.012781648824217829,0.011637674692767603,1662.9,3315.8
свердловская область,транспорт и связь,0.16444989950557373,0.31924864350617616,0.24184927150587493,26059.8,82819.1
свердловская область,финансовая деятельность,0.02457932749193047,0.020016668028685663,0.022297997760308066,3895.0,5192.7
северо-западный федеральный округ,гостиницы и рестораны,0.0031295123773169495,0.002813874801925065,0.0029716935896210075,2801.9,3155.0
северо-западный федеральный округ,государственное управление и обеспечение военной безопасности; социальное страхование,0.013795476721494285,0.027630110047923276,0.02071279338470878,12351.3,30979.7
северо-западный федеральный округ,добыча полезных ископаемых,0.08956745065871774,0.08939604436093693,0.08948174750982733,80191.1,100233.5
северо-западный федеральный округ,здравоохранение и предоставление социальных услуг,0.02359939829012174,0.016703713788530576,0.020151556039326158,21128.9,18728.7
северо-западный федеральный округ,из них связь,0.033666579099740516,0.029209179885263475,0.031437879492502,30142.2,32750.2
северо-западный федеральный округ,обрабатывающие производства,0.14814279931805024,0.16117955134438555,0.1546611753312179,132634.5,180719.3
северо-западный федеральный округ,образование,0.015239214077902397,0.014123600186473833,0.014681407132188115,13643.9,15835.8
северо-западный федеральный округ,"операции с недвижимым имуществом, аренда и предоставление услуг",0.08460193683744004,0.06702828153767244,0.07581510918755624,75745.4,75154.1
северо-западный федеральный округ,"оптовая и розничная торговля; ремонт автотранспортных средств, мотоциклов, бытовых изделий и предметов личного пользования",0.016672899108604436,0.015772860815228138,0.016222879961916285,14927.5,17685.0
северо-западный федеральный округ,"предоставление прочих коммунальных, социальных и персональных услуг",0.02570022267018364,0.020332764999000653,0.023016493834592144,23009.8,22797.7
северо-западный федеральный округ,"производство и распределение электроэнергии, газа и воды",0.12149140325105617,0.10578983057619683,0.11364061691362651,108773.1,118614.7
северо-западный федеральный округ,"рыболов-ство, рыбоводство",0.0011161432308979006,0.002562097668301152,0.0018391204495995263,999.3,2872.7
северо-западный федеральный округ,"сельское хозяйство, охота и лесное хозяйство",0.02301390616399677,0.018843774830438403,0.020928840497217587,20604.7,21128.2
северо-западный федеральный округ,строи-тельство,0.07510595151294204,0.042819325959702996,0.058962638736322515,67243.5,48010.3
северо-западный федеральный округ,транспорт и связь,0.35225303892975346,0.4096774282736178,0.38096523360168566,315377.5,459342.5
северо-западный федеральный округ,финансовая деятельность,0.00657053515901439,0.005326740809666387,0.005948637984340388,5882.7,5972.5
северо-кавказский федеральный округ,гостиницы и рестораны,0.002724376406199012,0.0024965262692575145,0.0026104513377282635,380.7,394.2
северо-кавказский федеральный округ,государственное управление и обеспечение военной безопасности; социальное страхование,0.05044640556926371,0.09984775116308232,0.07514707836617301,7049.3,15765.9
северо-кавказский федеральный округ,добыча полезных ископаемых,0.01805731280736004,0.01600132742746331,0.017029320117411675,2523.3,2526.6
северо-кавказский федеральный округ,здравоохранение и предоставление социальных услуг,0.0669851665683878,0.07558990091159308,0.07128753373999044,9360.4,11935.6
северо-кавказский федеральный округ,из них связь,0.050532280318080075,0.06040554935610902,0.05546891483709455,7061.3,9538.0
северо-кавказский федеральный округ,обрабатывающие производства,0.14016404939515553,0.12583011715054016,0.13299708327284784,19586.3,19868.5
северо-кавказский федеральный округ,образование,0.04274701871497026,0.04975193065964786,0.046249474687309056,5973.4,7855.8
северо-кавказский федеральный округ,"операции с недвижимым имуществом, аренда и предоставление услуг",0.1140888975399747,0.10414732418235914,0.10911811086116692,15942.6,16444.8
северо-кавказский федеральный округ,"оптовая и розничная торговля; ремонт автотранспортных средств, мотоциклов, бытовых изделий и предметов личного пользования",0.017265833872435923,0.014383208549240845,0.015824521210838383,2412.7,2271.1
северо-кавказский федеральный округ,"предоставление прочих коммунальных, социальных и персональных услуг",0.03380173237993279,0.02594246716580304,0.029872099772867915,4723.4,4096.3
северо-кавказский федеральный округ,"производство и распределение электроэнергии, газа и воды",0.18806426866201417,0.15714435900326412,0.17260431383263913,26279.8,24813.0
северо-кавказский федеральный округ,"рыболов-ство, рыбоводство",0.0003885832383940277,8.866404812177881e-05,0.00023862364325790325,54.3,14.0
северо-кавказский федеральный округ,"сельское хозяйство, охота и лесное хозяйство",0.06053454168646557,0.07040622066961623,0.0654703811780409,8459.0,11117.1
северо-кавказский федеральный округ,строи-тельство,0.08918522038323039,0.06712945077688706,0.07815733558005872,12462.6,10599.7
северо-кавказский федеральный округ,транспорт и связь,0.16121481282167252,0.1799531853825917,0.17058399910213212,22527.9,28414.5
северо-кавказский федеральный округ,финансовая деятельность,0.014331779954543634,0.011287566640531883,0.012809673297537759,2002.7,1782.3
сибирский федеральный округ,гостиницы и рестораны,0.003264060927612143,0.004390850893812871,0.0038274559107125067,2282.8,4029.4
сибирский федеральный округ,государственное управление и обеспечение военной безопасности; социальное страхование,0.02368846320038686,0.019882619328788473,0.021785541264587666,16567.1,18245.9
сибирский федеральный округ,добыча полезных ископаемых,0.25847979522264336,0.2620936100991096,0.2602867026608765,180774.1,240518.3
сибирский федеральный округ,здравоохранение и предоставление социальных услуг,0.02722576840838567,0.03395973480542092,0.030592751606903296,19041.0,31164.2
сибирский федеральный округ,из них связь,0.04149166497706092,0.04725814822995662,0.044374906603508776,29018.2,43367.9
сибирский федеральный округ,обрабатывающие производства,0.16325309112060468,0.1722914795328093,0.167772285326707,114175.0,158108.6
сибирский федеральный округ,образование,0.0209520168173204,0.022675311211119247,0.021813664014219823,14653.3,20808.7
сибирский федеральный округ,"операции с недвижимым имуществом, аренда и предоставление услуг",0.097292264999195,0.08368017684578594,0.09048622092249047,68043.7,76791.7
сибирский федеральный округ,"оптовая и розничная торговля; ремонт автотранспортных средств, мотоциклов, бытовых изделий и предметов личного пользования",0.01931998635351433,0.018884124100218277,0.019102055226866303,13511.9,17329.6
сибирский федеральный округ,"предоставление прочих коммунальных, социальных и персональных услуг",0.016620430093074637,0.019031016119001716,0.017825723106038176,11623.9,17464.4
сибирский федеральный округ,"производство и распределение электроэнергии, газа и воды",0.12996990738291464,0.11925125607387056,0.1246105817283926,90897.6,109434.6
сибирский федеральный округ,"рыболов-ство, рыбоводство",3.345848331265294e-05,2.3646563854603488e-05,2.8552523583628212e-05,23.4,21.7
сибирский федеральный округ,"сельское хозяйство, охота и лесное хозяйство",0.030099051409102597,0.0353500873778674,0.032724569393485,21050.5,32440.1
сибирский федеральный округ,строи-тельство,0.02151623551455001,0.017446478400062592,0.019481356957306302,15047.9,16010.3
сибирский федеральный округ,транспорт и связь,0.17276430843459767,0.1755342189207599,0.1741492636776788,120826.9,161084.4
сибирский федеральный округ,финансовая деятельность,0.015521018647814003,0.015505389727518575,0.015513204187666288,10855.0,14229.0
смоленская область,гостиницы и рестораны,0.0030470713756125785,0.0021828575894776215,0.0026149644825451002,101.1,78.2
смоленская область,государственное управление и обеспечение военной безопасности; социальное страхование,0.01655243916405963,0.026347816863272724,0.021450128013666178,549.2,943.9
смоленская область,добыча полезных ископаемых,0.0002561830533403256,0.0005526928423485538,0.00040443794784443966,8.5,19.8
смоленская область,здравоохранение и предоставление социальных услуг,0.015337830099399024,0.09976105804391397,0.0575494440716565,508.9,3573.9
смоленская область,из них связь,0.03670952458453136,0.046984474355610394,0.04184699947007088,1218.0,1683.2
смоленская область,обрабатывающие производства,0.1057583922554356,0.11261814507349699,0.10918826866446629,3509.0,4034.5
смоленская область,образование,0.006585411429983664,0.03760544430363494,0.022095427866809302,218.5,1347.2
смоленская область,"операции с недвижимым имуществом, аренда и предоставление услуг",0.024922090212601795,0.024282197149444795,0.024602143681023293,826.9,869.9
смоленская область,"оптовая и розничная торговля; ремонт автотранспортных средств, мотоциклов, бытовых изделий и предметов личного пользования",0.01711302796313375,0.054875699938031416,0.035994363950582586,567.8,1965.9
смоленская область,"предоставление прочих коммунальных, социальных и персональных услуг",0.020313809170750523,0.04506958905333207,0.0326916991120413,674.0,1614.6
смоленская область,"производство и распределение электроэнергии, газа и воды",0.3144300379150919,0.2910597745683134,0.30274490624170264,10432.6,10427.1
смоленская область,"сельское хозяйство, охота и лесное хозяйство",0.06289746047246182,0.07503503179379532,0.06896624613312857,2086.9,2688.1
смоленская область,строи-тельство,0.008903114583144963,0.00800846345807071,0.008455789020607837,295.4,286.9
смоленская область,транспорт и связь,0.3920504891589359,0.2128565287539847,0.3024535089564603,13008.0,7625.5
смоленская область,финансовая деятельность,0.011832643146048451,0.009747491946874494,0.010790067546461474,392.6,349.2
ставропольский край,гостиницы и рестораны,0.005366030911718229,0.005233172254694108,0.005299601583206168,317.5,347.3
ставропольский край,государственное управление и обеспечение военной безопасности; социальное страхование,0.02417164538563594,0.12209580035289631,0.07313372286926613,1430.2,8102.9
ставропольский край,добыча полезных ископаемых,0.01833238970060083,0.013226831572618739,0.015779610636609785,1084.7,877.8
ставропольский край,здравоохранение и предоставление социальных услуг,0.044163701969798116,0.0495908240927837,0.04687726303129091,2613.1,3291.1
ставропольский край,из них связь,0.03909343654140294,0.06116015797459809,0.05012679725800051,2313.1,4058.9
ставропольский край,обрабатывающие производства,0.23444231305508845,0.22463162113821872,0.22953696709665358,13871.6,14907.7
ставропольский край,образование,0.020093461892730084,0.027723909102826634,0.02390868549777836,1188.9,1839.9
ставропольский край,"операции с недвижимым имуществом, аренда и предоставление услуг",0.061120359650827724,0.034255956820678335,0.04768815823575303,3616.4,2273.4
ставропольский край,"оптовая и розничная торговля; ремонт автотранспортных средств, мотоциклов, бытовых изделий и предметов личного пользования",0.02758224393046976,0.02212608735615557,0.024854165643312665,1632.0,1468.4
ставропольский край,"предоставление прочих коммунальных, социальных и персональных услуг",0.010754032973626168,0.009542666250785427,0.010148349612205797,636.3,633.3
ставропольский край,"производство и распределение электроэнергии, газа и воды",0.22724760641219569,0.1389435109718813,0.18309555869203847,13445.9,9221.0
ставропольский край,"рыболов-ство, рыбоводство",4.563238885555659e-05,6.027264330197648e-05,5.295251607876654e-05,2.7,4.0
ставропольский край,"сельское хозяйство, охота и лесное хозяйство",0.11597049105520674,0.12701254123025507,0.1214915161427309,6861.8,8429.2
ставропольский край,строи-тельство,0.03849514522085231,0.027078991819495486,0.0327870685201739,2277.7,1797.1
ставропольский край,транспорт и связь,0.15397044035255247,0.17615132049827392,0.1650608804254132,9110.2,11690.3
ставропольский край,финансовая деятельность,0.018246195188318107,0.02232950752729974,0.020287851357808924,1079.6,1481.9
тамбовская область,гостиницы и рестораны,0.0007245611671624509,0.0005591223080048761,0.0006418417375836634,19.9,17.2
тамбовская область,государственное управление и обеспечение военной безопасности; социальное страхование,0.022348524844437806,0.023031288094270623,0.022689906469354214,613.8,708.5
тамбовская область,добыча полезных ископаемых,0.0,,,0.0,
тамбовская область,здравоохранение и предоставление социальных услуг,0.027143736186914933,0.030774481917919545,0.02895910905241724,745.5,946.7
тамбовская область,из них связь,0.03123623242757119,0.04774319382364892,0.03948971312561006,857.9,1468.7
тамбовская область,обрабатывающие производства,0.1830408994753303,0.1025761885412434,0.14280854400828685,5027.2,3155.5
тамбовская область,образование,0.03438570684764918,0.030972775294595693,0.03267924107112244,944.4,952.8
тамбовская область,"операции с недвижимым имуществом, аренда и предоставление услуг",0.1692997243754756,0.05099065420560747,0.11014518929054154,4649.8,1568.6
тамбовская область,"оптовая и розничная торговля; ремонт автотранспортных средств, мотоциклов, бытовых изделий и предметов личного пользования",0.03649021114222153,0.06889882161722877,0.05269451637972515,1002.2,2119.5
тамбовская область,"предоставление прочих коммунальных, социальных и персональных услуг",0.0186310527254787,0.034138967899227955,0.026385010312353328,511.7,1050.2
тамбовская область,"производство и распределение электроэнергии, газа и воды",0.23742303813230706,0.25648110524177165,0.24695207168703937,6520.8,7890.0
тамбовская область,"сельское хозяйство, охота и лесное хозяйство",0.07846378468517999,0.14286225111743195,0.11066301790130598,2155.0,4394.8
тамбовская область,строи-тельство,0.0029200907339913852,0.004173913043478261,0.0035470018887348233,80.2,128.4
тамбовская область,транспорт и связь,0.17651984897086828,0.23697033726127592,0.2067450931160721,4848.1,7289.8
тамбовская область,финансовая деятельность,0.012612461723873014,0.017573344169036977,0.015092902946454996,346.4,540.6
тверская область,гостиницы и рестораны,0.0024648649363050485,0.0016809508025948197,0.002072907869449934,149.2,120.7
тверская область,государственное управление и обеспечение военной безопасности; социальное страхование,0.02582491198681,0.02377981354954975,0.024802362768179875,1563.2,1707.5
тверская область,добыча полезных ископаемых,0.00017346569591959122,0.0005208579951702259,0.0003471618455449085,10.5,37.4
тверская область,здравоохранение и предоставление социальных услуг,0.01990725367458166,0.006666703804491633,0.013286978739536647,1205.0,478.7
тверская область,из них связь,0.012943845024095213,0.03709093846355247,0.025017391743823843,783.5,2663.3
тверская область,обрабатывающие производства,0.09341375533407015,0.10102416836804326,0.0972189618510567,5654.4,7254.0
тверская область,образование,0.010175002106369164,0.006066463708453219,0.008120732907411192,615.9,435.6
тверская область,"операции с недвижимым имуществом, аренда и предоставление услуг",0.037889864151579286,0.04731451745431351,0.0426021908029464,2293.5,3397.4
тверская область,"оптовая и розничная торговля; ремонт автотранспортных средств, мотоциклов, бытовых изделий и предметов личного пользования",0.015347583953266691,0.05904357102469758,0.03719557748898213,929.0,4239.6
тверская область,"предоставление прочих коммунальных, социальных и персональных услуг",0.015228636047493256,0.01897510744436986,0.017101871745931557,921.8,1362.5
тверская область,"производство и распределение электроэнергии, газа и воды",0.526978871878237,0.4496299679964793,0.4883044199373582,31898.4,32285.5
тверская область,"рыболов-ство, рыбоводство",3.63451934307715e-05,4.874339526994092e-05,4.2544294350356214e-05,2.2,3.5
тверская область,"сельское хозяйство, охота и лесное хозяйство",0.04636820654643016,0.02799681357461778,0.03718251006052397,2806.7,2010.3
тверская область,строи-тельство,0.021377581954281053,0.015663341902886443,0.018520461928583747,1294.0,1124.7
тверская область,транспорт и связь,0.17956508019897344,0.23690125702253054,0.20823316861075197,10869.2,17010.6
тверская область,финансовая деятельность,0.005250228396499628,0.004687721956532033,0.00496897517651583,317.8,336.6
томская область,гостиницы и рестораны,0.002729907935149819,0.005402638976521663,0.004066273455835741,142.3,430.7
томская область,государственное управление и обеспечение военной безопасности; социальное страхование,0.01463560621030075,0.012873759882990906,0.013754683046645828,762.9,1026.3
томская область,добыча полезных ископаемых,0.42990006963855093,0.4177718849527661,0.42383597729565853,22409.1,33304.9
томская область,здравоохранение и предоставление социальных услуг,0.03081361999604806,0.012824838842804153,0.021819229419426107,1606.2,1022.4
томская область,из них связь,0.02352171552556003,0.0295771591426525,0.026549437334106266,1226.1,2357.9
томская область,обрабатывающие производства,0.12412544147580011,0.1684727729323648,0.14629910720408246,6470.2,13430.7
томская область,образование,0.02562238255928389,0.02251245918542705,0.02406742087235547,1335.6,1794.7
томская область,"операции с недвижимым имуществом, аренда и предоставление услуг",0.09251184143129283,0.1333424485356929,0.11292714498349288,4822.3,10630.1
томская область,"оптовая и розничная торговля; ремонт автотранспортных средств, мотоциклов, бытовых изделий и предметов личного пользования",0.016001519386566857,0.005075244322964164,0.010538381854765511,834.1,404.6
томская область,"предоставление прочих коммунальных, социальных и персональных услуг",0.007595014416906628,0.005104095192817889,0.006349554804862259,395.9,406.9
томская область,"производство и распределение электроэнергии, газа и воды",0.036465277604587315,0.027496133356246778,0.031980705480417045,1900.8,2192.0
томская область,"сельское хозяйство, охота и лесное хозяйство",0.019982235455039007,0.014351426173760007,0.017166830814399507,1041.6,1144.1
томская область,строи-тельство,0.0342418318583901,0.01921342493693576,0.026727628397662934,1784.9,1531.7
томская область,транспорт и связь,0.15942432131189055,0.14962562860400677,0.15452497495794865,8310.2,11928.2
томская область,финансовая деятельность,0.005952849137575465,0.005935752875992689,0.0059443010067840776,310.3,473.2
тульская область,гостиницы и рестораны,0.0002652316761334451,0.00023823416692273964,0.0002517329215280924,14.2,13.8
тульская область,государственное управление и обеспечение военной безопасности; социальное страхование,0.005829493388820299,0.013389450714875135,0.009609472051847718,312.1,775.6
тульская область,добыча полезных ископаемых,0.0017277415522777239,0.005410332457506275,0.0035690370048919997,92.5,313.4
тульская область,здравоохранение и предоставление социальных услуг,0.014994928845065477,0.02414278858271387,0.01956885871388967,802.8,1398.5
тульская область,из них связь,0.024672149366525897,0.03112235913973297,0.027897254253129434,1320.9,1802.8
тульская область,обрабатывающие производства,0.4324509087920565,0.34926337305053673,0.39085714092129664,23152.6,20231.5
тульская область,образование,0.005883660421270086,0.00702790792422082,0.0064557841727454525,315.0,407.1
тульская область,"операции с недвижимым имуществом, аренда и предоставление услуг",0.05247291181420335,0.04018216282096875,0.04632753731758605,2809.3,2327.6
тульская область,"оптовая и розничная торговля; ремонт автотранспортных средств, мотоциклов, бытовых изделий и предметов личного пользования",0.018848259463821092,0.01789345753734925,0.01837085850058517,1009.1,1036.5
тульская область,"предоставление прочих коммунальных, социальных и персональных услуг",0.013975094372045329,0.016210281358003807,0.015092687865024568,748.2,939.0
тульская область,"производство и распределение электроэнергии, газа и воды",0.1363141389029495,0.3494653541920582,0.24288974654750384,7298.0,20243.2
тульская область,"рыболов-ство, рыбоводство",,1.8989679972102435e-05,,,1.1
тульская область,"сельское хозяйство, охота и лесное хозяйство",0.03170826009888285,0.04823723979822602,0.03997274994855443,1697.6,2794.2
тульская область,строи-тельство,0.004475317577575595,0.008188004737061987,0.0063316611573187905,239.6,474.3
тульская область,транспорт и связь,0.2734519902648768,0.11162997054873271,0.19254098040680476,14640.1,6466.3
тульская область,финансовая деятельность,0.00760393065872715,0.008707631434480426,0.008155781046603788,407.1,504.4
тюменская область,гостиницы и рестораны,0.001278628181434139,0.00025270922751981575,0.0007656687044769774,1166.8,299.8
тюменская область,государственное управление и обеспечение военной безопасности; социальное страхование,0.006211779093640227,0.007890883560978154,0.007051331327309191,5668.5,9361.3
тюменская область,добыча полезных ископаемых,0.6423497915982906,0.6199867711186902,0.6311682813584905,586170.2,735517.4
тюменская область,здравоохранение и предоставление социальных услуг,0.010496739596763104,0.008604251870684693,0.009550495733723898,9578.7,10207.6
тюменская область,из них связь,0.0053978974083889976,0.007583384140700541,0.006490640774544769,4925.8,8996.5
тюменская область,обрабатывающие производства,0.02495034466963384,0.025811406930386197,0.02538087580001002,22768.2,30621.2
тюменская область,образование,0.012100065695714327,0.011769523452604841,0.011934794574159583,11041.8,13962.7
тюменская область,"операции с недвижимым имуществом, аренда и предоставление услуг",0.037138077707236004,0.04767100798866298,0.04240454284794949,33890.0,56554.2
тюменская область,"оптовая и розничная торговля; ремонт автотранспортных средств, мотоциклов, бытовых изделий и предметов личного пользования",0.00273116645233828,0.0027309117922571682,0.0027310391222977242,2492.3,3239.8
тюменская область,"предоставление прочих коммунальных, социальных и персональных услуг",0.018650240729041614,0.013852646581256343,0.016251443655148978,17019.1,16434.0
тюменская область,"производство и распределение электроэнергии, газа и воды",0.04196690448259557,0.06517023692206568,0.05356857070233062,38296.5,77314.3
тюменская область,"рыболов-ство, рыбоводство",9.687241278606265e-05,4.509654326988039e-05,7.098447802797152e-05,88.4,53.5
тюменская область,"сельское хозяйство, охота и лесное хозяйство",0.005622873724508666,0.004433875275773792,0.005028374500141229,5131.1,5260.1
тюменская область,строи-тельство,0.024925249893018447,0.02269485647371837,0.02381005318336841,22745.3,26923.9
тюменская область,транспорт и связь,0.166117777786301,0.14994052735307653,0.15802915256968875,151589.2,177881.0
тюменская область,финансовая деятельность,0.00536348797669802,0.01914537920165969,0.012254433589178855,4894.4,22713.0
удмуртская республика,гостиницы и рестораны,0.001580479791127311,0.004975756845847439,0.0032781183184873754,43.1,223.1
удмуртская республика,государственное управление и обеспечение военной безопасности; социальное страхование,0.015493102360818769,0.016289972210699104,0.015891537285758935,422.5,730.4
удмуртская республика,добыча полезных ископаемых,0.21910363693702284,0.15722588731728424,0.18816476212715355,5975.0,7049.6
удмуртская республика,здравоохранение и предоставление социальных услуг,0.03226965698821424,0.011684442006003916,0.021977049497109078,880.0,523.9
удмуртская республика,из них связь,0.034436857815490905,0.030220307154295297,0.0323285824848931,939.1,1355.0
удмуртская республика,обрабатывающие производства,0.23432538081862253,0.23536824169108822,0.23484681125485538,6390.1,10553.3
удмуртская республика,образование,0.03186995328233749,0.032452818406062796,0.03216138584420014,869.1,1455.1
удмуртская республика,"операции с недвижимым имуществом, аренда и предоставление услуг",0.04819913311966909,0.0828772408748054,0.06553818699723725,1314.4,3716.0
удмуртская республика,"оптовая и розничная торговля; ремонт автотранспортных средств, мотоциклов, бытовых изделий и предметов личного пользования",0.017935328673790437,0.03705834861075798,0.02749683864227421,489.1,1661.6
удмуртская республика,"предоставление прочих коммунальных, социальных и персональных услуг",0.07238670783492604,0.16030367505698367,0.11634519144595486,1974.0,7187.6
удмуртская республика,"производство и распределение электроэнергии, газа и воды",0.09239022816114292,0.04493793128058273,0.06866407972086283,2519.5,2014.9
удмуртская республика,"рыболов-ство, рыбоводство",7.700713599460217e-05,0.00010928376756903835,9.314545178182025e-05,2.1,4.9
удмуртская республика,"сельское хозяйство, охота и лесное хозяйство",0.09569053398948302,0.07158309803869091,0.08363681601408696,2609.5,3209.6
удмуртская республика,строи-тельство,0.018210354159485447,0.026950715251107336,0.02258053470529639,496.6,1208.4
удмуртская республика,транспорт и связь,0.10442534341515647,0.10673232613844692,0.10557883477680169,2847.7,4785.6
удмуртская республика,финансовая деятельность,0.01603948632573285,0.011448032223099465,0.013743759274416158,437.4,513.3
ульяновская область,гостиницы и рестораны,0.011299862917212598,0.0009418939138944908,0.0061208784155535444,298.4,33.3
ульяновская область,государственное управление и обеспечение военной безопасности; социальное страхование,0.024466626778857442,0.023895254608350326,0.024180940693603884,646.1,844.8
ульяновская область,добыча полезных ископаемых,0.022796640335663487,0.0438079667819756,0.033302303558819545,602.0,1548.8
ульяновская область,здравоохранение и предоставление социальных услуг,0.035588509281489274,0.019825028355815275,0.027706768818652274,939.8,700.9
ульяновская область,из них связь,0.07718669766807788,0.05187770653074732,0.0645322020994126,2038.3,1834.1
ульяновская область,обрабатывающие производства,0.37008565780803865,0.28545325462532134,0.32776945621667997,9773.0,10092.0
ульяновская область,образование,0.0379855646523323,0.06135321587473093,0.049669390263531614,1003.1,2169.1
ульяновская область,"операции с недвижимым имуществом, аренда и предоставление услуг",0.11229806796579746,0.13250439126216612,0.12240122961398178,2965.5,4684.6
ульяновская область,"оптовая и розничная торговля; ремонт автотранспортных средств, мотоциклов, бытовых изделий и предметов личного пользования",0.01801389004597196,0.015565291916400548,0.016789590981186254,475.7,550.3
ульяновская область,"предоставление прочих коммунальных, социальных и персональных услуг",0.020899444852579198,0.007702033416020116,0.014300739134299658,551.9,272.3
ульяновская область,"производство и распределение электроэнергии, газа и воды",0.08747926717511,0.05456196275983402,0.071020614967472,2310.1,1929.0
ульяновская область,"сельское хозяйство, охота и лесное хозяйство",0.028185281398395903,0.04928396262972255,0.03873462201405923,744.3,1742.4
ульяновская область,строи-тельство,0.00904670660496679,0.008052768687260107,0.00854973764611345,238.9,284.7
ульяновская область,транспорт и связь,0.20725629937063098,0.28500352149526365,0.2461299104329473,5473.1,10076.1
ульяновская область,финансовая деятельность,0.014586820360959428,0.012052282183496774,0.0133195512722281,385.2,426.1
уральский федеральный округ,гостиницы и рестораны,0.0012618461520209213,0.00030943581990847764,0.0007856409859646994,1510.3,495.7
уральский федеральный округ,государственное управление и обеспечение военной безопасности; социальное страхование,0.008863335035234022,0.009648754450597857,0.009256044742915939,10608.5,15456.8
уральский федеральный округ,добыча полезных ископаемых,0.4962465862771327,0.4657791886713905,0.48101288747426163,593956.1,746153.9
уральский федеральный округ,здравоохранение и предоставление социальных услуг,0.015197881254787899,0.010477245917578957,0.012837563586183428,18190.3,16784.0
уральский федеральный округ,из них связь,0.013908380260926357,0.019482720940265402,0.01669555060059588,16646.9,31210.3
уральский федеральный округ,обрабатывающие производства,0.10490542587161418,0.0936473144535243,0.09927637016256924,125561.0,150018.1
уральский федеральный округ,образование,0.013557807099708068,0.013336764989269001,0.013447286044488534,16227.3,21364.8
уральский федеральный округ,"операции с недвижимым имуществом, аренда и предоставление услуг",0.054181600072387176,0.06241689413455883,0.058299247103473006,64849.8,99988.6
уральский федеральный округ,"оптовая и розничная торговля; ремонт автотранспортных средств, мотоциклов, бытовых изделий и предметов личного пользования",0.006600567417199022,0.007836335730560992,0.007218451573880007,7900.2,12553.4
уральский федеральный округ,"предоставление прочих коммунальных, социальных и персональных услуг",0.020242675832366875,0.01397361474410182,0.017108145288234348,24228.4,22385.0
уральский федеральный округ,"производство и распределение электроэнергии, газа и воды",0.0744652150966027,0.09536391231748702,0.08491456370704487,89127.2,152768.0
уральский федеральный округ,"рыболов-ство, рыбоводство",7.828576073916463e-05,3.4333205759463936e-05,5.630948324931428e-05,93.7,55.0
уральский федеральный округ,"сельское хозяйство, охота и лесное хозяйство",0.011189098879093282,0.010625627790470315,0.0109073633347818,13392.2,17021.7
уральский федеральный округ,строи-тельство,0.022505276351659637,0.019610065921627777,0.021057671136643707,26936.5,31414.3
уральский федеральный округ,транспорт и связь,0.16198284714701036,0.17861975144382056,0.17030129929541546,193876.8,286139.5
уральский федеральный округ,финансовая деятельность,0.008721635301815,0.018320635561323257,0.013521135431569128,10438.9,29348.7
хабаровский край,гостиницы и рестораны,0.0006628574747526082,0.00032892163486498207,0.0004958895548087952,91.3,55.5
хабаровский край,государственное управление и обеспечение военной безопасности; социальное страхование,0.019347016415342283,0.03456521893735198,0.026956117676347133,2664.8,5832.3
хабаровский край,добыча полезных ископаемых,0.042128839745311716,0.04656700637456054,0.04434792305993613,5802.7,7857.4
хабаровский край,здравоохранение и предоставление социальных услуг,0.014540755207387993,0.015961292739069724,0.015251023973228858,2002.8,2693.2
хабаровский край,из них связь,0.04122203910350886,0.04633883551073528,0.04378043730712207,5677.8,7818.9
хабаровский край,обрабатывающие производства,0.09099951356570857,0.12174308316324231,0.10637129836447544,12534.0,20542.1
хабаровский край,образование,0.005079245228224806,0.007178196110783177,0.006128720669503991,699.6,1211.2
хабаровский край,"операции с недвижимым имуществом, аренда и предоставление услуг",0.061208680311027545,0.05868910208542242,0.05994889119822498,8430.7,9902.8
хабаровский край,"оптовая и розничная торговля; ремонт автотранспортных средств, мотоциклов, бытовых изделий и предметов личного пользования",0.007595635159760994,0.004981236650522837,0.006288435905141916,1046.2,840.5
хабаровский край,"предоставление прочих коммунальных, социальных и персональных услуг",0.010247065058771427,0.005445875500494271,0.00784647027963285,1411.4,918.9
хабаровский край,"производство и распределение электроэнергии, газа и воды",0.056683389357979334,0.040621525580028114,0.04865245746900372,7807.4,6854.2
хабаровский край,"рыболов-ство, рыбоводство",0.0014121114878355126,0.0012469389545151754,0.001329525221175344,194.5,210.4
хабаровский край,"сельское хозяйство, охота и лесное хозяйство",0.00951596157895119,0.01303952037891772,0.011277740978934456,1310.7,2200.2
хабаровский край,строи-тельство,0.022261992057326645,0.018096616433517527,0.020179304245422088,3066.3,3053.5
хабаровский край,транспорт и связь,0.644595134205043,0.6170718032965652,0.6308334687508041,88784.6,104120.5
хабаровский край,финансовая деятельность,0.01372107712524594,0.014462476856955241,0.01409177699110059,1889.9,2440.3
ханты-мансийский автономный округ,гостиницы и рестораны,0.0003434845725726575,0.00018539371566481146,0.00026443914411873446,155.5,112.3
ханты-мансийский автономный округ,государственное управление и обеспечение военной безопасности; социальное страхование,0.004336520340029847,0.004697576294961897,0.0045170483174958725,1963.2,2845.5
ханты-мансийский автономный округ,добыча полезных ископаемых,0.7756036271970863,0.7583753633378397,0.766989495267463,351126.0,459376.7
ханты-мансийский автономный округ,здравоохранение и предоставление социальных услуг,0.01283991719260671,0.00787882019599566,0.010359368694301185,5812.8,4772.5
ханты-мансийский автономный округ,из них связь,0.0038790563208671624,0.0055999467756599015,0.004739501548263532,1756.1,3392.1
ханты-мансийский автономный округ,обрабатывающие производства,0.008856379712365357,0.005920217308509175,0.007388298510437266,4009.4,3586.1
ханты-мансийский автономный округ,образование,0.012713126102795323,0.009763133526893395,0.011238129814844358,5755.4,5913.9
ханты-мансийский автономный округ,"операции с недвижимым имуществом, аренда и предоставление услуг",0.03326808230906454,0.03295748870922555,0.03311278550914505,15060.9,19963.6
ханты-мансийский автономный округ,"оптовая и розничная торговля; ремонт автотранспортных средств, мотоциклов, бытовых изделий и предметов личного пользования",0.002224587222108832,0.0011539644456785682,0.0016892758338937,1007.1,699.0
ханты-мансийский автономный округ,"предоставление прочих коммунальных, социальных и персональных услуг",0.009701285493773982,0.010521052092002168,0.010111168792888075,4391.9,6373.0
ханты-мансийский автономный округ,"производство и распределение электроэнергии, газа и воды",0.05147762424422349,0.08701915465418295,0.06924838944920322,23304.6,52710.8
ханты-мансийский автономный округ,"рыболов-ство, рыбоводство",4.0643833667761394e-05,,,18.4,
ханты-мансийский автономный округ,"сельское хозяйство, охота и лесное хозяйство",0.00029179621888648265,0.0008333637370222336,0.0005625799779543581,132.1,504.8
ханты-мансийский автономный округ,строи-тельство,0.02590956040159642,0.02476087429893358,0.025335217350265,11729.6,14998.6
ханты-мансийский автономный округ,транспорт и связь,0.059231981749151556,0.0497731774749442,0.05450257961204788,26815.1,30149.5
ханты-мансийский автономный округ,финансовая деятельность,0.0031613834100706582,0.00616042020814613,0.004660901809108394,1431.2,3731.6
центральный федеральный округ,гостиницы и рестораны,0.01015342212133418,0.014791956935931997,0.012472689528633087,14943.1,26175.1
центральный федеральный округ,государственное управление и обеспечение военной безопасности; социальное страхование,0.021437689946473895,0.020272899966912485,0.02085529495669319,31550.5,35873.9
центральный федеральный округ,добыча полезных ископаемых,0.004856392176175746,0.005754515485438525,0.005305453830807136,7147.3,10182.9
центральный федеральный округ,здравоохранение и предоставление социальных услуг,0.025524919509714555,0.02275500063716782,0.024139960073441186,37565.8,40266.1
центральный федеральный округ,из них связь,0.03754240586455237,0.049917563764110585,0.04372998481433148,55252.3,88331.6
центральный федеральный округ,обрабатывающие производства,0.17654558198974488,0.16147499688480035,0.16901028943727261,259827.5,285738.0
центральный федеральный округ,образование,0.020054488240509268,0.021740731186101325,0.020897609713305294,29514.8,38471.3
центральный федеральный округ,"операции с недвижимым имуществом, аренда и предоставление услуг",0.18188732121046083,0.1434189888443358,0.1626531550273983,267689.1,253787.0
центральный федеральный округ,"оптовая и розничная торговля; ремонт автотранспортных средств, мотоциклов, бытовых изделий и предметов личного пользования",0.06262152361601012,0.04989026868137907,0.0562558961486946,92162.0,88283.3
центральный федеральный округ,"предоставление прочих коммунальных, социальных и персональных услуг",0.03520379819564779,0.0293090416515616,0.032256419923604694,51810.5,51863.8
центральный федеральный округ,"производство и распределение электроэнергии, газа и воды",0.17765617941981765,0.17270254378303632,0.175179361601427,261462.0,305605.7
центральный федеральный округ,"рыболов-ство, рыбоводство",0.000112996238985075,4.102739143493866e-05,7.701181521000682e-05,166.3,72.6
центральный федеральный округ,"сельское хозяйство, охота и лесное хозяйство",0.04384451119580054,0.05644221876811019,0.05014336498195536,64527.3,99877.3
центральный федеральный округ,строи-тельство,0.01240838675344343,0.015882516990906443,0.014145451872174936,18261.8,28104.9
центральный федеральный округ,транспорт и связь,0.20026942434565462,0.25061497290694607,0.22544219862630033,294742.6,443475.6
центральный федеральный округ,финансовая деятельность,0.02741161016990612,0.03490679407385891,0.031159202121882515,40342.5,61769.3
челябинская область,гостиницы и рестораны,0.0004611378599705645,0.0001646100343595515,0.000312873947165058,50.1,22.1
челябинская область,государственное управление и обеспечение военной безопасности; социальное страхование,0.0164306825116458,0.01531916098042034,0.01587492174603307,1785.1,2056.7
челябинская область,добыча полезных ископаемых,0.031659277108877316,0.03394541948372036,0.03280234829629884,3439.6,4557.4
челябинская область,здравоохранение и предоставление социальных услуг,0.040683220380636625,0.013317771105650592,0.02700049574314361,4420.0,1788.0
челябинская область,из них связь,0.030270340919864178,0.043051855140190394,0.03666109803002729,3288.7,5780.0
челябинская область,обрабатывающие производства,0.5223274483797125,0.47187291211537297,0.4971001802475427,56747.9,63352.1
челябинская область,образование,0.012945916168634709,0.013325219523494915,0.013135567846064813,1406.5,1789.0
челябинская область,"операции с недвижимым имуществом, аренда и предоставление услуг",0.04693665475317158,0.08567170204541001,0.0663041783992908,5099.4,11502.0
челябинская область,"оптовая и розничная торговля; ремонт автотранспортных средств, мотоциклов, бытовых изделий и предметов личного пользования",0.009179496761449978,0.019382272914498865,0.014280884837974421,997.3,2602.2
челябинская область,"предоставление прочих коммунальных, социальных и персональных услуг",0.011163033863718575,0.008123244501019315,0.009643139182368945,1212.8,1090.6
челябинская область,"производство и распределение электроэнергии, газа и воды",0.1134270274648555,0.12370928229280176,0.11856815487882863,12323.2,16608.8
челябинская область,"рыболов-ство, рыбоводство",6.443043951684533e-06,8.938101413188316e-06,7.690572682436425e-06,0.7,1.2
челябинская область,"сельское хозяйство, охота и лесное хозяйство",0.04343900232225712,0.04352333998973608,0.043481171155996604,4719.4,5843.3
челябинская область,строи-тельство,0.022762353846451217,0.008281150959318976,0.015521752402885097,2473.0,1111.8
челябинская область,транспорт и связь,0.11483897452512465,0.1539915698806838,0.13441527220290422,12476.6,20674.4
челябинская область,финансовая деятельность,0.013740251444392388,0.009362661230314762,0.011551456337353574,1492.8,1257.0
чеченская республика,гостиницы и рестораны,0.00048672379722437646,,,15.0,
чеченская республика,государственное управление и обеспечение военной безопасности; социальное страхование,0.09774062813328444,0.12763628645928082,0.11268845729628263,3012.2,4209.7
чеченская республика,добыча полезных ископаемых,0.03652699856903204,0.04049481535382936,0.038510906961430696,1125.7,1335.6
чеченская республика,здравоохранение и предоставление социальных услуг,0.14036140864356567,0.14833242374628586,0.14434691619492576,4325.7,4892.3
чеченская республика,из них связь,0.056602732791880155,0.060254077981929534,0.058428405386904844,1744.4,1987.3
чеченская республика,обрабатывающие производства,0.027185146487638836,0.024792310957491966,0.0259887287225654,837.8,817.7
чеченская республика,образование,0.07320325910254621,0.09694075556364078,0.0850720073330935,2256.0,3197.3
чеченская республика,"операции с недвижимым имуществом, аренда и предоставление услуг",0.2721305198534637,0.242047177248196,0.25708884855082986,8386.6,7983.2
чеченская республика,"оптовая и розничная торговля; ремонт автотранспортных средств, мотоциклов, бытовых изделий и предметов личного пользования",0.0020280158217682353,0.0009853859681038142,0.0015067008949360247,62.5,32.5
чеченская республика,"предоставление прочих коммунальных, социальных и персональных услуг",0.07931975482099922,0.06290400824692256,0.07111188153396089,2444.5,2074.7
чеченская республика,"производство и распределение электроэнергии, газа и воды",0.04900335190455022,0.06975016675762537,0.0593767593310878,1510.2,2300.5
чеченская республика,"рыболов-ство, рыбоводство",0.0016710850371370258,,,51.5,
чеченская республика,"сельское хозяйство, охота и лесное хозяйство",0.012693756631611737,0.02533199927233036,0.019012877951971048,391.2,835.5
чеченская республика,строи-тельство,0.07375163458075235,0.042874901461403186,0.058313268021077766,2272.9,1414.1
чеченская республика,транспорт и связь,0.11699217672616595,0.11491722757867927,0.11595470215242261,3605.5,3790.2
чеченская республика,финансовая деятельность,0.01691202954088967,0.002986477472560791,0.00994925350672523,521.2,98.5
чувашская республика,гостиницы и рестораны,0.0003489805595068753,0.0010660203217137119,0.0007075004406102936,9.2,38.0
чувашская республика,государственное управление и обеспечение военной безопасности; социальное страхование,0.01060976766239924,0.010127193056280263,0.010368480359339752,279.7,361.0
чувашская республика,добыча полезных ископаемых,0.0035467045993361783,0.004942967912788317,0.004244836256062248,93.5,176.2
чувашская республика,здравоохранение и предоставление социальных услуг,0.05520720720720721,0.011428859975425426,0.03331803359131632,1455.4,407.4
чувашская республика,из них связь,0.030824087245139877,0.03563593722823495,0.033230012236687416,812.6,1270.3
чувашская республика,обрабатывающие производства,0.3421678520625889,0.40371031178289096,0.37293908192273995,9020.4,14390.9
чувашская республика,образование,0.017737316263632053,0.02251827663788412,0.020127796450758087,467.6,802.7
чувашская республика,"операции с недвижимым имуществом, аренда и предоставление услуг",0.14249027975343764,0.10312905017589336,0.1228096649646655,3756.4,3676.2
чувашская республика,"оптовая и розничная торговля; ремонт автотранспортных средств, мотоциклов, бытовых изделий и предметов личного пользования",0.01754765291607397,0.030653694882541396,0.024100673899307683,462.6,1092.7
чувашская республика,"предоставление прочих коммунальных, социальных и персональных услуг",0.06350308202939782,0.05959895193370476,0.061551016981551285,1674.1,2124.5
чувашская республика,"производство и распределение электроэнергии, газа и воды",0.06139402560455192,0.08408095021685097,0.07273748791070145,1618.5,2997.2
чувашская республика,"сельское хозяйство, охота и лесное хозяйство",0.03723850165955429,0.027680059248287356,0.032459280453920825,981.7,986.7
чувашская республика,строи-тельство,0.02267235656709341,0.015847233677265152,0.019259795122179284,597.7,564.9
чувашская республика,транспорт и связь,0.21251778093883358,0.2083480612456728,0.2104329210922532,5602.5,7426.9
чувашская республика,финансовая деятельность,0.013014698909435752,0.016871174249437536,0.014942936579436645,343.1,601.4
чукотский автономный округ,гостиницы и рестораны,2.14882781442723e-05,0.000708230730676197,0.00036485950441023465,0.1,6.5
чукотский автономный округ,государственное управление и обеспечение военной безопасности; социальное страхование,0.0007520897350495305,0.00013075028874022098,0.00044142001189487575,3.5,1.2
чукотский автономный округ,добыча полезных ископаемых,0.39093624427874596,0.36266861339318796,0.37680242883596693,1819.3,3328.5
чукотский автономный округ,здравоохранение и предоставление социальных услуг,0.026108257945290845,0.023535051973239775,0.02482165495926531,121.5,216.0
чукотский автономный округ,из них связь,0.018350989535208546,0.008978186493495174,0.01366458801435186,85.4,82.4
чукотский автономный округ,обрабатывающие производства,0.010765627350280423,0.014676719911089804,0.012721173630685114,50.1,134.7
чукотский автономный округ,образование,0.00513569847648108,0.02528928501383774,0.015212491745159411,23.9,232.1
чукотский автономный округ,"операции с недвижимым имуществом, аренда и предоставление услуг",0.08745729204718826,0.02762099849637168,0.05753914527177997,407.0,253.5
чукотский автономный округ,"оптовая и розничная торговля; ремонт автотранспортных средств, мотоциклов, бытовых изделий и предметов личного пользования",0.0003008358940198122,0.010198522521737237,0.0052496792078785244,1.4,93.6
чукотский автономный округ,"предоставление прочих коммунальных, социальных и персональных услуг",0.003352171390506479,0.021214234348100852,0.012283202869303666,15.6,194.7
чукотский автономный округ,"производство и распределение электроэнергии, газа и воды",0.2980424178610568,0.1256946109089324,0.2118685143849946,1387.0,1153.6
чукотский автономный округ,"рыболов-ство, рыбоводство",0.003932354900401831,0.00022881300529538673,0.002080583952848609,18.3,2.1
чукотский автономный округ,"сельское хозяйство, охота и лесное хозяйство",0.06375572125405592,0.032796530759005425,0.04827612600653067,296.7,301.0
чукотский автономный округ,строи-тельство,0.04837011410275695,0.03112946457756761,0.03974978934016228,225.1,285.7
чукотский автономный округ,транспорт и связь,0.061069686486021874,0.3240754865000327,0.19257258649302728,284.2,2974.3
чукотский автономный округ,финансовая деятельность,,2.179171479003683e-05,,,0.2
южный федеральный округ,гостиницы и рестораны,0.005156349852852037,0.016272175141206276,0.010714262497029156,3196.0,12537.2
южный федеральный округ,государственное управление и обеспечение военной безопасности; социальное страхование,0.01965253365381435,0.020671705504935568,0.020162119579374957,12181.0,15926.9
южный федеральный округ,добыча полезных ископаемых,0.03697906305767351,0.025475016113570368,0.031227039585621938,22920.3,19627.7
южный федеральный округ,здравоохранение и предоставление социальных услуг,0.04213605826094518,0.03622743353849852,0.03918174589972185,26116.7,27912.1
южный федеральный округ,из них связь,0.02907190704114415,0.039170966863542524,0.034121436952343334,18019.3,30180.0
южный федеральный округ,обрабатывающие производства,0.12439355211035232,0.14857996808695384,0.13648676009865307,77101.4,114476.2
южный федеральный округ,образование,0.012533350499654494,0.023526721270665667,0.01803003588516008,7768.4,18126.6
южный федеральный округ,"операции с недвижимым имуществом, аренда и предоставление услуг",0.08776378496730412,0.07181953943353435,0.07979166220041924,54397.6,55334.7
южный федеральный округ,"оптовая и розничная торговля; ремонт автотранспортных средств, мотоциклов, бытовых изделий и предметов личного пользования",0.03566367756486054,0.036679625879627024,0.03617165172224378,22105.0,28260.5
южный федеральный округ,"предоставление прочих коммунальных, социальных и персональных услуг",0.06621505044300886,0.08710361460544921,0.07665933252422905,41041.3,67110.6
южный федеральный округ,"производство и распределение электроэнергии, газа и воды",0.10902485454204885,0.12574269736625218,0.11738377595415052,67575.6,96880.8
южный федеральный округ,"рыболов-ство, рыбоводство",0.00025781749264260187,0.0004532306702700149,0.00035552408145630835,159.8,349.2
южный федеральный округ,"сельское хозяйство, охота и лесное хозяйство",0.04624952183567345,0.04088485890275087,0.04356719036921216,28666.3,31500.5
южный федеральный округ,строи-тельство,0.017456567513414817,0.02032866751480852,0.01889261751411167,10819.9,15662.6
южный федеральный округ,транспорт и связь,0.3897292158040509,0.33079920453604467,0.3602642101700478,241561.3,254870.4
южный федеральный округ,финансовая деятельность,0.0067874730384695,0.015435281853147551,0.011111377445808526,4207.0,11892.4
ямало-ненецкий автономный округ,гостиницы и рестораны,0.002226560092054164,0.0001919079256892747,0.0012092340088717193,812.7,88.8
ямало-ненецкий автономный округ,государственное управление и обеспечение военной безопасности; социальное страхование,0.0024610790337052484,0.005714663602479157,0.004087871318092203,898.3,2644.3
ямало-ненецкий автономный округ,добыча полезных ископаемых,0.601912589639797,0.5658275521430907,0.5838700708914438,219699.6,261820.8
ямало-ненецкий автономный округ,здравоохранение и предоставление социальных услуг,0.0024224491613071145,0.004224135490453336,0.0033232923258802254,884.2,1954.6
ямало-ненецкий автономный округ,из них связь,0.004466544749693495,0.004336297892967677,0.004401421321330586,1630.3,2006.5
ямало-ненецкий автономный округ,обрабатывающие производства,0.007447072280326847,0.0072546814836298,0.007350876881978323,2718.2,3356.9
ямало-ненецкий автономный округ,образование,0.007746248313367717,0.012643879617541336,0.010195063965454526,2827.4,5850.6
ямало-ненецкий автономный округ,"операции с недвижимым имуществом, аренда и предоставление услуг",0.02573215251950329,0.048115725665891326,0.03692393909269731,9392.3,22264.2
ямало-ненецкий автономный округ,"оптовая и розничная торговля; ремонт автотранспортных средств, мотоциклов, бытовых изделий и предметов личного пользования",0.0009057472209094459,0.0025362966395150086,0.0017210219302122272,330.6,1173.6
ямало-ненецкий автономный округ,"предоставление прочих коммунальных, социальных и персональных услуг",0.006008725967630358,0.006784204508150575,0.0063964652378904665,2193.2,3139.2
ямало-ненецкий автономный округ,"производство и распределение электроэнергии, газа и воды",0.01943904493804837,0.03354282561512649,0.02649093527658743,7095.3,15521.0
ямало-ненецкий автономный округ,"рыболов-ство, рыбоводство",0.0001821905329415552,0.00010351790135716506,0.0001428542171493601,66.5,47.9
ямало-ненецкий автономный округ,"сельское хозяйство, охота и лесное хозяйство",0.0006257491387045294,0.0006561176378295473,0.0006409333882670383,228.4,303.6
ямало-ненецкий автономный округ,строи-тельство,0.015026746392147999,0.01751332711937775,0.016270036755762874,5484.8,8103.8
ямало-ненецкий автономный округ,транспорт и связь,0.3013867028308025,0.2932940930610805,0.29734039794594147,110006.9,135713.6
ямало-ненецкий автономный округ,финансовая деятельность,0.006476941938753844,0.0015970715887879954,0.00403700676377092,2364.1,739.0
ярославская область,гостиницы и рестораны,0.004138367226021733,0.018760933823972974,0.011449650524997353,227.7,1150.7
ярославская область,государственное управление и обеспечение военной безопасности; социальное страхование,0.01649712749696938,0.009663340121203427,0.013080233809086402,907.7,592.7
ярославская область,добыча полезных ископаемых,0.00017811154508130431,0.000629331750765062,0.00040372164792318316,9.8,38.6
ярославская область,здравоохранение и предоставление социальных услуг,0.05596519191518983,0.030670955687544937,0.04331807380136739,3079.3,1881.2
ярославская область,из них связь,0.03434281383526863,0.04903407358616383,0.04168844371071623,1889.6,3007.5
ярославская область,обрабатывающие производства,0.26377047601219156,0.336413689432933,0.30009208272256227,14513.1,20633.9
ярославская область,образование,0.012645919700772603,0.012444790812408594,0.012545355256590599,695.8,763.3
ярославская область,"операции с недвижимым имуществом, аренда и предоставление услуг",0.06837484119901785,0.06383804326737307,0.06610644223319545,3762.1,3915.5
ярославская область,"оптовая и розничная торговля; ремонт автотранспортных средств, мотоциклов, бытовых изделий и предметов личного пользования",0.02771088497810864,0.041958167372898626,0.03483452617550363,1524.7,2573.5
ярославская область,"предоставление прочих коммунальных, социальных и персональных услуг",0.038859213728401704,0.022024980883640473,0.030442097306021088,2138.1,1350.9
ярославская область,"производство и распределение электроэнергии, газа и воды",0.08565893093088728,0.09167700607647522,0.08866796850368125,4713.1,5623.0
ярославская область,"рыболов-ство, рыбоводство",1.817464745727595e-06,3.097746959724398e-05,1.6397467171485788e-05,0.1,1.9
ярославская область,"сельское хозяйство, охота и лесное хозяйство",0.03642562843387245,0.05642138488853817,0.046423506661205316,2004.2,3460.6
ярославская область,строи-тельство,0.007066302931388889,0.019589173537415076,0.013327738234401983,388.8,1201.5
ярославская область,транспорт и связь,0.368016618897635,0.27475711218246057,0.3213868655400478,20248.9,16852.2
ярославская область,финансовая деятельность,0.014694202469207605,0.02111848229963691,0.017906342384422257,808.5,1295.3
